DGP,Intercept,Seed,BaseRate,p_null,Metric,USFG_by_aleatoric,USFG_by_epistemic
logistic,0.0,0,0.5092855270894839,0.5128769472803006,Comp_prob,0.03469698982421245,-0.00969345405589909
logistic,0.0,0,0.5092855270894839,0.5128769472803006,NRC,-0.10583682152127974,0.046452361301869874
logistic,0.0,0,0.5092855270894839,0.5128769472803006,decileZ(Comp),-0.02116090299415789,-0.007936129022647172
logistic,0.0,0,0.5092855270894839,0.5128769472803006,decileZ(NRC),0.02993995881683468,0.0031403236652118166
logistic,0.0,0,0.5092855270894839,0.5128769472803006,logit-frac,-0.14755364359752435,0.038397279124036364
logistic,0.0,1,0.5043283408742163,0.5115992586500506,Comp_prob,0.10288768622928046,-0.06045104468970958
logistic,0.0,1,0.5043283408742163,0.5115992586500506,NRC,-0.11246764052851031,0.007758801672276093
logistic,0.0,1,0.5043283408742163,0.5115992586500506,decileZ(Comp),-0.0031429033422893625,-0.0754555670751079
logistic,0.0,1,0.5043283408742163,0.5115992586500506,decileZ(NRC),0.002326135511145834,-0.03670877571010867
logistic,0.0,1,0.5043283408742163,0.5115992586500506,logit-frac,-0.09599558123256248,0.023301686980763025
logistic,0.0,2,0.48983640880774953,0.48813245861359245,Comp_prob,-0.02308452426689176,-0.08943668525763647
logistic,0.0,2,0.48983640880774953,0.48813245861359245,NRC,-0.033077872041273576,0.012528536419355314
logistic,0.0,2,0.48983640880774953,0.48813245861359245,decileZ(Comp),-0.0026368296569236078,-0.07774371152753035
logistic,0.0,2,0.48983640880774953,0.48813245861359245,decileZ(NRC),-0.02782788492691727,0.03430532257021663
logistic,0.0,2,0.48983640880774953,0.48813245861359245,logit-frac,-0.004918540413723974,0.04271816443861207
logistic,0.0,3,0.5042357380669827,0.5064666354113262,Comp_prob,0.09450486362604285,-0.015707842712914692
logistic,0.0,3,0.5042357380669827,0.5064666354113262,NRC,-0.13036196415992715,-0.025435971220724107
logistic,0.0,3,0.5042357380669827,0.5064666354113262,decileZ(Comp),0.03067258815771655,-0.01886730266949836
logistic,0.0,3,0.5042357380669827,0.5064666354113262,decileZ(NRC),-0.027379224490899145,-0.11031029822266974
logistic,0.0,3,0.5042357380669827,0.5064666354113262,logit-frac,-0.06222019188006147,-0.11367353233604287
logistic,0.0,4,0.4948231964071814,0.48750742138144854,Comp_prob,-0.05674382261058582,-0.06509934875243431
logistic,0.0,4,0.4948231964071814,0.48750742138144854,NRC,0.0657147419108409,0.0678635844185919
logistic,0.0,4,0.4948231964071814,0.48750742138144854,decileZ(Comp),-0.004105409312887666,-0.0555622508857211
logistic,0.0,4,0.4948231964071814,0.48750742138144854,decileZ(NRC),-0.021938789724240338,0.08734984498264536
logistic,0.0,4,0.4948231964071814,0.48750742138144854,logit-frac,0.11438728073503061,0.0461199924524356
logistic,0.0,5,0.49559647638677296,0.5011670468976978,Comp_prob,0.04773466140141844,-0.05138794932551868
logistic,0.0,5,0.49559647638677296,0.5011670468976978,NRC,0.0049735676882654845,-0.052443424667750656
logistic,0.0,5,0.49559647638677296,0.5011670468976978,decileZ(Comp),-0.010572987543601182,-0.048988691732169756
logistic,0.0,5,0.49559647638677296,0.5011670468976978,decileZ(NRC),0.014054163463623454,0.10971633867008593
logistic,0.0,5,0.49559647638677296,0.5011670468976978,logit-frac,-0.08856225849644848,-0.065931268910513
logistic,0.0,6,0.4894767710529965,0.4806793420588457,Comp_prob,-0.02519213587261086,-0.05567428422199429
logistic,0.0,6,0.4894767710529965,0.4806793420588457,NRC,-0.10508781306239243,-0.02626590737670908
logistic,0.0,6,0.4894767710529965,0.4806793420588457,decileZ(Comp),0.0009661389684615003,-0.026007044296854204
logistic,0.0,6,0.4894767710529965,0.4806793420588457,decileZ(NRC),0.019471939054871535,-0.08598381890110848
logistic,0.0,6,0.4894767710529965,0.4806793420588457,logit-frac,0.006568394277120506,-0.030345546523920824
logistic,0.0,7,0.509749242781902,0.5150843605686859,Comp_prob,0.07852978684797567,0.07562822306149185
logistic,0.0,7,0.509749242781902,0.5150843605686859,NRC,0.03349402475823508,-0.0014296768467476106
logistic,0.0,7,0.509749242781902,0.5150843605686859,decileZ(Comp),0.021827286321590946,0.07558131611215131
logistic,0.0,7,0.509749242781902,0.5150843605686859,decileZ(NRC),-0.019741880879108817,0.04180414644259459
logistic,0.0,7,0.509749242781902,0.5150843605686859,logit-frac,0.03913051687910837,-0.009325059099750331
logistic,0.0,8,0.49314374044054893,0.4892851518556762,Comp_prob,-0.06885159824257993,0.014686692643728572
logistic,0.0,8,0.49314374044054893,0.4892851518556762,NRC,0.06346557296530225,-0.0075851215174095555
logistic,0.0,8,0.49314374044054893,0.4892851518556762,decileZ(Comp),0.007912515053746922,0.030377825676921523
logistic,0.0,8,0.49314374044054893,0.4892851518556762,decileZ(NRC),0.012079312309197732,-0.06284795145919488
logistic,0.0,8,0.49314374044054893,0.4892851518556762,logit-frac,0.013896231657399824,0.0040463415819674085
logistic,0.0,9,0.5069472280722171,0.5074329214890774,Comp_prob,0.03035494772272421,-0.008966846025193913
logistic,0.0,9,0.5069472280722171,0.5074329214890774,NRC,-0.10819214819799915,-0.013203573709901275
logistic,0.0,9,0.5069472280722171,0.5074329214890774,decileZ(Comp),0.0490625540457276,-0.03664830502989033
logistic,0.0,9,0.5069472280722171,0.5074329214890774,decileZ(NRC),-0.017249864943926288,0.02030851242965962
logistic,0.0,9,0.5069472280722171,0.5074329214890774,logit-frac,-0.0869012083052191,-0.043035526704270514
logistic,0.0,10,0.5070075890285016,0.5080919378998399,Comp_prob,-0.03931223368307852,0.059464475572161446
logistic,0.0,10,0.5070075890285016,0.5080919378998399,NRC,-0.12054877333058363,-0.01175377745671437
logistic,0.0,10,0.5070075890285016,0.5080919378998399,decileZ(Comp),0.029779796259563285,0.04235741682951735
logistic,0.0,10,0.5070075890285016,0.5080919378998399,decileZ(NRC),-0.0038349986591085343,-0.07864895008853326
logistic,0.0,10,0.5070075890285016,0.5080919378998399,logit-frac,-0.15160043013411717,-0.027071383036563795
logistic,0.0,11,0.5020567390936761,0.5003585629808587,Comp_prob,-0.039276773848280884,-0.12871306950035225
logistic,0.0,11,0.5020567390936761,0.5003585629808587,NRC,0.06682589992710332,0.05380090231812912
logistic,0.0,11,0.5020567390936761,0.5003585629808587,decileZ(Comp),0.018517232382279657,-0.11535082548432406
logistic,0.0,11,0.5020567390936761,0.5003585629808587,decileZ(NRC),0.010113088090424093,0.03758663291655779
logistic,0.0,11,0.5020567390936761,0.5003585629808587,logit-frac,-0.019909896050270423,0.1397225105476235
logistic,0.0,12,0.4915424193341369,0.48537843639150596,Comp_prob,-0.09220072525938079,-0.03562367905891615
logistic,0.0,12,0.4915424193341369,0.48537843639150596,NRC,0.020368152986635368,-0.0301559813439407
logistic,0.0,12,0.4915424193341369,0.48537843639150596,decileZ(Comp),-0.00875909593785345,0.00861277542533413
logistic,0.0,12,0.4915424193341369,0.48537843639150596,decileZ(NRC),-0.023444168990792397,0.04287404590498454
logistic,0.0,12,0.4915424193341369,0.48537843639150596,logit-frac,0.10978525153574449,-0.012312184206146163
logistic,0.0,13,0.4920456764389259,0.4819266638882553,Comp_prob,-0.07583540357783483,-0.00873239380237788
logistic,0.0,13,0.4920456764389259,0.4819266638882553,NRC,0.04925760284896576,-0.005484960721866994
logistic,0.0,13,0.4920456764389259,0.4819266638882553,decileZ(Comp),0.012566005740228429,-0.023898019055895066
logistic,0.0,13,0.4920456764389259,0.4819266638882553,decileZ(NRC),-0.03269541897695195,-0.09728744589813904
logistic,0.0,13,0.4920456764389259,0.4819266638882553,logit-frac,0.13201166433407194,-0.024620539806785774
logistic,0.0,14,0.5039182073126585,0.5084025391881111,Comp_prob,0.028948949022314357,-0.009776303680157514
logistic,0.0,14,0.5039182073126585,0.5084025391881111,NRC,-0.10077231885277367,-0.0074075632293514404
logistic,0.0,14,0.5039182073126585,0.5084025391881111,decileZ(Comp),0.016384754233411906,0.03263215024653299
logistic,0.0,14,0.5039182073126585,0.5084025391881111,decileZ(NRC),-0.01240840508588168,-0.034803653138480564
logistic,0.0,14,0.5039182073126585,0.5084025391881111,logit-frac,-0.09700612993359212,0.013988765582123615
logistic,0.0,15,0.5047000538619434,0.5105643730768804,Comp_prob,-0.016001529905248234,0.0049181900388539125
logistic,0.0,15,0.5047000538619434,0.5105643730768804,NRC,-0.1012382354134232,-0.013944419980773436
logistic,0.0,15,0.5047000538619434,0.5105643730768804,decileZ(Comp),-0.003210811287304911,0.02153240672635453
logistic,0.0,15,0.5047000538619434,0.5105643730768804,decileZ(NRC),0.006996233857087196,0.00465306767593297
logistic,0.0,15,0.5047000538619434,0.5105643730768804,logit-frac,-0.10596614279745786,0.03775340439519435
logistic,-0.382,0,0.4498656665145387,0.4181236371856838,Comp_prob,-0.36986747307407847,-0.019978636721776345
logistic,-0.382,0,0.4498656665145387,0.4181236371856838,NRC,-0.09649689895186352,0.0465340204239112
logistic,-0.382,0,0.4498656665145387,0.4181236371856838,decileZ(Comp),-0.005007525283615661,-0.03766135227084824
logistic,-0.382,0,0.4498656665145387,0.4181236371856838,decileZ(NRC),-0.013009669058555866,-0.019408522658064878
logistic,-0.382,0,0.4498656665145387,0.4181236371856838,logit-frac,-0.1239695130030599,0.03839727912403624
logistic,-0.382,1,0.4577460469313788,0.4168799871026782,Comp_prob,-0.19296351863022146,-0.04757154191128751
logistic,-0.382,1,0.4577460469313788,0.4168799871026782,NRC,-0.11859604621844623,0.009463627064309416
logistic,-0.382,1,0.4577460469313788,0.4168799871026782,decileZ(Comp),-0.00099037162821428,-0.0573470902378778
logistic,-0.382,1,0.4577460469313788,0.4168799871026782,decileZ(NRC),0.011977382037836557,-0.02071007624971956
logistic,-0.382,1,0.4577460469313788,0.4168799871026782,logit-frac,-0.10394164745869254,0.02330168698076293
logistic,-0.382,2,0.44013217131966337,0.39425072865982047,Comp_prob,-0.31847608012157097,-0.08586533835709859
logistic,-0.382,2,0.44013217131966337,0.39425072865982047,NRC,0.0029872890918182875,0.01369777489812888
logistic,-0.382,2,0.44013217131966337,0.39425072865982047,decileZ(Comp),0.011303161512222475,-0.07267108026598941
logistic,-0.382,2,0.44013217131966337,0.39425072865982047,decileZ(NRC),-0.009663974794271115,0.03552612721264482
logistic,-0.382,2,0.44013217131966337,0.39425072865982047,logit-frac,0.008209105918917568,0.042718164438611914
logistic,-0.382,3,0.4558377259905119,0.4118962172206125,Comp_prob,-0.1975974490561441,-0.00956772165638535
logistic,-0.382,3,0.4558377259905119,0.4118962172206125,NRC,-0.11374601627789577,-0.022703593439456632
logistic,-0.382,3,0.4558377259905119,0.4118962172206125,decileZ(Comp),0.011742436425166489,-0.014871294440111694
logistic,-0.382,3,0.4558377259905119,0.4118962172206125,decileZ(NRC),0.017849820886690543,-0.0832280309880538
logistic,-0.382,3,0.4558377259905119,0.4118962172206125,logit-frac,-0.040588943599210524,-0.11367353233604274
logistic,-0.382,4,0.44732314784687616,0.3936534540782653,Comp_prob,-0.31755933272664044,-0.06658511694782819
logistic,-0.382,4,0.44732314784687616,0.3936534540782653,NRC,0.052669444595255466,0.035602638458762985
logistic,-0.382,4,0.44732314784687616,0.3936534540782653,decileZ(Comp),0.007419917477122003,-0.05235247613154877
logistic,-0.382,4,0.44732314784687616,0.3936534540782653,decileZ(NRC),0.014638798473843764,0.07370094718158712
logistic,-0.382,4,0.44732314784687616,0.3936534540782653,logit-frac,0.1067299453021088,0.04611999245243555
logistic,-0.382,5,0.4511219303880035,0.40677059435986807,Comp_prob,-0.1659085501092196,-0.05482903421017057
logistic,-0.382,5,0.4511219303880035,0.40677059435986807,NRC,0.006920685728489356,-0.04524124555035967
logistic,-0.382,5,0.4511219303880035,0.40677059435986807,decileZ(Comp),0.0198743422410555,-0.0693094075103774
logistic,-0.382,5,0.4511219303880035,0.40677059435986807,decileZ(NRC),-0.02848476405600641,0.0982645050776419
logistic,-0.382,5,0.4511219303880035,0.40677059435986807,logit-frac,-0.0851203747636932,-0.06593126891051304
logistic,-0.382,6,0.4395005276371435,0.3871468827725147,Comp_prob,-0.3372356428203347,-0.06567843646158972
logistic,-0.382,6,0.4395005276371435,0.3871468827725147,NRC,-0.0810342392668112,-0.026684763455580254
logistic,-0.382,6,0.4395005276371435,0.3871468827725147,decileZ(Comp),-0.013118103246977424,-0.054752950702959144
logistic,-0.382,6,0.4395005276371435,0.3871468827725147,decileZ(NRC),0.008928854930542011,-0.08206108096541936
logistic,-0.382,6,0.4395005276371435,0.3871468827725147,logit-frac,0.013678013151079173,-0.030345546523921067
logistic,-0.382,7,0.46110057060688003,0.4202750857476315,Comp_prob,-0.2841473292754592,0.0826937441219154
logistic,-0.382,7,0.46110057060688003,0.4202750857476315,NRC,0.03810361351345324,-0.0016670937772572318
logistic,-0.382,7,0.46110057060688003,0.4202750857476315,decileZ(Comp),-0.009231068035409642,0.08888437456561346
logistic,-0.382,7,0.46110057060688003,0.4202750857476315,decileZ(NRC),-0.006695233547556948,0.0001237875032213745
logistic,-0.382,7,0.46110057060688003,0.4202750857476315,logit-frac,0.03342350233926071,-0.009325059099749804
logistic,-0.382,8,0.4364149013017096,0.3953529581148747,Comp_prob,-0.4563999058674632,0.01370664200967505
logistic,-0.382,8,0.4364149013017096,0.3953529581148747,NRC,0.054972281916514674,0.009254210973398106
logistic,-0.382,8,0.4364149013017096,0.3953529581148747,decileZ(Comp),-0.014735213808818235,0.035072055073255136
logistic,-0.382,8,0.4364149013017096,0.3953529581148747,decileZ(NRC),-0.015484435020287977,-0.0660650471820451
logistic,-0.382,8,0.4364149013017096,0.3953529581148747,logit-frac,-0.03490316891271061,0.004046341581967766
logistic,-0.382,9,0.4512045010816073,0.4128330000952166,Comp_prob,-0.4111862597724303,-0.012582874870416186
logistic,-0.382,9,0.4512045010816073,0.4128330000952166,NRC,-0.07186865457632943,-0.014013073550095678
logistic,-0.382,9,0.4512045010816073,0.4128330000952166,decileZ(Comp),-0.027690311646670816,-0.031489564954608834
logistic,-0.382,9,0.4512045010816073,0.4128330000952166,decileZ(NRC),-0.015573966702778766,0.032385211157219304
logistic,-0.382,9,0.4512045010816073,0.4128330000952166,logit-frac,-0.06503771771718915,-0.043035526704270376
logistic,-0.382,10,0.4574749901655287,0.41347228815151427,Comp_prob,-0.34120737601145723,0.053183183452994366
logistic,-0.382,10,0.4574749901655287,0.41347228815151427,NRC,-0.10597161341071917,-0.023686883965878047
logistic,-0.382,10,0.4574749901655287,0.41347228815151427,decileZ(Comp),-0.0011397709022390899,0.030940872243978904
logistic,-0.382,10,0.4574749901655287,0.41347228815151427,decileZ(NRC),0.0018926696715900974,-0.12802310873702388
logistic,-0.382,10,0.4574749901655287,0.41347228815151427,logit-frac,-0.1351740115152513,-0.027071383036564076
logistic,-0.382,11,0.4491993770424599,0.4059904528182664,Comp_prob,-0.385188068969908,-0.12657243881933103
logistic,-0.382,11,0.4491993770424599,0.4059904528182664,NRC,0.04446780514768082,0.10919546609487031
logistic,-0.382,11,0.4491993770424599,0.4059904528182664,decileZ(Comp),-0.02298224130703959,-0.11323218799561396
logistic,-0.382,11,0.4491993770424599,0.4059904528182664,decileZ(NRC),0.013545409659149106,0.08729915066278338
logistic,-0.382,11,0.4491993770424599,0.4059904528182664,logit-frac,-0.019576879110300864,0.13972251054762352
logistic,-0.382,12,0.4294046060166819,0.3916211365080522,Comp_prob,-0.5923884874449806,-0.031136677608637087
logistic,-0.382,12,0.4294046060166819,0.3916211365080522,NRC,0.0538604007099495,-0.024532971413022766
logistic,-0.382,12,0.4294046060166819,0.3916211365080522,decileZ(Comp),-0.03321766693525715,-0.01088595162174497
logistic,-0.382,12,0.4294046060166819,0.3916211365080522,decileZ(NRC),0.01408304894095746,0.044052561058989935
logistic,-0.382,12,0.4294046060166819,0.3916211365080522,logit-frac,0.11122537564678416,-0.012312184206146269
logistic,-0.382,13,0.44580458321303923,0.3883329864461892,Comp_prob,-0.3428311615349192,-0.01724997951309074
logistic,-0.382,13,0.44580458321303923,0.3883329864461892,NRC,0.1324141403888874,-0.007859566840534885
logistic,-0.382,13,0.44580458321303923,0.3883329864461892,decileZ(Comp),0.010295832778377246,-0.042310374295795934
logistic,-0.382,13,0.44580458321303923,0.3883329864461892,decileZ(NRC),0.014172138227030994,-0.08789491482507888
logistic,-0.382,13,0.44580458321303923,0.3883329864461892,logit-frac,0.1676532508567249,-0.02462053980678579
logistic,-0.382,14,0.44468950884851055,0.4137737018752022,Comp_prob,-0.38958564310903376,-0.01625391363090966
logistic,-0.382,14,0.44468950884851055,0.4137737018752022,NRC,-0.07292391797899761,0.0007728292834051048
logistic,-0.382,14,0.44468950884851055,0.4137737018752022,decileZ(Comp),0.012399993085733706,0.016258413832328497
logistic,-0.382,14,0.44468950884851055,0.4137737018752022,decileZ(NRC),-0.019500275198980663,-0.0507014430499846
logistic,-0.382,14,0.44468950884851055,0.4137737018752022,logit-frac,-0.09852047970666968,0.013988765582123005
logistic,-0.382,15,0.4596465076517079,0.4158735543480792,Comp_prob,-0.270340527303895,0.009581214904240623
logistic,-0.382,15,0.4596465076517079,0.4158735543480792,NRC,-0.08808055619458482,-0.009380945002834297
logistic,-0.382,15,0.4596465076517079,0.4158735543480792,decileZ(Comp),-0.013043737333569502,0.04325675517146353
logistic,-0.382,15,0.4596465076517079,0.4158735543480792,decileZ(NRC),0.005350748875616967,-0.01920372850555871
logistic,-0.382,15,0.4596465076517079,0.4158735543480792,logit-frac,-0.11947178200792227,0.03775340439519389
logistic,-0.764,0,0.39142127205861327,0.3290509018794662,Comp_prob,-0.8094203625234988,-0.029913673558746377
logistic,-0.764,0,0.39142127205861327,0.3290509018794662,NRC,-0.019715889273870302,0.05717169879672115
logistic,-0.764,0,0.39142127205861327,0.3290509018794662,decileZ(Comp),-0.007901918851337363,-0.05029651947288602
logistic,-0.764,0,0.39142127205861327,0.3290509018794662,decileZ(NRC),-0.02950745366290802,-0.017850210486326682
logistic,-0.764,0,0.39142127205861327,0.3290509018794662,logit-frac,-0.037444250586655826,0.038397279124036385
logistic,-0.764,1,0.4119752934491935,0.32792287945504944,Comp_prob,-0.5034449303716225,-0.033109509081812795
logistic,-0.764,1,0.4119752934491935,0.32792287945504944,NRC,-0.1090120677541385,0.02872172772920858
logistic,-0.764,1,0.4119752934491935,0.32792287945504944,decileZ(Comp),0.012836294767657682,-0.012036074144472862
logistic,-0.764,1,0.4119752934491935,0.32792287945504944,decileZ(NRC),-0.02494521191644535,-0.030457709322676517
logistic,-0.764,1,0.4119752934491935,0.32792287945504944,logit-frac,-0.11102096658950544,0.023301686980763178
logistic,-0.764,2,0.39157402148155723,0.30757540172386894,Comp_prob,-0.6542448110266177,-0.08163165821252083
logistic,-0.764,2,0.39157402148155723,0.30757540172386894,NRC,0.011635904544135437,-0.004328327800164843
logistic,-0.764,2,0.39157402148155723,0.30757540172386894,decileZ(Comp),-0.009291688726635447,-0.0718071297847034
logistic,-0.764,2,0.39157402148155723,0.30757540172386894,decileZ(NRC),0.007605297357768458,0.02690109606242935
logistic,-0.764,2,0.39157402148155723,0.30757540172386894,logit-frac,-0.009549973700809556,0.04271816443861198
logistic,-0.764,3,0.4081764338835438,0.32341275541332837,Comp_prob,-0.5276256965218041,-0.0027536770305961467
logistic,-0.764,3,0.4081764338835438,0.32341275541332837,NRC,-0.05360477913072019,-0.019655913277732195
logistic,-0.764,3,0.4081764338835438,0.32341275541332837,decileZ(Comp),-0.03954814557316307,-0.0186725974465045
logistic,-0.764,3,0.4081764338835438,0.32341275541332837,decileZ(NRC),-0.01875689387969791,-0.07888061444493757
logistic,-0.764,3,0.4081764338835438,0.32341275541332837,logit-frac,-0.008267999003777499,-0.11367353233604272
logistic,-0.764,4,0.4004889481995501,0.3070428784634016,Comp_prob,-0.618475093939178,-0.06829227200678722
logistic,-0.764,4,0.4004889481995501,0.3070428784634016,NRC,0.0802790321899771,0.04182752871337961
logistic,-0.764,4,0.4004889481995501,0.3070428784634016,decileZ(Comp),-0.029585821484731004,-0.055223788380343614
logistic,-0.764,4,0.4004889481995501,0.3070428784634016,decileZ(NRC),0.0103112920507972,0.0396813922221806
logistic,-0.764,4,0.4004889481995501,0.3070428784634016,logit-frac,0.0400320857105541,0.04611999245243556
logistic,-0.764,5,0.40753888995595716,0.31879135638604333,Comp_prob,-0.4288953848344591,-0.058868214029915863
logistic,-0.764,5,0.40753888995595716,0.31879135638604333,NRC,0.04655974257712179,-0.0372283875549754
logistic,-0.764,5,0.40753888995595716,0.31879135638604333,decileZ(Comp),0.01163133469882545,-0.0758559061475856
logistic,-0.764,5,0.40753888995595716,0.31879135638604333,decileZ(NRC),-0.007855874023036247,0.07642843526812824
logistic,-0.764,5,0.40753888995595716,0.31879135638604333,logit-frac,-0.06486678907860874,-0.06593126891051307
logistic,-0.764,6,0.3905717406700751,0.30125661148471006,Comp_prob,-0.6248550182714302,-0.07462299202532924
logistic,-0.764,6,0.3905717406700751,0.30125661148471006,NRC,-0.013161600006042181,-0.026507725427384537
logistic,-0.764,6,0.3905717406700751,0.30125661148471006,decileZ(Comp),-0.02998537768999065,-0.08132847181084113
logistic,-0.764,6,0.3905717406700751,0.30125661148471006,decileZ(NRC),-0.006100868012320351,-0.06993629446339689
logistic,-0.764,6,0.3905717406700751,0.30125661148471006,logit-frac,0.024510011853917626,-0.030345546523920946
logistic,-0.764,7,0.41296418432437565,0.33100474820925463,Comp_prob,-0.5863005513594312,0.08856203794861404
logistic,-0.764,7,0.41296418432437565,0.33100474820925463,NRC,0.04389884499253991,-0.0017668583457597635
logistic,-0.764,7,0.41296418432437565,0.33100474820925463,decileZ(Comp),0.025363762612507893,0.09767439714379719
logistic,-0.764,7,0.41296418432437565,0.33100474820925463,decileZ(NRC),-0.023340305780783176,-0.007542349928606591
logistic,-0.764,7,0.41296418432437565,0.33100474820925463,logit-frac,-0.0002173756655553631,-0.009325059099749804
logistic,-0.764,8,0.3809568691222218,0.30855874344221246,Comp_prob,-0.8088420294740672,0.010594863492299135
logistic,-0.764,8,0.3809568691222218,0.30855874344221246,NRC,-0.024843431049034307,-0.02409949605573884
logistic,-0.764,8,0.3809568691222218,0.30855874344221246,decileZ(Comp),-0.04999672839036061,0.022867777018918907
logistic,-0.764,8,0.3809568691222218,0.30855874344221246,decileZ(NRC),-0.03457991535390334,-0.07336057467266971
logistic,-0.764,8,0.3809568691222218,0.30855874344221246,logit-frac,-0.050394066991670323,0.00404634158196751
logistic,-0.764,9,0.39630195716546907,0.3242592550007626,Comp_prob,-0.7396036616407111,-0.013843675248753778
logistic,-0.764,9,0.39630195716546907,0.3242592550007626,NRC,-0.02450838529266436,-0.01610030233178946
logistic,-0.764,9,0.39630195716546907,0.3242592550007626,decileZ(Comp),-0.00045453927548290245,-0.019982243736162524
logistic,-0.764,9,0.39630195716546907,0.3242592550007626,decileZ(NRC),0.0035607333055148044,0.04198672159089709
logistic,-0.764,9,0.39630195716546907,0.3242592550007626,logit-frac,-0.009598894265167985,-0.04303552670427049
logistic,-0.764,10,0.40837702690955563,0.3248372638586025,Comp_prob,-0.6264917567183484,0.04423465838477592
logistic,-0.764,10,0.40837702690955563,0.3248372638586025,NRC,-0.045677050215790896,-0.01355070895628483
logistic,-0.764,10,0.40837702690955563,0.3248372638586025,decileZ(Comp),-0.04778708893210528,0.022344008097202196
logistic,-0.764,10,0.40837702690955563,0.3248372638586025,decileZ(NRC),-0.011320132329796026,-0.12131240043358388
logistic,-0.764,10,0.40837702690955563,0.3248372638586025,logit-frac,-0.07434356323465222,-0.027071383036563524
logistic,-0.764,11,0.397235162720837,0.31808947397252696,Comp_prob,-0.6898916516970951,-0.12269406035662213
logistic,-0.764,11,0.397235162720837,0.31808947397252696,NRC,0.08226369116646139,0.1174629497052521
logistic,-0.764,11,0.397235162720837,0.31808947397252696,decileZ(Comp),-0.00705628059949799,-0.12075485896564041
logistic,-0.764,11,0.397235162720837,0.31808947397252696,decileZ(NRC),0.03717413582619929,0.09771697160488071
logistic,-0.764,11,0.397235162720837,0.31808947397252696,logit-frac,-0.007923842889277333,0.13972251054762366
logistic,-0.764,12,0.3689703756008852,0.3052326147757538,Comp_prob,-1.0376548398257632,-0.02757719024035127
logistic,-0.764,12,0.3689703756008852,0.3052326147757538,NRC,0.009966872719581544,-0.014702942163609378
logistic,-0.764,12,0.3689703756008852,0.3052326147757538,decileZ(Comp),-0.0008213238067157486,-0.010948776490969812
logistic,-0.764,12,0.3689703756008852,0.3052326147757538,decileZ(NRC),-0.018335805369694997,0.023610126232941665
logistic,-0.764,12,0.3689703756008852,0.3052326147757538,logit-frac,-0.006034730955182498,-0.012312184206146066
logistic,-0.764,13,0.40011954799614885,0.3023093761442099,Comp_prob,-0.6195842932222506,-0.025820731985940627
logistic,-0.764,13,0.40011954799614885,0.3023093761442099,NRC,0.12118452449313537,-0.011250701813328252
logistic,-0.764,13,0.40011954799614885,0.3023093761442099,decileZ(Comp),-0.01662640334457145,-0.060044208513407735
logistic,-0.764,13,0.40011954799614885,0.3023093761442099,decileZ(NRC),0.013259188198289884,-0.08669138011285427
logistic,-0.764,13,0.40011954799614885,0.3023093761442099,logit-frac,0.1353243839959187,-0.024620539806785628
logistic,-0.764,14,0.3867972916137813,0.3251098791626032,Comp_prob,-0.7964805358140344,-0.02462606312460577
logistic,-0.764,14,0.3867972916137813,0.3251098791626032,NRC,0.0038117342392809065,0.003592059124664919
logistic,-0.764,14,0.3867972916137813,0.3251098791626032,decileZ(Comp),-0.019773557656169075,-0.014215468830216666
logistic,-0.764,14,0.3867972916137813,0.3251098791626032,decileZ(NRC),-0.016423152680691153,-0.021050714574684187
logistic,-0.764,14,0.3867972916137813,0.3251098791626032,logit-frac,-0.03196656224061694,0.013988765582123303
logistic,-0.764,15,0.41521039956962297,0.3270107705841467,Comp_prob,-0.5235321178438266,0.013605551320875618
logistic,-0.764,15,0.41521039956962297,0.3270107705841467,NRC,-0.04870200573420766,0.00034064932772255216
logistic,-0.764,15,0.41521039956962297,0.3270107705841467,decileZ(Comp),-0.028558569512438473,0.053497891787787966
logistic,-0.764,15,0.41521039956962297,0.3270107705841467,decileZ(NRC),0.003622271075843042,0.01970447562900386
logistic,-0.764,15,0.41521039956962297,0.3270107705841467,logit-frac,-0.13939878809388942,0.037753404395193736
logistic,-1.145,0,0.33538896512754834,0.2509633844171527,Comp_prob,-1.2159294356159607,-0.03915447636679202
logistic,-1.145,0,0.33538896512754834,0.2509633844171527,NRC,-0.003738071089058166,0.030225886990905847
logistic,-1.145,0,0.33538896512754834,0.2509633844171527,decileZ(Comp),-0.05121696000383806,-0.05856842814290689
logistic,-1.145,0,0.33538896512754834,0.2509633844171527,decileZ(NRC),-0.014269305926450038,-0.03293896136075081
logistic,-1.145,0,0.33538896512754834,0.2509633844171527,logit-frac,-0.004749642307211117,0.038397279124036204
logistic,-1.145,1,0.3676518492986994,0.2500033092282754,Comp_prob,-0.8017555634104159,-0.017239726099000506
logistic,-1.145,1,0.3676518492986994,0.2500033092282754,NRC,-0.009883046244207255,0.022979569489959727
logistic,-1.145,1,0.3676518492986994,0.2500033092282754,decileZ(Comp),-0.03815814258885629,0.023494265143084832
logistic,-1.145,1,0.3676518492986994,0.2500033092282754,decileZ(NRC),0.010523037606405756,-0.019267633861618755
logistic,-1.145,1,0.3676518492986994,0.2500033092282754,logit-frac,-0.050197782720000084,0.023301686980763167
logistic,-1.145,2,0.3449555015080334,0.23281584702626593,Comp_prob,-0.9618802688381592,-0.07750742554235168
logistic,-1.145,2,0.3449555015080334,0.23281584702626593,NRC,0.0438058776981485,-0.004202209418224966
logistic,-1.145,2,0.3449555015080334,0.23281584702626593,decileZ(Comp),-0.03790719509266321,-0.06570688926099813
logistic,-1.145,2,0.3449555015080334,0.23281584702626593,decileZ(NRC),0.010666113307390571,0.029120263203826015
logistic,-1.145,2,0.3449555015080334,0.23281584702626593,logit-frac,0.016914073251694525,0.042718164438611796
logistic,-1.145,3,0.3620325633791514,0.2461723211657737,Comp_prob,-0.789728640992918,0.004153866414239774
logistic,-1.145,3,0.3620325633791514,0.2461723211657737,NRC,0.02219758813855059,-0.014121008876813217
logistic,-1.145,3,0.3620325633791514,0.2461723211657737,decileZ(Comp),-0.033868161785602834,-0.02255714095426616
logistic,-1.145,3,0.3620325633791514,0.2461723211657737,decileZ(NRC),-0.022695599108995004,-0.07735129266870819
logistic,-1.145,3,0.3620325633791514,0.2461723211657737,logit-frac,-0.0013270225105142545,-0.11367353233604276
logistic,-1.145,4,0.35513186439517036,0.23236932233310928,Comp_prob,-0.8244375780046683,-0.06998550362702856
logistic,-1.145,4,0.35513186439517036,0.23236932233310928,NRC,0.013767587966511776,0.04914947053742409
logistic,-1.145,4,0.35513186439517036,0.23236932233310928,decileZ(Comp),-0.0067264198957197865,-0.04771688710115651
logistic,-1.145,4,0.35513186439517036,0.23236932233310928,decileZ(NRC),-0.03176321074923674,0.05380476240964465
logistic,-1.145,4,0.35513186439517036,0.23236932233310928,logit-frac,-0.00613101937994871,0.04611999245243584
logistic,-1.145,5,0.3653560828104911,0.24225944660373577,Comp_prob,-0.7340469003476998,-0.06339819428280605
logistic,-1.145,5,0.3653560828104911,0.24225944660373577,NRC,0.04867470572299713,-0.028940275797248824
logistic,-1.145,5,0.3653560828104911,0.24225944660373577,decileZ(Comp),-0.0210754841132562,-0.07773358470796927
logistic,-1.145,5,0.3653560828104911,0.24225944660373577,decileZ(NRC),0.00209107099701795,0.041852632681998514
logistic,-1.145,5,0.3653560828104911,0.24225944660373577,logit-frac,-0.020613026538772297,-0.0659312689105128
logistic,-1.145,6,0.343561308255267,0.22752823257681928,Comp_prob,-0.8530187481803081,-0.08164071793778978
logistic,-1.145,6,0.343561308255267,0.22752823257681928,NRC,0.02430786624228111,-0.027802463807199397
logistic,-1.145,6,0.343561308255267,0.22752823257681928,decileZ(Comp),-0.0009389177334450708,-0.08141872256291796
logistic,-1.145,6,0.343561308255267,0.22752823257681928,decileZ(NRC),0.007629589624958678,-0.05652394717998781
logistic,-1.145,6,0.343561308255267,0.22752823257681928,logit-frac,0.010261335961246959,-0.030345546523921012
logistic,-1.145,7,0.36607558426938863,0.25262814346854057,Comp_prob,-0.9073731584816931,0.09341444018493199
logistic,-1.145,7,0.36607558426938863,0.25262814346854057,NRC,0.004154858821832217,-0.0049322725884418505
logistic,-1.145,7,0.36607558426938863,0.25262814346854057,decileZ(Comp),-0.041262504661837555,0.11313935618683368
logistic,-1.145,7,0.36607558426938863,0.25262814346854057,decileZ(NRC),-0.053950873066743246,-0.013257208136400243
logistic,-1.145,7,0.36607558426938863,0.25262814346854057,logit-frac,-0.03411252473771206,-0.009325059099749684
logistic,-1.145,8,0.3280042513344205,0.23364082523005236,Comp_prob,-1.0930719736527972,0.00573579874296296
logistic,-1.145,8,0.3280042513344205,0.23364082523005236,NRC,0.004502277261840417,-0.0363983632066401
logistic,-1.145,8,0.3280042513344205,0.23364082523005236,decileZ(Comp),-0.02494076014839925,-0.0036486330378989844
logistic,-1.145,8,0.3280042513344205,0.23364082523005236,decileZ(NRC),-0.017000752966340862,-0.11093032503660402
logistic,-1.145,8,0.3280042513344205,0.23364082523005236,logit-frac,-0.007883845262745715,0.004046341581967665
logistic,-1.145,9,0.34342058742068454,0.24689042441239215,Comp_prob,-1.0562496374308237,-0.012883326275792783
logistic,-1.145,9,0.34342058742068454,0.24689042441239215,NRC,0.0027760563592657463,-0.02859349142668829
logistic,-1.145,9,0.34342058742068454,0.24689042441239215,decileZ(Comp),-0.009324820185678269,0.0006635036129596329
logistic,-1.145,9,0.34342058742068454,0.24689042441239215,decileZ(NRC),-0.01978215684275511,0.03599658997188983
logistic,-1.145,9,0.34342058742068454,0.24689042441239215,logit-frac,-0.0036466437069018957,-0.04303552670427041
logistic,-1.145,10,0.3606458795810392,0.2473810080604845,Comp_prob,-0.830414816021813,0.03333691502018862
logistic,-1.145,10,0.3606458795810392,0.2473810080604845,NRC,0.03428071122537546,-0.005963813774261039
logistic,-1.145,10,0.3606458795810392,0.2473810080604845,decileZ(Comp),0.019870771221163205,0.012767622753482807
logistic,-1.145,10,0.3606458795810392,0.2473810080604845,decileZ(NRC),0.00423713467663788,-0.10592280169990842
logistic,-1.145,10,0.3606458795810392,0.2473810080604845,logit-frac,0.0009685792401151463,-0.0270713830365638
logistic,-1.145,11,0.3472265198308423,0.2416662870723171,Comp_prob,-0.9784248763074308,-0.11768839876539391
logistic,-1.145,11,0.3472265198308423,0.2416662870723171,NRC,0.014376925262219809,0.10604863299481179
logistic,-1.145,11,0.3472265198308423,0.2416662870723171,decileZ(Comp),-0.02988968869630433,-0.13119165498498722
logistic,-1.145,11,0.3472265198308423,0.2416662870723171,decileZ(NRC),-0.02266071842869553,0.05316181506466987
logistic,-1.145,11,0.3472265198308423,0.2416662870723171,logit-frac,-0.01854526697954908,0.13972251054762358
logistic,-1.145,12,0.3118271823405019,0.23085265012902512,Comp_prob,-1.4263522975222043,-0.024759118122390004
logistic,-1.145,12,0.3118271823405019,0.23085265012902512,NRC,-0.010937992219697826,-0.011119934797457254
logistic,-1.145,12,0.3118271823405019,0.23085265012902512,decileZ(Comp),-0.03549830184612117,-0.030505166303446588
logistic,-1.145,12,0.3118271823405019,0.23085265012902512,decileZ(NRC),-0.02195485326076104,-0.006616764011131511
logistic,-1.145,12,0.3118271823405019,0.23085265012902512,logit-frac,-0.01358292642433773,-0.01231218420614606
logistic,-1.145,13,0.3557190207140848,0.22840756902746212,Comp_prob,-0.8416764711927385,-0.0344933385536681
logistic,-1.145,13,0.3557190207140848,0.22840756902746212,NRC,0.040088509249504925,-0.04083772432749856
logistic,-1.145,13,0.3557190207140848,0.22840756902746212,decileZ(Comp),-0.020945227829945068,-0.05288293159212171
logistic,-1.145,13,0.3557190207140848,0.22840756902746212,decileZ(NRC),-0.019641540810499642,-0.08931915412369539
logistic,-1.145,13,0.3557190207140848,0.22840756902746212,logit-frac,-0.0030421998547308098,-0.024620539806785774
logistic,-1.145,14,0.33157827254069633,0.2476124591705221,Comp_prob,-1.1492387733812304,-0.03408764409364859
logistic,-1.145,14,0.33157827254069633,0.2476124591705221,NRC,-0.004974566432377053,-0.04415967606965572
logistic,-1.145,14,0.33157827254069633,0.2476124591705221,decileZ(Comp),-0.005853003000297292,-0.04231790323586987
logistic,-1.145,14,0.33157827254069633,0.2476124591705221,decileZ(NRC),-0.02014746679263147,-0.04318674222044605
logistic,-1.145,14,0.33157827254069633,0.2476124591705221,logit-frac,-0.02888464057940877,0.013988765582123615
logistic,-1.145,15,0.3720715035826449,0.24922756076192548,Comp_prob,-0.715842811109464,0.016712665701170554
logistic,-1.145,15,0.3720715035826449,0.24922756076192548,NRC,0.01699413106267007,0.005176502939653548
logistic,-1.145,15,0.3720715035826449,0.24922756076192548,decileZ(Comp),-0.00223034633220239,0.041160149986570964
logistic,-1.145,15,0.3720715035826449,0.24922756076192548,decileZ(NRC),-0.0026403160065215044,0.03672030717989258
logistic,-1.145,15,0.3720715035826449,0.24922756076192548,logit-frac,-0.042070379198955156,0.03775340439519417
logistic,-1.527,0,0.2826479850159084,0.1861109855423708,Comp_prob,-1.4818265001797406,-0.047639806998540236
logistic,-1.527,0,0.2826479850159084,0.1861109855423708,NRC,-0.012929847597428929,0.02878363579696443
logistic,-1.527,0,0.2826479850159084,0.1861109855423708,decileZ(Comp),-0.04839075249226404,-0.07184942598156746
logistic,-1.527,0,0.2826479850159084,0.1861109855423708,decileZ(NRC),0.017222049933162814,-0.045486508454883216
logistic,-1.527,0,0.2826479850159084,0.1861109855423708,logit-frac,-0.016404558646896574,0.038397279124036364
logistic,-1.527,1,0.32499248998783514,0.1853376193060357,Comp_prob,-1.0314212506262073,-0.0003700490922584782
logistic,-1.527,1,0.32499248998783514,0.1853376193060357,NRC,0.016890686549051386,0.027272588897580635
logistic,-1.527,1,0.32499248998783514,0.1853376193060357,decileZ(Comp),-0.05196126382682429,0.06740042123930957
logistic,-1.527,1,0.32499248998783514,0.1853376193060357,decileZ(NRC),0.006286688985112824,-0.004780026847419728
logistic,-1.527,1,0.32499248998783514,0.1853376193060357,logit-frac,-0.006553638963617652,0.023301686980763122
logistic,-1.527,2,0.30060326545870153,0.17157880023677957,Comp_prob,-1.2331765244829647,-0.0736421840822678
logistic,-1.527,2,0.30060326545870153,0.17157880023677957,NRC,0.03162566669947813,0.02953360550110674
logistic,-1.527,2,0.30060326545870153,0.17157880023677957,decileZ(Comp),-0.05137152827815995,-0.06781688799326849
logistic,-1.527,2,0.30060326545870153,0.17157880023677957,decileZ(NRC),-0.021381620077541838,0.032688008440174415
logistic,-1.527,2,0.30060326545870153,0.17157880023677957,logit-frac,0.0016201079454271953,0.042718164438611796
logistic,-1.527,3,0.31776220898633767,0.18225674833163333,Comp_prob,-1.0291902410604987,0.010621988946034031
logistic,-1.527,3,0.31776220898633767,0.18225674833163333,NRC,0.032524710939775395,-0.05414807036946447
logistic,-1.527,3,0.31776220898633767,0.18225674833163333,decileZ(Comp),-0.03150264659981107,-0.010684354560924054
logistic,-1.527,3,0.31776220898633767,0.18225674833163333,decileZ(NRC),0.008061074159317914,-0.08553288468027911
logistic,-1.527,3,0.31776220898633767,0.18225674833163333,logit-frac,0.0026408494589514418,-0.11367353233604272
logistic,-1.527,4,0.31166104655706145,0.17122351131255897,Comp_prob,-1.0018745724653721,-0.07127947213975402
logistic,-1.527,4,0.31166104655706145,0.17122351131255897,NRC,0.00592565490707196,0.03777190341995216
logistic,-1.527,4,0.31166104655706145,0.17122351131255897,decileZ(Comp),-0.0017092682138789735,-0.037488439322779094
logistic,-1.527,4,0.31166104655706145,0.17122351131255897,decileZ(NRC),-0.030553120680071655,0.042640865974162355
logistic,-1.527,4,0.31166104655706145,0.17122351131255897,logit-frac,-0.010599911428459343,0.04611999245243546
logistic,-1.527,5,0.3246837744802223,0.17911840603676188,Comp_prob,-0.9972262718878965,-0.06834381395606384
logistic,-1.527,5,0.3246837744802223,0.17911840603676188,NRC,0.027028442841520672,-0.052302922129989576
logistic,-1.527,5,0.3246837744802223,0.17911840603676188,decileZ(Comp),-0.018739861186048163,-0.06835480876781183
logistic,-1.527,5,0.3246837744802223,0.17911840603676188,decileZ(NRC),-0.021650164320192476,0.04475216371438148
logistic,-1.527,5,0.3246837744802223,0.17911840603676188,logit-frac,0.001838794661578964,-0.06593126891051293
logistic,-1.527,6,0.29886443083452285,0.16737854335332358,Comp_prob,-1.1245855984529218,-0.0862752576939411
logistic,-1.527,6,0.29886443083452285,0.16737854335332358,NRC,0.022862977776478145,-0.0450042171500346
logistic,-1.527,6,0.29886443083452285,0.16737854335332358,decileZ(Comp),-0.020761462375732846,-0.07391764410315355
logistic,-1.527,6,0.29886443083452285,0.16737854335332358,decileZ(NRC),0.02086716676997505,-0.08836325147605154
logistic,-1.527,6,0.29886443083452285,0.16737854335332358,logit-frac,0.020296912236748482,-0.030345546523921026
logistic,-1.527,7,0.32077045641155605,0.1874532085260784,Comp_prob,-1.1385025466942984,0.09736017165315633
logistic,-1.527,7,0.32077045641155605,0.1874532085260784,NRC,0.020316405889369234,-0.008717974007398285
logistic,-1.527,7,0.32077045641155605,0.1874532085260784,decileZ(Comp),-0.03711302904594579,0.13244367356847486
logistic,-1.527,7,0.32077045641155605,0.1874532085260784,decileZ(NRC),0.001649590019406187,0.034307473295436375
logistic,-1.527,7,0.32077045641155605,0.1874532085260784,logit-frac,-0.010203842679953879,-0.009325059099749978
logistic,-1.527,8,0.2782424741666743,0.1722355017215839,Comp_prob,-1.3574615378847097,-0.00023833100787518026
logistic,-1.527,8,0.2782424741666743,0.1722355017215839,NRC,-0.003762518329089054,-0.01600064007656547
logistic,-1.527,8,0.2782424741666743,0.1722355017215839,decileZ(Comp),-0.0356435353021794,-0.0003087626011412962
logistic,-1.527,8,0.2782424741666743,0.1722355017215839,decileZ(NRC),-0.03880540325588307,-0.06340920064144154
logistic,-1.527,8,0.2782424741666743,0.1722355017215839,logit-frac,-0.014012073795361353,0.00404634158196756
logistic,-1.527,9,0.2932400211356175,0.18283362583779378,Comp_prob,-1.3013634638060472,-0.010251129333633471
logistic,-1.527,9,0.2932400211356175,0.18283362583779378,NRC,0.007757592398548373,-0.030101231932510495
logistic,-1.527,9,0.2932400211356175,0.18283362583779378,decileZ(Comp),0.021480858540842262,-0.00521253402994752
logistic,-1.527,9,0.2932400211356175,0.18283362583779378,decileZ(NRC),-0.05035161750730163,0.04475703978130637
logistic,-1.527,9,0.2932400211356175,0.18283362583779378,logit-frac,-0.004076300154656782,-0.043035526704270424
logistic,-1.527,10,0.31479776681817084,0.18322789301080708,Comp_prob,-1.1109403037681636,0.021283401545237536
logistic,-1.527,10,0.31479776681817084,0.18322789301080708,NRC,0.03340616144123865,-0.016904601151035106
logistic,-1.527,10,0.31479776681817084,0.18322789301080708,decileZ(Comp),-0.026713872439910365,-0.013718438130229438
logistic,-1.527,10,0.31479776681817084,0.18322789301080708,decileZ(NRC),0.004664424716549446,-0.09498551986253487
logistic,-1.527,10,0.31479776681817084,0.18322789301080708,logit-frac,0.011502860689602589,-0.0270713830365638
logistic,-1.527,11,0.2997140842333183,0.17864339642466392,Comp_prob,-1.216931085462152,-0.1119122718125405
logistic,-1.527,11,0.2997140842333183,0.17864339642466392,NRC,0.009247864837312332,0.12413636017096132
logistic,-1.527,11,0.2997140842333183,0.17864339642466392,decileZ(Comp),-0.0033303298809245346,-0.12050052309112663
logistic,-1.527,11,0.2997140842333183,0.17864339642466392,decileZ(NRC),-0.037512290128291076,0.06482596921338246
logistic,-1.527,11,0.2997140842333183,0.17864339642466392,logit-frac,-0.0156866596260558,0.13972251054762364
logistic,-1.527,12,0.2588831408325564,0.17001754354669607,Comp_prob,-1.6689936527084601,-0.0222451466865155
logistic,-1.527,12,0.2588831408325564,0.17001754354669607,NRC,-0.002161001584207736,-0.014011841545706111
logistic,-1.527,12,0.2588831408325564,0.17001754354669607,decileZ(Comp),-0.042385145555126305,0.008423391929486587
logistic,-1.527,12,0.2588831408325564,0.17001754354669607,decileZ(NRC),0.01272472166089683,-0.003067534567201294
logistic,-1.527,12,0.2588831408325564,0.17001754354669607,logit-frac,0.0030627699813958187,-0.012312184206145863
logistic,-1.527,13,0.31297115513037455,0.1680759968614766,Comp_prob,-1.0406752906057473,-0.04315001296464541
logistic,-1.527,13,0.31297115513037455,0.1680759968614766,NRC,0.03171783977156344,-0.039314421485437866
logistic,-1.527,13,0.31297115513037455,0.1680759968614766,decileZ(Comp),-0.030342072787299244,-0.05576758413926877
logistic,-1.527,13,0.31297115513037455,0.1680759968614766,decileZ(NRC),-0.000588894833933486,-0.08150340541084333
logistic,-1.527,13,0.31297115513037455,0.1680759968614766,logit-frac,-0.007274273562992304,-0.024620539806785784
logistic,-1.527,14,0.27977774187607407,0.18341394951729947,Comp_prob,-1.4877937068620837,-0.043800350693989215
logistic,-1.527,14,0.27977774187607407,0.18341394951729947,NRC,0.0005137016015785095,-0.030233923012434025
logistic,-1.527,14,0.27977774187607407,0.18341394951729947,decileZ(Comp),-0.03396547266353794,-0.06035648937461459
logistic,-1.527,14,0.27977774187607407,0.18341394951729947,decileZ(NRC),-0.005229752854820892,-0.038003353950343176
logistic,-1.527,14,0.27977774187607407,0.18341394951729947,logit-frac,-0.008984837227623749,0.013988765582123528
logistic,-1.527,15,0.33051232522456053,0.18471310716271033,Comp_prob,-0.8927911300217732,0.01875767239470657
logistic,-1.527,15,0.33051232522456053,0.18471310716271033,NRC,0.02940249568289716,0.04167664097458737
logistic,-1.527,15,0.33051232522456053,0.18471310716271033,decileZ(Comp),-0.002688237608297882,0.017644614291805936
logistic,-1.527,15,0.33051232522456053,0.18471310716271033,decileZ(NRC),-0.01715380186384216,0.060233295735401676
logistic,-1.527,15,0.33051232522456053,0.18471310716271033,logit-frac,-0.019521883093045526,0.03775340439519376
logistic,-1.909,0,0.23431986923856957,0.1349969533560689,Comp_prob,-1.6866465045415004,-0.055346424363670425
logistic,-1.909,0,0.23431986923856957,0.1349969533560689,NRC,-0.019959571660191355,0.011243427981067398
logistic,-1.909,0,0.23431986923856957,0.1349969533560689,decileZ(Comp),-0.03811980565269054,-0.08978265577602233
logistic,-1.909,0,0.23431986923856957,0.1349969533560689,decileZ(NRC),0.021473641329928517,-0.09477439969813267
logistic,-1.909,0,0.23431986923856957,0.1349969533560689,logit-frac,-0.02283928104209235,0.03839727912403653
logistic,-1.909,1,0.2845080387698643,0.13440091213709188,Comp_prob,-1.162811074662165,0.016642686227811003
logistic,-1.909,1,0.2845080387698643,0.13440091213709188,NRC,0.021161154989657628,0.021231876059313357
logistic,-1.909,1,0.2845080387698643,0.13440091213709188,decileZ(Comp),0.034422063491977656,0.0828890743567186
logistic,-1.909,1,0.2845080387698643,0.13440091213709188,decileZ(NRC),0.0017111330643803276,-0.0520944367896299
logistic,-1.909,1,0.2845080387698643,0.13440091213709188,logit-frac,0.002547755740562765,0.023301686980762983
logistic,-1.909,2,0.2591074775696821,0.12384859701019324,Comp_prob,-1.3866239537825265,-0.06984277959570032
logistic,-1.909,2,0.2591074775696821,0.12384859701019324,NRC,0.04362521366387068,0.034117321768845514
logistic,-1.909,2,0.2591074775696821,0.12384859701019324,decileZ(Comp),-0.03443388142409018,-0.053185527370996286
logistic,-1.909,2,0.2591074775696821,0.12384859701019324,decileZ(NRC),0.0277268760655299,0.03390713722647063
logistic,-1.909,2,0.2591074775696821,0.12384859701019324,logit-frac,0.013555704056026777,0.04271816443861213
logistic,-1.909,3,0.2760096278893161,0.13202953775533216,Comp_prob,-1.2343244061583212,0.016110710932540635
logistic,-1.909,3,0.2760096278893161,0.13202953775533216,NRC,0.02979716044492485,-0.07607124707565563
logistic,-1.909,3,0.2760096278893161,0.13202953775533216,decileZ(Comp),-0.05118766633668593,-0.0290229661267736
logistic,-1.909,3,0.2760096278893161,0.13202953775533216,decileZ(NRC),-0.020534478863936983,-0.12090057930505928
logistic,-1.909,3,0.2760096278893161,0.13202953775533216,logit-frac,-0.007498200630364813,-0.1136735323360428
logistic,-1.909,4,0.2707557768995677,0.12357739976143231,Comp_prob,-1.2049668767430648,-0.07172054248577281
logistic,-1.909,4,0.2707557768995677,0.12357739976143231,NRC,0.001075822662981613,0.05077046290069285
logistic,-1.909,4,0.2707557768995677,0.12357739976143231,decileZ(Comp),-0.02009528623580628,-0.012223298023494485
logistic,-1.909,4,0.2707557768995677,0.12357739976143231,decileZ(NRC),-0.04270344205809623,0.05677172678736765
logistic,-1.909,4,0.2707557768995677,0.12357739976143231,logit-frac,-0.015014033999589152,0.0461199924524357
logistic,-1.909,5,0.28593189807841324,0.129618984744373,Comp_prob,-1.208060224389279,-0.07363838146617509
logistic,-1.909,5,0.28593189807841324,0.129618984744373,NRC,0.03909456072642876,-0.06573563774159609
logistic,-1.909,5,0.28593189807841324,0.129618984744373,decileZ(Comp),-0.03082428835279305,-0.056920520806436656
logistic,-1.909,5,0.28593189807841324,0.129618984744373,decileZ(NRC),-0.016999045862614824,0.05564326521638698
logistic,-1.909,5,0.28593189807841324,0.129618984744373,logit-frac,0.012133559040862,-0.0659312689105129
logistic,-1.909,6,0.2571268231776621,0.12064661299956833,Comp_prob,-1.3623588810785492,-0.08842470525569275
logistic,-1.909,6,0.2571268231776621,0.12064661299956833,NRC,0.0037072833023492485,-0.03784203330053096
logistic,-1.909,6,0.2571268231776621,0.12064661299956833,decileZ(Comp),-0.025895446426502274,-0.08071451829423264
logistic,-1.909,6,0.2571268231776621,0.12064661299956833,decileZ(NRC),-0.014895677533231896,-0.09821588621901323
logistic,-1.909,6,0.2571268231776621,0.12064661299956833,logit-frac,-0.0009472581119088869,-0.030345546523921237
logistic,-1.909,7,0.27771951182567434,0.13603215708608063,Comp_prob,-1.320795449162164,0.10033472161040012
logistic,-1.909,7,0.27771951182567434,0.13603215708608063,NRC,0.01417596036685255,-0.045759672550167906
logistic,-1.909,7,0.27771951182567434,0.13603215708608063,decileZ(Comp),-0.0017339583553157602,0.13456624553163105
logistic,-1.909,7,0.27771951182567434,0.13603215708608063,decileZ(NRC),0.00026438048810465027,0.028651029670577206
logistic,-1.909,7,0.27771951182567434,0.13603215708608063,logit-frac,-0.021387986522540224,-0.009325059099749983
logistic,-1.909,8,0.23258677895115057,0.12435003727028326,Comp_prob,-1.5548962077985824,-0.0065438498836604886
logistic,-1.909,8,0.23258677895115057,0.12435003727028326,NRC,-0.004190273899166756,-0.018551916911823438
logistic,-1.909,8,0.23258677895115057,0.12435003727028326,decileZ(Comp),-0.03793341566405843,-0.01123117896785014
logistic,-1.909,8,0.23258677895115057,0.12435003727028326,decileZ(NRC),-0.019771995574186955,-0.10604505863752106
logistic,-1.909,8,0.23258677895115057,0.12435003727028326,logit-frac,-0.008024795138258309,0.004046341581967412
logistic,-1.909,9,0.24671770465748427,0.13247319084202863,Comp_prob,-1.5526289366937474,-0.006733139241654614
logistic,-1.909,9,0.24671770465748427,0.13247319084202863,NRC,0.003512660277093627,-0.046288278716553534
logistic,-1.909,9,0.24671770465748427,0.13247319084202863,decileZ(Comp),-0.04238336303178647,-0.009850654060885963
logistic,-1.909,9,0.24671770465748427,0.13247319084202863,decileZ(NRC),-0.057098263084946616,0.04275838390900888
logistic,-1.909,9,0.24671770465748427,0.13247319084202863,logit-frac,-0.004726846886377878,-0.043035526704270306
logistic,-1.909,10,0.2716366244283955,0.13277650499913352,Comp_prob,-1.2833676104697882,0.008964797579620714
logistic,-1.909,10,0.2716366244283955,0.13277650499913352,NRC,0.03379015155552545,-0.06031369321533095
logistic,-1.909,10,0.2716366244283955,0.13277650499913352,decileZ(Comp),0.00938280638294416,-0.021938839354867245
logistic,-1.909,10,0.2716366244283955,0.13277650499913352,decileZ(NRC),0.001569227470645276,-0.12454780761439999
logistic,-1.909,10,0.2716366244283955,0.13277650499913352,logit-frac,0.007535538788945235,-0.027071383036563933
logistic,-1.909,11,0.2554734967824259,0.1292545747782621,Comp_prob,-1.4309043462417885,-0.10562646410394405
logistic,-1.909,11,0.2554734967824259,0.1292545747782621,NRC,0.020598156468397907,0.10752847658067842
logistic,-1.909,11,0.2554734967824259,0.1292545747782621,decileZ(Comp),-0.009663927603237891,-0.11936857981241865
logistic,-1.909,11,0.2554734967824259,0.1292545747782621,decileZ(NRC),-0.04006738974632111,0.040362246366755325
logistic,-1.909,11,0.2554734967824259,0.1292545747782621,logit-frac,-0.007809800740849525,0.13972251054762375
logistic,-1.909,12,0.21119239993828723,0.12265734922384149,Comp_prob,-1.8744862014561852,-0.019577518892607417
logistic,-1.909,12,0.21119239993828723,0.12265734922384149,NRC,-0.0017185809186955928,-0.0034615402240391223
logistic,-1.909,12,0.21119239993828723,0.12265734922384149,decileZ(Comp),-0.06369431484761562,0.03426683532790963
logistic,-1.909,12,0.21119239993828723,0.12265734922384149,decileZ(NRC),0.029500770930809894,0.02712001190246282
logistic,-1.909,12,0.21119239993828723,0.12265734922384149,logit-frac,0.009631026500790651,-0.012312184206145863
logistic,-1.909,13,0.2725535579750013,0.12117767843661931,Comp_prob,-1.198964589393211,-0.05133466473745972
logistic,-1.909,13,0.2725535579750013,0.12117767843661931,NRC,0.040326534056144905,-0.022292005483425362
logistic,-1.909,13,0.2725535579750013,0.12117767843661931,decileZ(Comp),-0.006488604327072045,-0.06463764660559046
logistic,-1.909,13,0.2725535579750013,0.12117767843661931,decileZ(NRC),0.0028822600499819866,-0.09126249701326378
logistic,-1.909,13,0.2725535579750013,0.12117767843661931,logit-frac,0.0009557457356329298,-0.024620539806785774
logistic,-1.909,14,0.23237639917531677,0.13291966836014787,Comp_prob,-1.6298255935517378,-0.05287219635165123
logistic,-1.909,14,0.23237639917531677,0.13291966836014787,NRC,0.0009519265176479765,-0.005778940446863493
logistic,-1.909,14,0.23237639917531677,0.13291966836014787,decileZ(Comp),-0.009112765719219214,-0.033521073165956504
logistic,-1.909,14,0.23237639917531677,0.13291966836014787,decileZ(NRC),0.009268612313687105,-0.04520770748344693
logistic,-1.909,14,0.23237639917531677,0.13291966836014787,logit-frac,-0.002305786217151809,0.013988765582123617
logistic,-1.909,15,0.291084662008897,0.13391982121454002,Comp_prob,-1.080224390800689,0.01966473600669135
logistic,-1.909,15,0.291084662008897,0.13391982121454002,NRC,0.03064375461476572,0.05819405299781368
logistic,-1.909,15,0.291084662008897,0.13391982121454002,decileZ(Comp),0.00692154583814135,0.015992941423574818
logistic,-1.909,15,0.291084662008897,0.13391982121454002,decileZ(NRC),-0.028110239105796957,0.0807480102642685
logistic,-1.909,15,0.291084662008897,0.13391982121454002,logit-frac,-0.014793824068559234,0.03775340439519424
logistic,-2.291,0,0.19109788175990974,0.09626069820954575,Comp_prob,-1.837912545939073,-0.06231566127385161
logistic,-2.291,0,0.19109788175990974,0.09626069820954575,NRC,-0.022782616546919193,0.01540417076842296
logistic,-2.291,0,0.19109788175990974,0.09626069820954575,decileZ(Comp),-0.03302204617653677,-0.07702371761151748
logistic,-2.291,0,0.19109788175990974,0.09626069820954575,decileZ(NRC),0.04839178302296383,-0.06861419533642163
logistic,-2.291,0,0.19109788175990974,0.09626069820954575,logit-frac,-0.01868764136469341,0.03839727912403603
logistic,-2.291,1,0.24653881953949972,0.09581674110946217,Comp_prob,-1.3861711946913302,0.032885125706411326
logistic,-2.291,1,0.24653881953949972,0.09581674110946217,NRC,0.020772624022887376,0.05189995771146205
logistic,-2.291,1,0.24653881953949972,0.09581674110946217,decileZ(Comp),-0.016701608212786417,0.08817490161081111
logistic,-2.291,1,0.24653881953949972,0.09581674110946217,decileZ(NRC),-0.01832073291603329,-0.002882715434666546
logistic,-2.291,1,0.24653881953949972,0.09581674110946217,logit-frac,-0.0015335548716155652,0.02330168698076311
logistic,-2.291,2,0.22082580886473538,0.08798588342005315,Comp_prob,-1.5182325211053798,-0.06586877284604768
logistic,-2.291,2,0.22082580886473538,0.08798588342005315,NRC,0.05677316052316712,0.026320784645229543
logistic,-2.291,2,0.22082580886473538,0.08798588342005315,decileZ(Comp),-0.03892964904669392,-0.06860771035087573
logistic,-2.291,2,0.22082580886473538,0.08798588342005315,decileZ(NRC),0.0014202874387869227,0.03228137116473171
logistic,-2.291,2,0.22082580886473538,0.08798588342005315,logit-frac,0.016467065253144637,0.04271816443861184
logistic,-2.291,3,0.23719685796607837,0.09405217658704408,Comp_prob,-1.3523503493194906,0.020263425429529962
logistic,-2.291,3,0.23719685796607837,0.09405217658704408,NRC,0.036031899011738026,-0.07302736336720252
logistic,-2.291,3,0.23719685796607837,0.09405217658704408,decileZ(Comp),0.024213417178750866,-0.014582103920143625
logistic,-2.291,3,0.23719685796607837,0.09405217658704408,decileZ(NRC),0.006162988955447361,-0.12777192780739569
logistic,-2.291,3,0.23719685796607837,0.09405217658704408,logit-frac,-9.603373801058505e-05,-0.11367353233604273
logistic,-2.291,4,0.23284595645151676,0.08778534819833243,Comp_prob,-1.3765779264775626,-0.07094385409418574
logistic,-2.291,4,0.23284595645151676,0.08778534819833243,NRC,0.006338785691372518,0.015627538426921796
logistic,-2.291,4,0.23284595645151676,0.08778534819833243,decileZ(Comp),-0.011738390236502446,-0.00392967516555328
logistic,-2.291,4,0.23284595645151676,0.08778534819833243,decileZ(NRC),-0.026530672948607774,0.04824627433622671
logistic,-2.291,4,0.23284595645151676,0.08778534819833243,logit-frac,-0.008762412043878719,0.046119992452435796
logistic,-2.291,5,0.24938634482144226,0.0922612991022076,Comp_prob,-1.3177763995665672,-0.07927221708087573
logistic,-2.291,5,0.24938634482144226,0.0922612991022076,NRC,0.04765955591255956,-0.015322892629569658
logistic,-2.291,5,0.24938634482144226,0.0922612991022076,decileZ(Comp),0.017626096771036777,-0.05578240858072084
logistic,-2.291,5,0.24938634482144226,0.0922612991022076,decileZ(NRC),-0.009423843020092932,0.07454310378421893
logistic,-2.291,5,0.24938634482144226,0.0922612991022076,logit-frac,0.009429035192403519,-0.06593126891051283
logistic,-2.291,6,0.2187407982301426,0.08562048602928889,Comp_prob,-1.5015526731959556,-0.08829207254049072
logistic,-2.291,6,0.2187407982301426,0.08562048602928889,NRC,0.001488100658453963,-0.01640972708751953
logistic,-2.291,6,0.2187407982301426,0.08562048602928889,decileZ(Comp),-0.015514631783537807,-0.06233519539335303
logistic,-2.291,6,0.2187407982301426,0.08562048602928889,decileZ(NRC),-0.007352379380322158,-0.08425947815117638
logistic,-2.291,6,0.2187407982301426,0.08562048602928889,logit-frac,0.0023007128914025155,-0.03034554652392094
logistic,-2.291,7,0.23741936379553827,0.0970321797931879,Comp_prob,-1.5034253688043906,0.10220788378426676
logistic,-2.291,7,0.23741936379553827,0.0970321797931879,NRC,0.021539115252184427,-0.030455518510790886
logistic,-2.291,7,0.23741936379553827,0.0970321797931879,decileZ(Comp),0.013659847711165804,0.13666096408115475
logistic,-2.291,7,0.23741936379553827,0.0970321797931879,decileZ(NRC),0.012087338253750378,0.01715463454209091
logistic,-2.291,7,0.23741936379553827,0.0970321797931879,logit-frac,-0.009140818859552641,-0.009325059099749684
logistic,-2.291,8,0.19157643395785462,0.08835676519077916,Comp_prob,-1.6742034534074197,-0.01248107987740738
logistic,-2.291,8,0.19157643395785462,0.08835676519077916,NRC,-0.007764874550335851,-0.06478003490959221
logistic,-2.291,8,0.19157643395785462,0.08835676519077916,decileZ(Comp),-0.0077943340963499315,0.005674114739051269
logistic,-2.291,8,0.19157643395785462,0.08835676519077916,decileZ(NRC),-0.007737632851747141,-0.07238219845228828
logistic,-2.291,8,0.19157643395785462,0.08835676519077916,logit-frac,-0.002049112254007638,0.004046341581967765
logistic,-2.291,9,0.20447666830314534,0.09438209256730531,Comp_prob,-1.6814568003066293,-0.0030981690820607016
logistic,-2.291,9,0.20447666830314534,0.09438209256730531,NRC,0.00794594759450274,0.003290788513421856
logistic,-2.291,9,0.20447666830314534,0.09438209256730531,decileZ(Comp),-0.024119225479178483,-0.02494513894506369
logistic,-2.291,9,0.20447666830314534,0.09438209256730531,decileZ(NRC),-0.026811539589130188,0.0731968678783518
logistic,-2.291,9,0.20447666830314534,0.09438209256730531,logit-frac,0.007013846353861547,-0.04303552670427039
logistic,-2.291,10,0.23170614216466906,0.09460770345058823,Comp_prob,-1.4557639839793395,-0.0029047471041715135
logistic,-2.291,10,0.23170614216466906,0.09460770345058823,NRC,0.03051868635381865,-0.08015783219475367
logistic,-2.291,10,0.23170614216466906,0.09460770345058823,decileZ(Comp),-0.029978373033130206,-0.03329934652375343
logistic,-2.291,10,0.23170614216466906,0.09460770345058823,decileZ(NRC),0.001323438190806916,-0.122846838131517
logistic,-2.291,10,0.23170614216466906,0.09460770345058823,logit-frac,0.0030387864633493644,-0.02707138303656365
logistic,-2.291,11,0.21497381143085922,0.09199081593967215,Comp_prob,-1.5984172311601126,-0.09911643657084891
logistic,-2.291,11,0.21497381143085922,0.09199081593967215,NRC,0.03208194898261041,0.12282356368833339
logistic,-2.291,11,0.21497381143085922,0.09199081593967215,decileZ(Comp),-0.004941614720706883,-0.10298261014501296
logistic,-2.291,11,0.21497381143085922,0.09199081593967215,decileZ(NRC),-0.004877623130004772,0.004245103418890637
logistic,-2.291,11,0.21497381143085922,0.09199081593967215,logit-frac,0.008121864666217487,0.1397225105476235
logistic,-2.291,12,0.16930161112610473,0.08710528994653434,Comp_prob,-1.9944109519481967,-0.01644287025851818
logistic,-2.291,12,0.16930161112610473,0.08710528994653434,NRC,-0.0011746658113255149,0.005990008289697331
logistic,-2.291,12,0.16930161112610473,0.08710528994653434,decileZ(Comp),-0.06142727390002761,0.04609820710919767
logistic,-2.291,12,0.16930161112610473,0.08710528994653434,decileZ(NRC),0.04994382748526438,0.06741654254619928
logistic,-2.291,12,0.16930161112610473,0.08710528994653434,logit-frac,0.018944850284103268,-0.012312184206145656
logistic,-2.291,13,0.23494230826137463,0.08601245328772372,Comp_prob,-1.3637883858853612,-0.05845247799392556
logistic,-2.291,13,0.23494230826137463,0.08601245328772372,NRC,0.044845597140953625,-0.02620095636364465
logistic,-2.291,13,0.23494230826137463,0.08601245328772372,decileZ(Comp),-0.039638445320784935,-0.09571292782577828
logistic,-2.291,13,0.23494230826137463,0.08601245328772372,decileZ(NRC),0.010243443404927267,-0.10337261572947098
logistic,-2.291,13,0.23494230826137463,0.08601245328772372,logit-frac,0.002965800554000866,-0.024620539806785406
logistic,-2.291,14,0.18996081431478448,0.09471420686304444,Comp_prob,-1.7682479479007291,-0.060575809062576605
logistic,-2.291,14,0.18996081431478448,0.09471420686304444,NRC,-0.007773332192342881,-0.009903052833068018
logistic,-2.291,14,0.18996081431478448,0.09471420686304444,decileZ(Comp),-0.027822418591342317,-0.01845955498072616
logistic,-2.291,14,0.18996081431478448,0.09471420686304444,decileZ(NRC),-0.031950387317411046,-0.03581378795678851
logistic,-2.291,14,0.18996081431478448,0.09471420686304444,logit-frac,-0.008293601917258062,0.013988765582123149
logistic,-2.291,15,0.2541357937118347,0.09545853191899306,Comp_prob,-1.2594031450591447,0.019444145127547368
logistic,-2.291,15,0.2541357937118347,0.09545853191899306,NRC,0.03912055822624623,0.07231739132767037
logistic,-2.291,15,0.2541357937118347,0.09545853191899306,decileZ(Comp),-0.011930579371301432,-0.010738729824172906
logistic,-2.291,15,0.2541357937118347,0.09545853191899306,decileZ(NRC),-0.0046867672829527945,0.08397963125463385
logistic,-2.291,15,0.2541357937118347,0.09545853191899306,logit-frac,-0.008804755284188795,0.03775340439519413
logistic,-2.673,0,0.15335744550959876,0.06776868135164016,Comp_prob,-1.8796049066699931,-0.06860845741952247
logistic,-2.673,0,0.15335744550959876,0.06776868135164016,NRC,-0.02607779168630197,-0.033053169189254876
logistic,-2.673,0,0.15335744550959876,0.06776868135164016,decileZ(Comp),-0.06905653318176214,-0.05183503856330529
logistic,-2.673,0,0.15335744550959876,0.06776868135164016,decileZ(NRC),0.03249176310944844,-0.08405235006693282
logistic,-2.673,0,0.15335744550959876,0.06776868135164016,logit-frac,-0.013717121241168568,0.03839727912403615
logistic,-2.673,1,0.21136825618649618,0.06744632338283353,Comp_prob,-1.5353965836288612,0.0475897152675656
logistic,-2.673,1,0.21136825618649618,0.06744632338283353,NRC,0.027035879812769618,0.019159891224686195
logistic,-2.673,1,0.21136825618649618,0.06744632338283353,decileZ(Comp),-0.02888886371129952,0.07972881916084282
logistic,-2.673,1,0.21136825618649618,0.06744632338283353,decileZ(NRC),-0.0012471186404316233,-0.03614313642340185
logistic,-2.673,1,0.21136825618649618,0.06744632338283353,logit-frac,0.003495698732988823,0.023301686980762997
logistic,-2.673,2,0.18600937121657177,0.06177569305836646,Comp_prob,-1.6374742975171626,-0.061677878631573146
logistic,-2.673,2,0.18600937121657177,0.06177569305836646,NRC,0.06020830768949874,0.026356752974337986
logistic,-2.673,2,0.18600937121657177,0.06177569305836646,decileZ(Comp),-0.017834200735723553,-0.02856401555587964
logistic,-2.673,2,0.18600937121657177,0.06177569305836646,decileZ(NRC),-0.0105954949608288,0.041229850900802
logistic,-2.673,2,0.18600937121657177,0.06177569305836646,logit-frac,0.014153077359666172,0.042718164438612094
logistic,-2.673,3,0.20162921869430792,0.06616599631844876,Comp_prob,-1.5182959610427833,0.02300066238033215
logistic,-2.673,3,0.20162921869430792,0.06616599631844876,NRC,0.03899995775585301,-0.11774070667944084
logistic,-2.673,3,0.20162921869430792,0.06616599631844876,decileZ(Comp),-0.0294661343720088,-0.009608680032212328
logistic,-2.673,3,0.20162921869430792,0.06616599631844876,decileZ(NRC),-0.0029590610644951907,-0.12617901034528764
logistic,-2.673,3,0.20162921869430792,0.06616599631844876,logit-frac,0.0008679536026998558,-0.1136735323360427
logistic,-2.673,4,0.19821674686890586,0.061630858578524836,Comp_prob,-1.555661256318779,-0.06876860854512608
logistic,-2.673,4,0.19821674686890586,0.061630858578524836,NRC,0.008439781471877426,0.04210282149557951
logistic,-2.673,4,0.19821674686890586,0.061630858578524836,decileZ(Comp),-0.045640525225501355,0.021502179522535213
logistic,-2.673,4,0.19821674686890586,0.061630858578524836,decileZ(NRC),-0.008632028296101244,0.08705911700830772
logistic,-2.673,4,0.19821674686890586,0.061630858578524836,logit-frac,-0.0004718612180277275,0.046119992452435705
logistic,-2.673,5,0.2153206423671147,0.06486808832158295,Comp_prob,-1.4406937998921834,-0.08523971157595317
logistic,-2.673,5,0.2153206423671147,0.06486808832158295,NRC,0.05453497747144822,0.03091958373507929
logistic,-2.673,5,0.2153206423671147,0.06486808832158295,decileZ(Comp),-0.014648051099469749,-0.10467757176993381
logistic,-2.673,5,0.2153206423671147,0.06486808832158295,decileZ(NRC),-0.008903042777879127,0.07629315110921112
logistic,-2.673,5,0.2153206423671147,0.06486808832158295,logit-frac,0.009919076468725547,-0.06593126891051296
logistic,-2.673,6,0.1839720696400193,0.060068516454581465,Comp_prob,-1.5939781708252598,-0.0861948336846162
logistic,-2.673,6,0.1839720696400193,0.060068516454581465,NRC,-0.00928862671774035,-0.04030250102057466
logistic,-2.673,6,0.1839720696400193,0.060068516454581465,decileZ(Comp),-0.011011844704206464,-0.05234439353037502
logistic,-2.673,6,0.1839720696400193,0.060068516454581465,decileZ(NRC),-0.05120517807473428,-0.07788625241322171
logistic,-2.673,6,0.1839720696400193,0.060068516454581465,logit-frac,-0.005758256493148554,-0.03034554652392096
logistic,-2.673,7,0.20030042117044514,0.06832907842518227,Comp_prob,-1.6884273079065406,0.10283528849348139
logistic,-2.673,7,0.20030042117044514,0.06832907842518227,NRC,0.02010111320900229,-0.023182049122723845
logistic,-2.673,7,0.20030042117044514,0.06832907842518227,decileZ(Comp),-0.04825960281666122,0.11249045113742634
logistic,-2.673,7,0.20030042117044514,0.06832907842518227,decileZ(NRC),-0.014054388719719566,0.028526608919909262
logistic,-2.673,7,0.20030042117044514,0.06832907842518227,logit-frac,-0.009281820134879475,-0.009325059099749624
logistic,-2.673,8,0.15550134009230768,0.06204360856385443,Comp_prob,-1.8096019487397708,-0.017529555809856778
logistic,-2.673,8,0.15550134009230768,0.06204360856385443,NRC,-0.017571869172779392,-0.07780182505977176
logistic,-2.673,8,0.15550134009230768,0.06204360856385443,decileZ(Comp),-0.04496044567667146,0.020816332352290128
logistic,-2.673,8,0.15550134009230768,0.06204360856385443,decileZ(NRC),-0.03418833277280486,-0.0727766608682216
logistic,-2.673,8,0.15550134009230768,0.06204360856385443,logit-frac,-0.0009866204122984561,0.004046341581967565
logistic,-2.673,9,0.16691533133864178,0.06640526328911482,Comp_prob,-1.806730515595059,9.954187007924245e-05
logistic,-2.673,9,0.16691533133864178,0.06640526328911482,NRC,0.005240984473276225,0.007725051286471855
logistic,-2.673,9,0.16691533133864178,0.06640526328911482,decileZ(Comp),-0.007265424020091563,-0.03845021684414193
logistic,-2.673,9,0.16691533133864178,0.06640526328911482,decileZ(NRC),-0.0329833830590926,0.06954208912862729
logistic,-2.673,9,0.16691533133864178,0.06640526328911482,logit-frac,0.013927245666939191,-0.04303552670427018
logistic,-2.673,10,0.19539067949740488,0.06656891419429149,Comp_prob,-1.561672850297524,-0.013887505627133537
logistic,-2.673,10,0.19539067949740488,0.06656891419429149,NRC,0.025165012815740247,-0.0819462544738631
logistic,-2.673,10,0.19539067949740488,0.06656891419429149,decileZ(Comp),-0.006111529444952208,-0.04947269193524621
logistic,-2.673,10,0.19539067949740488,0.06656891419429149,decileZ(NRC),-0.009345565813520609,-0.11566310697583207
logistic,-2.673,10,0.19539067949740488,0.06656891419429149,logit-frac,-0.0023972827784708656,-0.027071383036563798
logistic,-2.673,11,0.17851874840513227,0.06467219240894781,Comp_prob,-1.7265340511937386,-0.09283611321816233
logistic,-2.673,11,0.17851874840513227,0.06467219240894781,NRC,0.034022676874081954,0.0940782544211322
logistic,-2.673,11,0.17851874840513227,0.06467219240894781,decileZ(Comp),-0.027072741984940592,-0.07427552671476245
logistic,-2.673,11,0.17851874840513227,0.06467219240894781,decileZ(NRC),-0.029981957460302758,0.009450684425502478
logistic,-2.673,11,0.17851874840513227,0.06467219240894781,logit-frac,0.00824306479770229,0.13972251054762333
logistic,-2.673,12,0.13340389976840902,0.061139834805773,Comp_prob,-1.9795278829524763,-0.012782040286051363
logistic,-2.673,12,0.13340389976840902,0.061139834805773,NRC,-0.01155647943262802,0.03082131921819699
logistic,-2.673,12,0.13340389976840902,0.061139834805773,decileZ(Comp),-0.0541028385829746,0.037366424237903886
logistic,-2.673,12,0.13340389976840902,0.061139834805773,decileZ(NRC),0.00920943546878932,0.07547322750023164
logistic,-2.673,12,0.13340389976840902,0.061139834805773,logit-frac,0.01738288353926415,-0.012312184206145455
logistic,-2.673,13,0.20049402962991505,0.06035122847900972,Comp_prob,-1.4844044987635212,-0.06395339837843314
logistic,-2.673,13,0.20049402962991505,0.06035122847900972,NRC,0.04383295525899264,-0.017466724034376928
logistic,-2.673,13,0.20049402962991505,0.06035122847900972,decileZ(Comp),-0.015755035240893122,-0.06342525163329159
logistic,-2.673,13,0.20049402962991505,0.06035122847900972,decileZ(NRC),-0.01474668464830188,-0.09224730086474862
logistic,-2.673,13,0.20049402962991505,0.06035122847900972,logit-frac,-0.001961437235537284,-0.024620539806785635
logistic,-2.673,14,0.15284547800486875,0.06664617675571756,Comp_prob,-1.894850606981146,-0.06640322551216657
logistic,-2.673,14,0.15284547800486875,0.06664617675571756,NRC,-0.010758655860375376,0.01352669720255677
logistic,-2.673,14,0.15284547800486875,0.06664617675571756,decileZ(Comp),-0.05144425739073347,-0.0071520126046786675
logistic,-2.673,14,0.15284547800486875,0.06664617675571756,decileZ(NRC),-0.03338428626962478,-0.027336192254442095
logistic,-2.673,14,0.15284547800486875,0.06664617675571756,logit-frac,-0.004336529508859377,0.013988765582123452
logistic,-2.673,15,0.21991205227792943,0.06718629542486503,Comp_prob,-1.4009927108875688,0.01817850429190688
logistic,-2.673,15,0.21991205227792943,0.06718629542486503,NRC,0.04434486689064072,0.09178433781001505
logistic,-2.673,15,0.21991205227792943,0.06718629542486503,decileZ(Comp),-0.009408936234745546,-0.02729557667409068
logistic,-2.673,15,0.21991205227792943,0.06718629542486503,decileZ(NRC),-0.027305175647212784,0.08869653405771065
logistic,-2.673,15,0.21991205227792943,0.06718629542486503,logit-frac,-0.0058783075299595556,0.03775340439519393
logistic,-3.055,0,0.12115863163438875,0.047268868911607524,Comp_prob,-1.9050412630473232,-0.0743120445513945
logistic,-3.055,0,0.12115863163438875,0.047268868911607524,NRC,-0.03621992710349351,-0.05619950121199967
logistic,-3.055,0,0.12115863163438875,0.047268868911607524,decileZ(Comp),-0.035301187987708246,0.0026142545975559525
logistic,-3.055,0,0.12115863163438875,0.047268868911607524,decileZ(NRC),0.031146721046552098,-0.10078221220368828
logistic,-3.055,0,0.12115863163438875,0.047268868911607524,logit-frac,-0.014790270007067893,0.03839727912403637
logistic,-3.055,1,0.17921337825719183,0.047039102877773055,Comp_prob,-1.6263217003067316,0.06022075635797457
logistic,-3.055,1,0.17921337825719183,0.047039102877773055,NRC,0.02852742760722537,0.0037124956597222834
logistic,-3.055,1,0.17921337825719183,0.047039102877773055,decileZ(Comp),-0.029934519641189077,0.08667653792269432
logistic,-3.055,1,0.17921337825719183,0.047039102877773055,decileZ(NRC),0.005065736828247719,-0.039062657465584995
logistic,-3.055,1,0.17921337825719183,0.047039102877773055,logit-frac,0.004905986433108692,0.02330168698076305
logistic,-3.055,2,0.15480379947763936,0.04300511095735872,Comp_prob,-1.745264643699754,-0.057444517356985955
logistic,-3.055,2,0.15480379947763936,0.04300511095735872,NRC,0.09269010267274083,-0.005538616241097414
logistic,-3.055,2,0.15480379947763936,0.04300511095735872,decileZ(Comp),-0.047832871782400546,-0.016506168420673553
logistic,-3.055,2,0.15480379947763936,0.04300511095735872,decileZ(NRC),0.026167426881771795,0.01830448215561475
logistic,-3.055,2,0.15480379947763936,0.04300511095735872,logit-frac,0.019540907435392562,0.04271816443861184
logistic,-3.055,3,0.1694894666155338,0.04612700268661495,Comp_prob,-1.6469956216235897,0.024551364584405565
logistic,-3.055,3,0.1694894666155338,0.04612700268661495,NRC,0.03660515581542486,-0.14368507300596234
logistic,-3.055,3,0.1694894666155338,0.04612700268661495,decileZ(Comp),-0.06172547982320105,-0.016674001317217732
logistic,-3.055,3,0.1694894666155338,0.04612700268661495,decileZ(NRC),-0.020424406017296948,-0.12969912531464137
logistic,-3.055,3,0.1694894666155338,0.04612700268661495,logit-frac,-0.001127316244229951,-0.11367353233604273
logistic,-3.055,4,0.16701644661842524,0.04290227216268594,Comp_prob,-1.608359016638011,-0.06523398239520517
logistic,-3.055,4,0.16701644661842524,0.04290227216268594,NRC,-0.0012666472483866716,-0.010196752975331309
logistic,-3.055,4,0.16701644661842524,0.04290227216268594,decileZ(Comp),-0.01000406675811766,0.01147806007097945
logistic,-3.055,4,0.16701644661842524,0.04290227216268594,decileZ(NRC),-0.02804660931720112,0.046993484194689544
logistic,-3.055,4,0.16701644661842524,0.04290227216268594,logit-frac,-0.0022800055007553737,0.04611999245243565
logistic,-3.055,5,0.18397376075578828,0.04520315072214232,Comp_prob,-1.5686695946182474,-0.09148613511268532
logistic,-3.055,5,0.18397376075578828,0.04520315072214232,NRC,0.057192321346695565,-0.036391681229193125
logistic,-3.055,5,0.18397376075578828,0.04520315072214232,decileZ(Comp),-0.05707668632616418,-0.1060266376659475
logistic,-3.055,5,0.18397376075578828,0.04520315072214232,decileZ(NRC),-0.012287983199737323,0.06552991750269284
logistic,-3.055,5,0.18397376075578828,0.04520315072214232,logit-frac,0.0039084868415154884,-0.06593126891051296
logistic,-3.055,6,0.15295957941332947,0.041793554134619784,Comp_prob,-1.6681351455662383,-0.08248653436925564
logistic,-3.055,6,0.15295957941332947,0.041793554134619784,NRC,-0.017233100195936046,-0.09739215540678438
logistic,-3.055,6,0.15295957941332947,0.041793554134619784,decileZ(Comp),-0.01229921510168696,-0.01300946385825089
logistic,-3.055,6,0.15295957941332947,0.041793554134619784,decileZ(NRC),-0.04148929996358376,-0.11679031004389644
logistic,-3.055,6,0.15295957941332947,0.041793554134619784,logit-frac,-0.003526794045275636,-0.03034554652392119
logistic,-3.055,7,0.1667060261814167,0.04766841573384075,Comp_prob,-1.7250522683768408,0.10207844906445171
logistic,-3.055,7,0.1667060261814167,0.04766841573384075,NRC,0.025796470484557375,0.02591474013126707
logistic,-3.055,7,0.1667060261814167,0.04766841573384075,decileZ(Comp),-0.015161654247889213,0.1023026129971942
logistic,-3.055,7,0.1667060261814167,0.04766841573384075,decileZ(NRC),-0.009437993628215966,0.060947356184236134
logistic,-3.055,7,0.1667060261814167,0.04766841573384075,logit-frac,-0.010854338103285913,-0.009325059099749684
logistic,-3.055,8,0.12441171384250484,0.04319536807675494,Comp_prob,-1.8298763886432878,-0.02134743315812644
logistic,-3.055,8,0.12441171384250484,0.04319536807675494,NRC,-0.021278788106259373,-0.06948151120520318
logistic,-3.055,8,0.12441171384250484,0.04319536807675494,decileZ(Comp),-0.04222255496463028,0.0156718961970225
logistic,-3.055,8,0.12441171384250484,0.04319536807675494,decileZ(NRC),-0.04247497808550284,-0.05604901104841997
logistic,-3.055,8,0.12441171384250484,0.04319536807675494,logit-frac,-0.0030432286732434725,0.004046341581967766
logistic,-3.055,9,0.13419898274085823,0.04629739802242922,Comp_prob,-1.8350059880348675,0.002601031599229287
logistic,-3.055,9,0.13419898274085823,0.04629739802242922,NRC,-0.0014443700392560968,0.04162071733679579
logistic,-3.055,9,0.13419898274085823,0.04629739802242922,decileZ(Comp),0.014343836515550447,-0.07345506792732648
logistic,-3.055,9,0.13419898274085823,0.04629739802242922,decileZ(NRC),-0.06258429960213535,0.0712153198963148
logistic,-3.055,9,0.13419898274085823,0.04629739802242922,logit-frac,0.011145610670034596,-0.043035526704270514
logistic,-3.055,10,0.16290530859667884,0.04641395817789933,Comp_prob,-1.6761442537494615,-0.023867800114050024
logistic,-3.055,10,0.16290530859667884,0.04641395817789933,NRC,0.022519654284361208,-0.08705027141549766
logistic,-3.055,10,0.16290530859667884,0.04641395817789933,decileZ(Comp),-0.0489904951612494,-0.04117249797056185
logistic,-3.055,10,0.16290530859667884,0.04641395817789933,decileZ(NRC),-0.019722850387386446,-0.11982761322410136
logistic,-3.055,10,0.16290530859667884,0.04641395817789933,logit-frac,-0.0006672132487442522,-0.027071383036563652
logistic,-3.055,11,0.1462595658315799,0.04506377937363937,Comp_prob,-1.7773832644910144,-0.08739536305182004
logistic,-3.055,11,0.1462595658315799,0.04506377937363937,NRC,0.03784792788172048,0.08917059370742159
logistic,-3.055,11,0.1462595658315799,0.04506377937363937,decileZ(Comp),-0.025049970212913254,-0.071206460365996
logistic,-3.055,11,0.1462595658315799,0.04506377937363937,decileZ(NRC),-0.04425961052336927,-0.016651256929844163
logistic,-3.055,11,0.1462595658315799,0.04506377937363937,logit-frac,0.007195231607992265,0.1397225105476235
logistic,-3.055,12,0.10337430635434677,0.04255369565948992,Comp_prob,-1.9607111776216826,-0.00876629570398653
logistic,-3.055,12,0.10337430635434677,0.04255369565948992,NRC,-0.024745977011023938,0.02780462296780866
logistic,-3.055,12,0.10337430635434677,0.04255369565948992,decileZ(Comp),-0.08139657872195616,0.018750355618613462
logistic,-3.055,12,0.10337430635434677,0.04255369565948992,decileZ(NRC),-0.004828315345945051,0.08334204122418198
logistic,-3.055,12,0.10337430635434677,0.04255369565948992,logit-frac,0.015163708641538244,-0.012312184206145656
logistic,-3.055,13,0.16942575216699773,0.041994097968834534,Comp_prob,-1.5719902342436776,-0.06751825597616416
logistic,-3.055,13,0.16942575216699773,0.041994097968834534,NRC,0.046051429682005915,-0.02287819986757969
logistic,-3.055,13,0.16942575216699773,0.041994097968834534,decileZ(Comp),-0.03415673157980945,-0.03327462734282021
logistic,-3.055,13,0.16942575216699773,0.041994097968834534,decileZ(NRC),-0.023297325661353,-0.11783637739540667
logistic,-3.055,13,0.16942575216699773,0.041994097968834534,logit-frac,-0.0031736191527082474,-0.02462053980678563
logistic,-3.055,14,0.12107198396465214,0.04646899264235015,Comp_prob,-1.9058548871592853,-0.07010906342368173
logistic,-3.055,14,0.12107198396465214,0.04646899264235015,NRC,-0.012143225125170198,-0.009346316050604361
logistic,-3.055,14,0.12107198396465214,0.04646899264235015,decileZ(Comp),-0.04277414807135784,0.025195446217849825
logistic,-3.055,14,0.12107198396465214,0.04646899264235015,decileZ(NRC),-0.03690486883829627,-0.030023153709420228
logistic,-3.055,14,0.12107198396465214,0.04646899264235015,logit-frac,-0.001860972195951405,0.013988765582123149
logistic,-3.055,15,0.18856142489860853,0.046853798619827074,Comp_prob,-1.4857407346934581,0.01601847284812496
logistic,-3.055,15,0.18856142489860853,0.046853798619827074,NRC,0.051987936849631225,0.0704839658525961
logistic,-3.055,15,0.18856142489860853,0.046853798619827074,decileZ(Comp),0.005624659652569811,-0.033701099681833095
logistic,-3.055,15,0.18856142489860853,0.046853798619827074,decileZ(NRC),0.002815413729136445,0.05703927009787481
logistic,-3.055,15,0.18856142489860853,0.046853798619827074,logit-frac,0.004063359180569484,0.037753404395194035
logistic,-3.436,0,0.09435169659824637,0.03278401368753543,Comp_prob,-1.8775403835517763,-0.07950263966618487
logistic,-3.436,0,0.09435169659824637,0.03278401368753543,NRC,-0.04585641747839527,-0.06109551358251308
logistic,-3.436,0,0.09435169659824637,0.03278401368753543,decileZ(Comp),-0.1101088946465423,-0.006702893867447931
logistic,-3.436,0,0.09435169659824637,0.03278401368753543,decileZ(NRC),0.0285860251728366,-0.09733821527130174
logistic,-3.436,0,0.09435169659824637,0.03278401368753543,logit-frac,-0.012183408277715458,0.03839727912403615
logistic,-3.436,1,0.1502886039333383,0.0326222452631448,Comp_prob,-1.6789618090341196,0.07037761869764558
logistic,-3.436,1,0.1502886039333383,0.0326222452631448,NRC,0.03000197277932797,0.0310921224017619
logistic,-3.436,1,0.1502886039333383,0.0326222452631448,decileZ(Comp),-0.05008407969366868,0.09895287737744365
logistic,-3.436,1,0.1502886039333383,0.0326222452631448,decileZ(NRC),-0.02279959935035411,0.008109108071066852
logistic,-3.436,1,0.1502886039333383,0.0326222452631448,logit-frac,0.005985630437706213,0.023301686980762997
logistic,-3.436,2,0.12732015361949042,0.029785973948504053,Comp_prob,-1.7843951780312197,-0.05343006850560706
logistic,-3.436,2,0.12732015361949042,0.029785973948504053,NRC,0.0863076087985092,0.004049289985790723
logistic,-3.436,2,0.12732015361949042,0.029785973948504053,decileZ(Comp),-0.06623446095920624,-0.029062786903259048
logistic,-3.436,2,0.12732015361949042,0.029785973948504053,decileZ(NRC),0.011833196584098836,0.019581411755026045
logistic,-3.436,2,0.12732015361949042,0.029785973948504053,logit-frac,0.019840622967460725,0.04271816443861199
logistic,-3.436,3,0.14091652795166645,0.03198031034298945,Comp_prob,-1.6937913904299313,0.02536829125887102
logistic,-3.436,3,0.14091652795166645,0.03198031034298945,NRC,0.03548101389137474,-0.14287796058200583
logistic,-3.436,3,0.14091652795166645,0.03198031034298945,decileZ(Comp),-0.041331442842257135,-0.017637862251069236
logistic,-3.436,3,0.14091652795166645,0.03198031034298945,decileZ(NRC),-0.02380434452774508,-0.12418110945153764
logistic,-3.436,3,0.14091652795166645,0.03198031034298945,logit-frac,-0.0022553200142573656,-0.11367353233604272
logistic,-3.436,4,0.1393468416412366,0.029713764788026044,Comp_prob,-1.6424337740356842,-0.060600761262779634
logistic,-3.436,4,0.1393468416412366,0.029713764788026044,NRC,-0.006993342354679067,0.005659361599767715
logistic,-3.436,4,0.1393468416412366,0.029713764788026044,decileZ(Comp),-0.0012173749048136895,0.012704903523916808
logistic,-3.436,4,0.1393468416412366,0.029713764788026044,decileZ(NRC),-0.038712546096626964,0.033206373718899285
logistic,-3.436,4,0.1393468416412366,0.029713764788026044,logit-frac,-0.001954913435849317,0.04611999245243556
logistic,-3.436,5,0.15559216997753136,0.03133048824063893,Comp_prob,-1.631046603674943,-0.09785693131404187
logistic,-3.436,5,0.15559216997753136,0.03133048824063893,NRC,0.059947093905532184,-0.04245777985071252
logistic,-3.436,5,0.15559216997753136,0.03133048824063893,decileZ(Comp),-0.023011094514347855,-0.10366474102606871
logistic,-3.436,5,0.15559216997753136,0.03133048824063893,decileZ(NRC),-0.010033329760113903,0.043038027589224884
logistic,-3.436,5,0.15559216997753136,0.03133048824063893,logit-frac,0.0015200771892411834,-0.06593126891051283
logistic,-3.436,6,0.12578200263992292,0.02893557154701218,Comp_prob,-1.7182958617743276,-0.07758760345725238
logistic,-3.436,6,0.12578200263992292,0.02893557154701218,NRC,-0.01674473494316191,-0.08638133622045202
logistic,-3.436,6,0.12578200263992292,0.02893557154701218,decileZ(Comp),-0.015747398266923524,0.007864624390629796
logistic,-3.436,6,0.12578200263992292,0.02893557154701218,decileZ(NRC),0.009026336709996512,-0.08439999106977068
logistic,-3.436,6,0.12578200263992292,0.02893557154701218,logit-frac,-0.0008146765380898427,-0.03034554652392096
logistic,-3.436,7,0.1369400559210096,0.03306537444039762,Comp_prob,-1.7523062159488378,0.09981605970329323
logistic,-3.436,7,0.1369400559210096,0.03306537444039762,NRC,0.036738795484597575,0.020732679236029346
logistic,-3.436,7,0.1369400559210096,0.03306537444039762,decileZ(Comp),-0.012102409014660578,0.0874258757385088
logistic,-3.436,7,0.1369400559210096,0.03306537444039762,decileZ(NRC),-0.010196322742420093,0.06062437090865225
logistic,-3.436,7,0.1369400559210096,0.03306537444039762,logit-frac,-0.009175902057578341,-0.009325059099749684
logistic,-3.436,8,0.09821194072929731,0.029919577228669732,Comp_prob,-1.77362552922643,-0.02371584633756825
logistic,-3.436,8,0.09821194072929731,0.029919577228669732,NRC,-0.03614545451909047,-0.044043525134009213
logistic,-3.436,8,0.09821194072929731,0.029919577228669732,decileZ(Comp),-0.03451271900003872,0.015480887501851224
logistic,-3.436,8,0.09821194072929731,0.029919577228669732,decileZ(NRC),-0.051012335859661306,-0.06728773662485774
logistic,-3.436,8,0.09821194072929731,0.029919577228669732,logit-frac,-0.0035010843334189455,0.004046341581967565
logistic,-3.436,9,0.10634278874782022,0.032100205756931496,Comp_prob,-1.8588627320315152,0.004408641411322285
logistic,-3.436,9,0.10634278874782022,0.032100205756931496,NRC,-0.005918459373168719,0.05111713664837298
logistic,-3.436,9,0.10634278874782022,0.032100205756931496,decileZ(Comp),-0.02024966127296518,-0.056023242377103794
logistic,-3.436,9,0.10634278874782022,0.032100205756931496,decileZ(NRC),-0.05462771533228826,0.07529260444210317
logistic,-3.436,9,0.10634278874782022,0.032100205756931496,logit-frac,0.008400701273818607,-0.043035526704270306
logistic,-3.436,10,0.13437223741435314,0.032182228645103984,Comp_prob,-1.7142578746123913,-0.03297927266196499
logistic,-3.436,10,0.13437223741435314,0.032182228645103984,NRC,0.02750729881976704,-0.09669407192531485
logistic,-3.436,10,0.13437223741435314,0.032182228645103984,decileZ(Comp),-0.04276977336798712,-0.016926867344942188
logistic,-3.436,10,0.13437223741435314,0.032182228645103984,decileZ(NRC),-0.013711918006456736,-0.13316115223280953
logistic,-3.436,10,0.13437223741435314,0.032182228645103984,logit-frac,0.0009316065921725635,-0.0270713830365638
logistic,-3.436,11,0.1182749526423722,0.031232490253182345,Comp_prob,-1.7945080373122404,-0.08340931485974523
logistic,-3.436,11,0.1182749526423722,0.031232490253182345,NRC,0.043045127697596684,0.09929800860910036
logistic,-3.436,11,0.1182749526423722,0.031232490253182345,decileZ(Comp),-0.0027636034273678216,-0.08164581430100987
logistic,-3.436,11,0.1182749526423722,0.031232490253182345,decileZ(NRC),-0.034149222860386935,-0.022777090631228677
logistic,-3.436,11,0.1182749526423722,0.031232490253182345,logit-frac,0.009345922791619436,0.1397225105476233
logistic,-3.436,12,0.07888899297628786,0.029469044225996707,Comp_prob,-1.8598836372012566,-0.004706048214774965
logistic,-3.436,12,0.07888899297628786,0.029469044225996707,NRC,-0.03775468405548967,0.04307077380088929
logistic,-3.436,12,0.07888899297628786,0.029469044225996707,decileZ(Comp),-0.15686124188113085,0.012070832419080888
logistic,-3.436,12,0.07888899297628786,0.029469044225996707,decileZ(NRC),-0.03242594841998783,0.08372730982524418
logistic,-3.436,12,0.07888899297628786,0.029469044225996707,logit-frac,0.014579073864686461,-0.012312184206146068
logistic,-3.436,13,0.14188346695830623,0.02907628933391089,Comp_prob,-1.58229043661391,-0.069117550017394
logistic,-3.436,13,0.14188346695830623,0.02907628933391089,NRC,0.05144273405903488,-0.00941945335751606
logistic,-3.436,13,0.14188346695830623,0.02907628933391089,decileZ(Comp),-0.021464783309789032,-0.0007061561395189306
logistic,-3.436,13,0.14188346695830623,0.02907628933391089,decileZ(NRC),-0.017502978710624197,-0.11207194301617353
logistic,-3.436,13,0.14188346695830623,0.02907628933391089,logit-frac,-0.007244095532057921,-0.024620539806785708
logistic,-3.436,14,0.09450485293188157,0.032220958301736595,Comp_prob,-1.8330140847551248,-0.07172894407660324
logistic,-3.436,14,0.09450485293188157,0.032220958301736595,NRC,-0.009653381881439795,-0.002199507304636647
logistic,-3.436,14,0.09450485293188157,0.032220958301736595,decileZ(Comp),-0.04620194842900624,0.046503850638348304
logistic,-3.436,14,0.09450485293188157,0.032220958301736595,decileZ(NRC),-0.00818635960638791,-0.0025840820543156047
logistic,-3.436,14,0.09450485293188157,0.032220958301736595,logit-frac,-0.00011238319006462482,0.013988765582123527
logistic,-3.436,15,0.16022148285817245,0.03249179788610809,Comp_prob,-1.5535492686652939,0.01316821150433689
logistic,-3.436,15,0.16022148285817245,0.03249179788610809,NRC,0.05949110332132744,0.08677136763816325
logistic,-3.436,15,0.16022148285817245,0.03249179788610809,decileZ(Comp),0.0072254043515634515,-0.01693106569225637
logistic,-3.436,15,0.16022148285817245,0.03249179788610809,decileZ(NRC),0.0007798268536097636,0.054838320279165534
logistic,-3.436,15,0.16022148285817245,0.03249179788610809,logit-frac,0.008018686699541363,0.03775340439519388
logistic,-3.818,0,0.07237718704169549,0.022610279521779925,Comp_prob,-1.7611812544126257,-0.08421767745016451
logistic,-3.818,0,0.07237718704169549,0.022610279521779925,NRC,-0.06780223608509704,0.009033226827204114
logistic,-3.818,0,0.07237718704169549,0.022610279521779925,decileZ(Comp),-0.10522117010449045,-0.029992612612429363
logistic,-3.818,0,0.07237718704169549,0.022610279521779925,decileZ(NRC),0.011316300585687236,-0.06014997932389619
logistic,-3.818,0,0.07237718704169549,0.022610279521779925,logit-frac,-0.01234672551791963,0.0383972791240362
logistic,-3.818,1,0.12450564335388863,0.022497544377436323,Comp_prob,-1.7027686316415802,0.07779244758122379
logistic,-3.818,1,0.12450564335388863,0.022497544377436323,NRC,0.023704298360106103,0.02875709216963238
logistic,-3.818,1,0.12450564335388863,0.022497544377436323,decileZ(Comp),-0.02493022923653327,0.11317924802956561
logistic,-3.818,1,0.12450564335388863,0.022497544377436323,decileZ(NRC),-0.04342758770638949,0.015545028115158923
logistic,-3.818,1,0.12450564335388863,0.022497544377436323,logit-frac,0.0047558398289302495,0.023301686980763237
logistic,-3.818,2,0.10336340731315631,0.020522868626307606,Comp_prob,-1.7163743526312298,-0.04977438288883101
logistic,-3.818,2,0.10336340731315631,0.020522868626307606,NRC,0.09441989785685387,-0.029035172343205035
logistic,-3.818,2,0.10336340731315631,0.020522868626307606,decileZ(Comp),-0.03334370324575399,-0.044581628447705246
logistic,-3.818,2,0.10336340731315631,0.020522868626307606,decileZ(NRC),-0.010589907708197868,0.009876794927574923
logistic,-3.818,2,0.10336340731315631,0.020522868626307606,logit-frac,0.019175483116020568,0.04271816443861194
logistic,-3.818,3,0.11573143516809939,0.022050300301782833,Comp_prob,-1.721868288928807,0.02597535807382206
logistic,-3.818,3,0.11573143516809939,0.022050300301782833,NRC,0.03909884160419145,-0.16698099489251575
logistic,-3.818,3,0.11573143516809939,0.022050300301782833,decileZ(Comp),-0.03405474977043989,-0.005744235527315643
logistic,-3.818,3,0.11573143516809939,0.022050300301782833,decileZ(NRC),-0.023182881690148087,-0.13034126939130142
logistic,-3.818,3,0.11573143516809939,0.022050300301782833,logit-frac,-0.0006510863105519425,-0.11367353233604273
logistic,-3.818,4,0.11500456068818908,0.020472641855705794,Comp_prob,-1.6823795990908836,-0.05524867162547776
logistic,-3.818,4,0.11500456068818908,0.020472641855705794,NRC,-0.018697884925970645,0.025290740712429406
logistic,-3.818,4,0.11500456068818908,0.020472641855705794,decileZ(Comp),-0.031023587704282693,0.05884817607434013
logistic,-3.818,4,0.11500456068818908,0.020472641855705794,decileZ(NRC),-0.0397010432125888,0.07186393511862278
logistic,-3.818,4,0.11500456068818908,0.020472641855705794,logit-frac,0.003566729269556127,0.0461199924524358
logistic,-3.818,5,0.13011909940742486,0.021597748679585416,Comp_prob,-1.681381505453017,-0.10415078025513479
logistic,-3.818,5,0.13011909940742486,0.021597748679585416,NRC,0.06224823064034306,-0.01830302598677661
logistic,-3.818,5,0.13011909940742486,0.021597748679585416,decileZ(Comp),-0.036000700824616746,-0.1242530394477147
logistic,-3.818,5,0.13011909940742486,0.021597748679585416,decileZ(NRC),-0.02344515670277964,0.06979296515272343
logistic,-3.818,5,0.13011909940742486,0.021597748679585416,logit-frac,0.0018929636258174308,-0.06593126891051296
logistic,-3.818,6,0.10218928343907503,0.019931498851730536,Comp_prob,-1.7181815108373741,-0.07195758399119165
logistic,-3.818,6,0.10218928343907503,0.019931498851730536,NRC,-0.018047414150738867,-0.10688146042904238
logistic,-3.818,6,0.10218928343907503,0.019931498851730536,decileZ(Comp),-0.011544993839882643,0.04868389344232044
logistic,-3.818,6,0.10218928343907503,0.019931498851730536,decileZ(NRC),4.174143274676386e-05,-0.1112278764662034
logistic,-3.818,6,0.10218928343907503,0.019931498851730536,logit-frac,-0.000690343791835243,-0.030345546523921126
logistic,-3.818,7,0.11093841753000347,0.022806385500537252,Comp_prob,-1.7480423375637912,0.09597034235521504
logistic,-3.818,7,0.11093841753000347,0.022806385500537252,NRC,0.030401787139913945,-0.016043828171216242
logistic,-3.818,7,0.11093841753000347,0.022806385500537252,decileZ(Comp),-0.013030862283157765,0.0848705755063055
logistic,-3.818,7,0.11093841753000347,0.022806385500537252,decileZ(NRC),-0.010966723704136611,0.030641864735277326
logistic,-3.818,7,0.11093841753000347,0.022806385500537252,logit-frac,-0.003685895553121986,-0.009325059099749684
logistic,-3.818,8,0.07644317476105841,0.0206158056438637,Comp_prob,-1.692684729637632,-0.024539926974730897
logistic,-3.818,8,0.07644317476105841,0.0206158056438637,NRC,-0.04573865876369482,-0.07933875291692935
logistic,-3.818,8,0.07644317476105841,0.0206158056438637,decileZ(Comp),-0.023001427344025435,0.00512863411666321
logistic,-3.818,8,0.07644317476105841,0.0206158056438637,decileZ(NRC),-0.03016621313911668,-0.08948915064387644
logistic,-3.818,8,0.07644317476105841,0.0206158056438637,logit-frac,-0.004888520927572937,0.004046341581967816
logistic,-3.818,9,0.08296765095189076,0.022133818945875093,Comp_prob,-1.7872882900015366,0.005711290757640132
logistic,-3.818,9,0.08296765095189076,0.022133818945875093,NRC,-0.007642082524310804,0.05570800708233318
logistic,-3.818,9,0.08296765095189076,0.022133818945875093,decileZ(Comp),-0.012659961558760733,-0.07452147341407153
logistic,-3.818,9,0.08296765095189076,0.022133818945875093,decileZ(NRC),-0.05069249702749226,0.08261176284071009
logistic,-3.818,9,0.08296765095189076,0.022133818945875093,logit-frac,0.00956922024062543,-0.04303552670427039
logistic,-3.818,10,0.10955316497865933,0.022190959447713224,Comp_prob,-1.7168370067241452,-0.041577394305336766
logistic,-3.818,10,0.10955316497865933,0.022190959447713224,NRC,0.0250756350495928,-0.08278504284276333
logistic,-3.818,10,0.10955316497865933,0.022190959447713224,decileZ(Comp),-0.055221952576602513,0.001711428387708389
logistic,-3.818,10,0.10955316497865933,0.022190959447713224,decileZ(NRC),-0.0057500100219229685,-0.1479268306289367
logistic,-3.818,10,0.10955316497865933,0.022190959447713224,logit-frac,0.0014387853339381056,-0.027071383036563652
logistic,-3.818,11,0.09429921123298045,0.02152951690898571,Comp_prob,-1.7771218439889054,-0.08125092325748696
logistic,-3.818,11,0.09429921123298045,0.02152951690898571,NRC,0.041986980019709005,0.10170487514783508
logistic,-3.818,11,0.09429921123298045,0.02152951690898571,decileZ(Comp),-0.013060422694200338,-0.04936385234593862
logistic,-3.818,11,0.09429921123298045,0.02152951690898571,decileZ(NRC),-0.027449830650126725,-0.027216054245722016
logistic,-3.818,11,0.09429921123298045,0.02152951690898571,logit-frac,0.008055242582394019,0.13972251054762352
logistic,-3.818,12,0.05925873464693012,0.020302438035150607,Comp_prob,-1.7541376368523423,-0.0008961073974021208
logistic,-3.818,12,0.05925873464693012,0.020302438035150607,NRC,-0.05092011935858535,0.003613211191431643
logistic,-3.818,12,0.05925873464693012,0.020302438035150607,decileZ(Comp),-0.1598439697206294,-0.011025692467112791
logistic,-3.818,12,0.05925873464693012,0.020302438035150607,decileZ(NRC),-0.013128003926059336,0.04028052209982088
logistic,-3.818,12,0.05925873464693012,0.020302438035150607,logit-frac,0.014430541405774211,-0.012312184206145858
logistic,-3.818,13,0.1176786582218595,0.02002933173657453,Comp_prob,-1.615433039972891,-0.06893932916087174
logistic,-3.818,13,0.1176786582218595,0.02002933173657453,NRC,0.05746230004922104,-0.024552100419309043
logistic,-3.818,13,0.1176786582218595,0.02002933173657453,decileZ(Comp),-0.03502445512306731,0.01781491339827268
logistic,-3.818,13,0.1176786582218595,0.02002933173657453,decileZ(NRC),-0.012077808898323274,-0.09193720560833232
logistic,-3.818,13,0.1176786582218595,0.02002933173657453,logit-frac,-0.009370899447157903,-0.02462053980678548
logistic,-3.818,14,0.07262439310299047,0.022217941157195813,Comp_prob,-1.7516946454443243,-0.07157903429734315
logistic,-3.818,14,0.07262439310299047,0.022217941157195813,NRC,-0.023318395835976474,-0.020063644146256897
logistic,-3.818,14,0.07262439310299047,0.022217941157195813,decileZ(Comp),-0.1247741189013052,0.0504734239022709
logistic,-3.818,14,0.07262439310299047,0.022217941157195813,decileZ(NRC),-0.017403102616179764,-0.0602633100005488
logistic,-3.818,14,0.07262439310299047,0.022217941157195813,logit-frac,0.0006888313931812837,0.013988765582123149
logistic,-3.818,15,0.13475033179468326,0.022406645147318608,Comp_prob,-1.6346280380828242,0.009814890213424141
logistic,-3.818,15,0.13475033179468326,0.022406645147318608,NRC,0.056022210264418226,0.12573842563797807
logistic,-3.818,15,0.13475033179468326,0.022406645147318608,decileZ(Comp),-0.0022857398962412585,-0.044204676788469906
logistic,-3.818,15,0.13475033179468326,0.022406645147318608,decileZ(NRC),-0.02743278461460116,0.06555707316305998
logistic,-3.818,15,0.13475033179468326,0.022406645147318608,logit-frac,0.007601166421496628,0.037753404395194125
logistic,-4.2,0,0.05476216960580584,0.015542985081505466,Comp_prob,-1.636073576400765,-0.08827114633873662
logistic,-4.2,0,0.05476216960580584,0.015542985081505466,NRC,-0.1172706660025542,-0.02432747768336078
logistic,-4.2,0,0.05476216960580584,0.015542985081505466,decileZ(Comp),-0.17556546264270445,0.002637624747017942
logistic,-4.2,0,0.05476216960580584,0.015542985081505466,decileZ(NRC),-0.026558920454288877,-0.05671899697029278
logistic,-4.2,0,0.05476216960580584,0.015542985081505466,logit-frac,-0.012346725517919628,0.038397279124036114
logistic,-4.2,1,0.10192638857302906,0.015464930004300763,Comp_prob,-1.7158793518037119,0.08215458180561147
logistic,-4.2,1,0.10192638857302906,0.015464930004300763,NRC,0.026391726289732773,-0.005758875723921756
logistic,-4.2,1,0.10192638857302906,0.015464930004300763,decileZ(Comp),-0.03827213297624358,0.04960062286642383
logistic,-4.2,1,0.10192638857302906,0.015464930004300763,decileZ(NRC),-0.02782500899016857,0.010764494892550196
logistic,-4.2,1,0.10192638857302906,0.015464930004300763,logit-frac,0.0017474727686536205,0.02330168698076313
logistic,-4.2,2,0.0828749367910588,0.0140986245359497,Comp_prob,-1.6611718035992091,-0.0464595539223972
logistic,-4.2,2,0.0828749367910588,0.0140986245359497,NRC,0.113014327779162,0.033364158864457705
logistic,-4.2,2,0.0828749367910588,0.0140986245359497,decileZ(Comp),-0.035077741683817096,-0.06334129326883012
logistic,-4.2,2,0.0828749367910588,0.0140986245359497,decileZ(NRC),-0.02397560526593535,0.008933553288203893
logistic,-4.2,2,0.0828749367910588,0.0140986245359497,logit-frac,0.0201075000141707,0.04271816443861222
logistic,-4.2,3,0.09390438571637273,0.015155324508240649,Comp_prob,-1.716276661669093,0.026807672381442566
logistic,-4.2,3,0.09390438571637273,0.015155324508240649,NRC,0.049544342286807146,-0.14017490364643317
logistic,-4.2,3,0.09390438571637273,0.015155324508240649,decileZ(Comp),-0.0623590016448684,0.027154485805156097
logistic,-4.2,3,0.09390438571637273,0.015155324508240649,decileZ(NRC),0.0009477494121302495,-0.1107559981266238
logistic,-4.2,3,0.09390438571637273,0.015155324508240649,logit-frac,-0.0021799425778958317,-0.11367353233604267
logistic,-4.2,4,0.09393201769911438,0.014063894427775952,Comp_prob,-1.6507175552969917,-0.049650933546008615
logistic,-4.2,4,0.09393201769911438,0.014063894427775952,NRC,-0.03994666569503519,0.03287460961856307
logistic,-4.2,4,0.09393201769911438,0.014063894427775952,decileZ(Comp),-0.018896101226318237,0.06796670217082063
logistic,-4.2,4,0.09393201769911438,0.014063894427775952,decileZ(NRC),-0.04541765913574751,0.08986517766926841
logistic,-4.2,4,0.09393201769911438,0.014063894427775952,logit-frac,0.004211456886765499,0.04611999245243555
logistic,-4.2,5,0.10763614467458382,0.014842134972487306,Comp_prob,-1.686559015473183,-0.110014018726052
logistic,-4.2,5,0.10763614467458382,0.014842134972487306,NRC,0.07479307689984821,0.07201815034950174
logistic,-4.2,5,0.10763614467458382,0.014842134972487306,decileZ(Comp),-0.027680916359634114,-0.1360063976976208
logistic,-4.2,5,0.10763614467458382,0.014842134972487306,decileZ(NRC),-0.027690097593587065,0.11609958176386348
logistic,-4.2,5,0.10763614467458382,0.014842134972487306,logit-frac,0.005858020340618752,-0.06593126891051308
logistic,-4.2,6,0.08204976035907345,0.013689783101077628,Comp_prob,-1.665445271371501,-0.06614861159782419
logistic,-4.2,6,0.08204976035907345,0.013689783101077628,NRC,-0.042248613003907545,-0.06380560843462955
logistic,-4.2,6,0.08204976035907345,0.013689783101077628,decileZ(Comp),-0.023320134088868478,0.05322019100456854
logistic,-4.2,6,0.08204976035907345,0.013689783101077628,decileZ(NRC),-0.0055995860456349595,-0.09592041022743755
logistic,-4.2,6,0.08204976035907345,0.013689783101077628,logit-frac,0.001042942836785334,-0.03034554652392093
logistic,-4.2,7,0.0887234730617118,0.015678777511974634,Comp_prob,-1.737600824766641,0.09064874191812018
logistic,-4.2,7,0.0887234730617118,0.015678777511974634,NRC,0.021445915043888864,0.019557604408621188
logistic,-4.2,7,0.0887234730617118,0.015678777511974634,decileZ(Comp),-0.043084257541898235,0.09474978619851518
logistic,-4.2,7,0.0887234730617118,0.015678777511974634,decileZ(NRC),-0.03248716832012324,0.03827765821602497
logistic,-4.2,7,0.0887234730617118,0.015678777511974634,logit-frac,-0.0021374451960981195,-0.00932505909974981
logistic,-4.2,8,0.05874367512973604,0.01416289027148136,Comp_prob,-1.5945132895015084,-0.023853497892791297
logistic,-4.2,8,0.05874367512973604,0.01416289027148136,NRC,-0.06719808636801892,-0.11241221767759131
logistic,-4.2,8,0.05874367512973604,0.01416289027148136,decileZ(Comp),-0.012838633719873564,0.007124567766633973
logistic,-4.2,8,0.05874367512973604,0.01416289027148136,decileZ(NRC),-0.021502626664696538,-0.10114688659046935
logistic,-4.2,8,0.05874367512973604,0.01416289027148136,logit-frac,-0.004683771609594931,0.004046341581967364
logistic,-4.2,9,0.06378388508382599,0.015213133712041851,Comp_prob,-1.691309864768308,0.006754236297699983
logistic,-4.2,9,0.06378388508382599,0.015213133712041851,NRC,-0.013832018168329994,0.0784827037607337
logistic,-4.2,9,0.06378388508382599,0.015213133712041851,decileZ(Comp),-0.08911229036072946,-0.08170385227403007
logistic,-4.2,9,0.06378388508382599,0.015213133712041851,decileZ(NRC),-0.024049733167516994,0.06808087210309388
logistic,-4.2,9,0.06378388508382599,0.015213133712041851,logit-frac,0.009282510896447712,-0.04303552670427016
logistic,-4.2,10,0.0883299757203758,0.015252686503178183,Comp_prob,-1.6643150005305958,-0.04995292097279891
logistic,-4.2,10,0.0883299757203758,0.015252686503178183,NRC,0.026484228682080616,-0.14155435365425054
logistic,-4.2,10,0.0883299757203758,0.015252686503178183,decileZ(Comp),-0.05810928383034067,-0.01927046553100494
logistic,-4.2,10,0.0883299757203758,0.015252686503178183,decileZ(NRC),0.001222426538994504,-0.16417764212337888
logistic,-4.2,10,0.0883299757203758,0.015252686503178183,logit-frac,0.0038233707662322356,-0.02707138303656415
logistic,-4.2,11,0.07417677701730718,0.014794922858512074,Comp_prob,-1.694379188190163,-0.08097193672776147
logistic,-4.2,11,0.07417677701730718,0.014794922858512074,NRC,0.046277043202960035,0.08571040675515891
logistic,-4.2,11,0.07417677701730718,0.014794922858512074,decileZ(Comp),-0.04048345723695923,-0.0604232598501817
logistic,-4.2,11,0.07417677701730718,0.014794922858512074,decileZ(NRC),-0.029530340590453424,-0.032739042306192845
logistic,-4.2,11,0.07417677701730718,0.014794922858512074,logit-frac,0.008966518393199558,0.13972251054762358
logistic,-4.2,12,0.04389072709420926,0.01394621254951053,Comp_prob,-1.6403398645107763,0.0024029503736285604
logistic,-4.2,12,0.04389072709420926,0.01394621254951053,NRC,-0.0845477512641418,0.010617064060725394
logistic,-4.2,12,0.04389072709420926,0.01394621254951053,decileZ(Comp),-0.16101535750616286,-0.019504388529026466
logistic,-4.2,12,0.04389072709420926,0.01394621254951053,decileZ(NRC),-0.026512076380217943,0.04816298212050978
logistic,-4.2,12,0.04389072709420926,0.01394621254951053,logit-frac,0.01443054140577493,-0.012312184206146576
logistic,-4.2,13,0.09674424128002797,0.013757408858933671,Comp_prob,-1.6164466446940686,-0.06720545097042271
logistic,-4.2,13,0.09674424128002797,0.013757408858933671,NRC,0.06742317487714308,-0.03934687023147978
logistic,-4.2,13,0.09674424128002797,0.013757408858933671,decileZ(Comp),-0.04120954398571827,0.07723711942792032
logistic,-4.2,13,0.09674424128002797,0.013757408858933671,decileZ(NRC),-0.01867391668921395,-0.09434134319832382
logistic,-4.2,13,0.09674424128002797,0.013757408858933671,logit-frac,-0.00910816674900228,-0.024620539806785385
logistic,-4.2,14,0.05500824942927261,0.015271363808976505,Comp_prob,-1.6467733848792447,-0.07016753970729732
logistic,-4.2,14,0.05500824942927261,0.015271363808976505,NRC,-0.028090120424827458,-0.08346913742424401
logistic,-4.2,14,0.05500824942927261,0.015271363808976505,decileZ(Comp),-0.12412006620432438,0.0598170971365669
logistic,-4.2,14,0.05500824942927261,0.015271363808976505,decileZ(NRC),-0.0028536225732936587,-0.05965599004565947
logistic,-4.2,14,0.05500824942927261,0.015271363808976505,logit-frac,0.0008135419304776227,0.01398876558212316
logistic,-4.2,15,0.1121842571327114,0.015401997682326732,Comp_prob,-1.6678093719011455,0.006133647135706857
logistic,-4.2,15,0.1121842571327114,0.015401997682326732,NRC,0.05470905693256537,0.12870437815285074
logistic,-4.2,15,0.1121842571327114,0.015401997682326732,decileZ(Comp),-0.033256258608393464,-0.04586277370541479
logistic,-4.2,15,0.1121842571327114,0.015401997682326732,decileZ(NRC),-0.04837632400680577,0.10075577262759414
logistic,-4.2,15,0.1121842571327114,0.015401997682326732,logit-frac,0.005874601068573161,0.0377534043951938
nonlinear,0.0,0,0.4948791964038813,0.48845458299779027,Comp_prob,0.03167513568871535,0.04726915973365567
nonlinear,0.0,0,0.4948791964038813,0.48845458299779027,NRC,-0.03233204211677348,0.009561750801406137
nonlinear,0.0,0,0.4948791964038813,0.48845458299779027,decileZ(Comp),0.03308132132981827,0.05733813309772861
nonlinear,0.0,0,0.4948791964038813,0.48845458299779027,decileZ(NRC),-0.028733833730280392,0.009093395242549613
nonlinear,0.0,0,0.4948791964038813,0.48845458299779027,logit-frac,-0.09529775139619456,0.06508226115825194
nonlinear,0.0,1,0.4918570960842948,0.4093692738192289,Comp_prob,-0.12286021791343157,-0.00710877577622701
nonlinear,0.0,1,0.4918570960842948,0.4093692738192289,NRC,-0.026326960165732806,0.06147593314749407
nonlinear,0.0,1,0.4918570960842948,0.4093692738192289,decileZ(Comp),-0.010272262787957374,0.002246670101652845
nonlinear,0.0,1,0.4918570960842948,0.4093692738192289,decileZ(NRC),-0.008097084829332753,0.049150087654771614
nonlinear,0.0,1,0.4918570960842948,0.4093692738192289,logit-frac,-0.02698990159085073,-0.017440586059440474
nonlinear,0.0,2,0.5033727234014487,0.47999372592465295,Comp_prob,-0.059358699759770775,0.02002811860822325
nonlinear,0.0,2,0.5033727234014487,0.47999372592465295,NRC,-0.07706591374063788,0.026392078675880126
nonlinear,0.0,2,0.5033727234014487,0.47999372592465295,decileZ(Comp),0.008782583567882913,0.011693169325347265
nonlinear,0.0,2,0.5033727234014487,0.47999372592465295,decileZ(NRC),0.012536381733325658,0.052832806609499586
nonlinear,0.0,2,0.5033727234014487,0.47999372592465295,logit-frac,-0.07064697926488786,0.042214556031996565
nonlinear,0.0,3,0.497820645540946,0.5023653896134461,Comp_prob,0.005041491880019881,0.045202563766626014
nonlinear,0.0,3,0.497820645540946,0.5023653896134461,NRC,-0.0297752519009315,0.07061747198276463
nonlinear,0.0,3,0.497820645540946,0.5023653896134461,decileZ(Comp),-0.010023041829135743,0.04819630773430036
nonlinear,0.0,3,0.497820645540946,0.5023653896134461,decileZ(NRC),-0.012037432723273407,0.08541850313102725
nonlinear,0.0,3,0.497820645540946,0.5023653896134461,logit-frac,-0.08956040659617392,0.1491117300851115
nonlinear,0.0,4,0.49486625037419346,0.5224720955379873,Comp_prob,-0.01163079925294809,-0.10009941752449464
nonlinear,0.0,4,0.49486625037419346,0.5224720955379873,NRC,-0.027088126371205015,0.05107512029945135
nonlinear,0.0,4,0.49486625037419346,0.5224720955379873,decileZ(Comp),-0.012632382702792676,-0.10323913842929999
nonlinear,0.0,4,0.49486625037419346,0.5224720955379873,decileZ(NRC),0.03574330992902755,0.011368474845576213
nonlinear,0.0,4,0.49486625037419346,0.5224720955379873,logit-frac,0.07480923529134241,0.03852485196843697
nonlinear,0.0,5,0.5022288591571611,0.5210041800813211,Comp_prob,0.08828425936580346,-0.06192449780587589
nonlinear,0.0,5,0.5022288591571611,0.5210041800813211,NRC,-0.03745375584728083,0.0238854797740101
nonlinear,0.0,5,0.5022288591571611,0.5210041800813211,decileZ(Comp),0.0022881935863441616,-0.0457622749174679
nonlinear,0.0,5,0.5022288591571611,0.5210041800813211,decileZ(NRC),-0.008776966774383037,0.03894284553545014
nonlinear,0.0,5,0.5022288591571611,0.5210041800813211,logit-frac,-0.03244125329016633,0.059293638525546304
nonlinear,0.0,6,0.5028185159396182,0.4984481309521203,Comp_prob,0.023065148270868054,-0.03848831380843297
nonlinear,0.0,6,0.5028185159396182,0.4984481309521203,NRC,0.030517397083052997,-0.02822179248050225
nonlinear,0.0,6,0.5028185159396182,0.4984481309521203,decileZ(Comp),-0.011684080528041445,-0.04619264760448963
nonlinear,0.0,6,0.5028185159396182,0.4984481309521203,decileZ(NRC),-0.017932904579181747,0.005306968412659942
nonlinear,0.0,6,0.5028185159396182,0.4984481309521203,logit-frac,-0.03173976107061624,-0.03333204414664076
nonlinear,0.0,7,0.500855894420197,0.5161859559260062,Comp_prob,-0.04379051676460585,0.06820011716740187
nonlinear,0.0,7,0.500855894420197,0.5161859559260062,NRC,-0.05723026100786441,-0.03660262797923403
nonlinear,0.0,7,0.500855894420197,0.5161859559260062,decileZ(Comp),-0.014219512858520559,0.06869813095631776
nonlinear,0.0,7,0.500855894420197,0.5161859559260062,decileZ(NRC),0.0009279163258801858,-0.0004919143652465478
nonlinear,0.0,7,0.500855894420197,0.5161859559260062,logit-frac,0.03490728584872174,0.02484105556398974
nonlinear,0.0,8,0.5121383561805122,0.584078320041242,Comp_prob,-0.01782265356340044,0.04676305302651372
nonlinear,0.0,8,0.5121383561805122,0.584078320041242,NRC,-0.04396856792960242,-0.0004294015458399657
nonlinear,0.0,8,0.5121383561805122,0.584078320041242,decileZ(Comp),-0.008672795049493197,0.055078492114205777
nonlinear,0.0,8,0.5121383561805122,0.584078320041242,decileZ(NRC),-0.023338417496241683,0.021148905822760085
nonlinear,0.0,8,0.5121383561805122,0.584078320041242,logit-frac,-0.06379137880752454,0.011564197742165806
nonlinear,0.0,9,0.4862207358742272,0.4463713558591346,Comp_prob,-0.05431598680717314,-0.04406110943304577
nonlinear,0.0,9,0.4862207358742272,0.4463713558591346,NRC,-0.05433255528990757,0.01542408487461498
nonlinear,0.0,9,0.4862207358742272,0.4463713558591346,decileZ(Comp),-0.0008873094261704351,-0.06246606909564362
nonlinear,0.0,9,0.4862207358742272,0.4463713558591346,decileZ(NRC),-0.021918028940352503,0.05139738491046329
nonlinear,0.0,9,0.4862207358742272,0.4463713558591346,logit-frac,-0.05109961993397647,-0.06881714041156294
nonlinear,0.0,10,0.498461724071755,0.4612103965722923,Comp_prob,-0.1161658314988379,-0.03592900186297461
nonlinear,0.0,10,0.498461724071755,0.4612103965722923,NRC,0.06314743762747915,0.14275274204616623
nonlinear,0.0,10,0.498461724071755,0.4612103965722923,decileZ(Comp),-0.011967716488898304,-0.03797275766845995
nonlinear,0.0,10,0.498461724071755,0.4612103965722923,decileZ(NRC),-0.0299928100659013,0.09771013065629024
nonlinear,0.0,10,0.498461724071755,0.4612103965722923,logit-frac,0.062031673475297366,0.0785064765070814
nonlinear,0.0,11,0.500827092144897,0.5047605688728944,Comp_prob,0.008821959686411765,-0.01610857238638872
nonlinear,0.0,11,0.500827092144897,0.5047605688728944,NRC,-0.03196931800826248,-0.05955217404327012
nonlinear,0.0,11,0.500827092144897,0.5047605688728944,decileZ(Comp),-0.037017880354816984,-0.03238858793529864
nonlinear,0.0,11,0.500827092144897,0.5047605688728944,decileZ(NRC),-0.010101621322417651,0.024164761781844468
nonlinear,0.0,11,0.500827092144897,0.5047605688728944,logit-frac,-0.001818676116589701,-0.0241871641641725
nonlinear,0.0,12,0.4904944668934629,0.4458066055378676,Comp_prob,-0.14041641418103956,0.06687777493882721
nonlinear,0.0,12,0.4904944668934629,0.4458066055378676,NRC,0.13407223022293632,0.07709723491576054
nonlinear,0.0,12,0.4904944668934629,0.4458066055378676,decileZ(Comp),0.005496836989571939,0.07054282870410578
nonlinear,0.0,12,0.4904944668934629,0.4458066055378676,decileZ(NRC),0.000930420587030802,0.06809669423090017
nonlinear,0.0,12,0.4904944668934629,0.4458066055378676,logit-frac,0.05740989209797905,0.04930861947972733
nonlinear,0.0,13,0.5151640933960647,0.5939395395183246,Comp_prob,0.11873811423107407,-0.06737193458731437
nonlinear,0.0,13,0.5151640933960647,0.5939395395183246,NRC,-0.11975039269953651,0.04407896810683113
nonlinear,0.0,13,0.5151640933960647,0.5939395395183246,decileZ(Comp),-0.002252962637334103,-0.06376119149655379
nonlinear,0.0,13,0.5151640933960647,0.5939395395183246,decileZ(NRC),-0.00650686374656383,0.0010342213734356245
nonlinear,0.0,13,0.5151640933960647,0.5939395395183246,logit-frac,-0.07140791276018124,0.04377882269063948
nonlinear,0.0,14,0.5030175811921289,0.5044164282667326,Comp_prob,-0.018770247542390452,0.048011311709707495
nonlinear,0.0,14,0.5030175811921289,0.5044164282667326,NRC,-0.04502511848600693,0.03017930691236606
nonlinear,0.0,14,0.5030175811921289,0.5044164282667326,decileZ(Comp),0.01038402288611117,0.05063780685680197
nonlinear,0.0,14,0.5030175811921289,0.5044164282667326,decileZ(NRC),-0.0016232369328188709,0.11403957352869928
nonlinear,0.0,14,0.5030175811921289,0.5044164282667326,logit-frac,0.08141808396923453,-0.017886461991105128
nonlinear,0.0,15,0.5031517877692865,0.5060112703100929,Comp_prob,0.05757325134638826,-0.05921274991363369
nonlinear,0.0,15,0.5031517877692865,0.5060112703100929,NRC,-0.0734232040585931,0.0053957073149071095
nonlinear,0.0,15,0.5031517877692865,0.5060112703100929,decileZ(Comp),0.025597846136723362,-0.05552607973632043
nonlinear,0.0,15,0.5031517877692865,0.5060112703100929,decileZ(NRC),-0.021825707222298533,-0.1331694216445205
nonlinear,0.0,15,0.5031517877692865,0.5060112703100929,logit-frac,-0.05135033045004529,-0.01552519476311667
nonlinear,-0.382,0,0.4484589936524395,0.3945586546141579,Comp_prob,-0.18766045871187226,0.03756776847150292
nonlinear,-0.382,0,0.4484589936524395,0.3945586546141579,NRC,-0.030230296139273666,-0.0009718335768396713
nonlinear,-0.382,0,0.4484589936524395,0.3945586546141579,decileZ(Comp),0.015078164660582948,0.04348762355953872
nonlinear,-0.382,0,0.4484589936524395,0.3945586546141579,decileZ(NRC),-0.005795108548180454,-0.008245752487063246
nonlinear,-0.382,0,0.4484589936524395,0.3945586546141579,logit-frac,-0.09893972720163936,0.06508226115825207
nonlinear,-0.382,1,0.4494006043269026,0.32113223477539476,Comp_prob,-0.21190286477085518,-0.001300656876895699
nonlinear,-0.382,1,0.4494006043269026,0.32113223477539476,NRC,-0.012576224733980911,0.06430836580346462
nonlinear,-0.382,1,0.4494006043269026,0.32113223477539476,decileZ(Comp),0.012745041670777259,0.009141629783755958
nonlinear,-0.382,1,0.4494006043269026,0.32113223477539476,decileZ(NRC),-0.012878091305024186,0.02871385768542193
nonlinear,-0.382,1,0.4494006043269026,0.32113223477539476,logit-frac,-0.04810921816804972,-0.017440586059440336
nonlinear,-0.382,2,0.4439845423627257,0.38649538852461385,Comp_prob,-0.3039469979182326,0.018298496165765687
nonlinear,-0.382,2,0.4439845423627257,0.38649538852461385,NRC,-0.05880460328793187,0.020962499945848697
nonlinear,-0.382,2,0.4439845423627257,0.38649538852461385,decileZ(Comp),0.03625856520530924,0.009921842007751848
nonlinear,-0.382,2,0.4439845423627257,0.38649538852461385,decileZ(NRC),-0.029136027847445223,0.018156901279701772
nonlinear,-0.382,2,0.4439845423627257,0.38649538852461385,logit-frac,-0.10610038944554169,0.04221455603199655
nonlinear,-0.382,3,0.4396505175909142,0.4079278043438802,Comp_prob,-0.24777583504570544,0.04075834279293269
nonlinear,-0.382,3,0.4396505175909142,0.4079278043438802,NRC,-0.0005026963832817739,0.0757329667588443
nonlinear,-0.382,3,0.4396505175909142,0.4079278043438802,decileZ(Comp),-0.024536800568723992,0.04098553196791161
nonlinear,-0.382,3,0.4396505175909142,0.4079278043438802,decileZ(NRC),0.027256708079785107,0.0797131510577958
nonlinear,-0.382,3,0.4396505175909142,0.4079278043438802,logit-frac,-0.07587387249550771,0.14911173008511183
nonlinear,-0.382,4,0.443585129268584,0.42750181769280826,Comp_prob,-0.1723683886828511,-0.10426157516324974
nonlinear,-0.382,4,0.443585129268584,0.42750181769280826,NRC,-0.012403897802899088,0.05879905270443622
nonlinear,-0.382,4,0.443585129268584,0.42750181769280826,decileZ(Comp),0.01675325951646058,-0.11044486122823
nonlinear,-0.382,4,0.443585129268584,0.42750181769280826,decileZ(NRC),-0.009299860253718407,0.07296936287578482
nonlinear,-0.382,4,0.443585129268584,0.42750181769280826,logit-frac,0.07926634635045521,0.03852485196843711
nonlinear,-0.382,5,0.4446940154678166,0.42606265906182683,Comp_prob,-0.15315723215583127,-0.0647873174127797
nonlinear,-0.382,5,0.4446940154678166,0.42606265906182683,NRC,-0.021590307027213793,0.035980482860455285
nonlinear,-0.382,5,0.4446940154678166,0.42606265906182683,decileZ(Comp),0.013126569109562834,-0.05486508351447192
nonlinear,-0.382,5,0.4446940154678166,0.42606265906182683,decileZ(NRC),-0.009976757711305717,0.05777007642149203
nonlinear,-0.382,5,0.4446940154678166,0.42606265906182683,logit-frac,-0.04404410007719937,0.0592936385255464
nonlinear,-0.382,6,0.44439482040016964,0.404148883889316,Comp_prob,-0.27386117521300335,-0.03532144283690374
nonlinear,-0.382,6,0.44439482040016964,0.404148883889316,NRC,0.05302145915738283,-0.042370428469178906
nonlinear,-0.382,6,0.44439482040016964,0.404148883889316,decileZ(Comp),0.00029866445829873894,-0.0382566097279569
nonlinear,-0.382,6,0.44439482040016964,0.404148883889316,decileZ(NRC),-0.006767717069813054,0.0032855888781162784
nonlinear,-0.382,6,0.44439482040016964,0.404148883889316,logit-frac,-0.02237100603511891,-0.033332044146641024
nonlinear,-0.382,7,0.44697507978607226,0.421350101403771,Comp_prob,-0.24875483655484049,0.06620683742406852
nonlinear,-0.382,7,0.44697507978607226,0.421350101403771,NRC,-0.0033453677830614713,-0.014642306361353528
nonlinear,-0.382,7,0.44697507978607226,0.421350101403771,decileZ(Comp),-0.007134454118312754,0.06041848682447482
nonlinear,-0.382,7,0.44697507978607226,0.421350101403771,decileZ(NRC),0.03405494638230326,-0.005809054228725576
nonlinear,-0.382,7,0.44697507978607226,0.421350101403771,logit-frac,0.025140517394155674,0.024841055563989637
nonlinear,-0.382,8,0.4671630699454052,0.4893861222702743,Comp_prob,-0.20771031427038256,0.04079340381408451
nonlinear,-0.382,8,0.4671630699454052,0.4893861222702743,NRC,-0.019660638764050276,-0.009031674769704874
nonlinear,-0.382,8,0.4671630699454052,0.4893861222702743,decileZ(Comp),-0.027939564972451512,0.044163020456473245
nonlinear,-0.382,8,0.4671630699454052,0.4893861222702743,decileZ(NRC),0.0034211379200529777,0.0001546823633072139
nonlinear,-0.382,8,0.4671630699454052,0.4893861222702743,logit-frac,-0.07672784777420934,0.011564197742165857
nonlinear,-0.382,9,0.429227864445617,0.35495183080758075,Comp_prob,-0.31362546072594155,-0.042834732782688144
nonlinear,-0.382,9,0.429227864445617,0.35495183080758075,NRC,0.007853457867627306,0.03689967204380367
nonlinear,-0.382,9,0.429227864445617,0.35495183080758075,decileZ(Comp),0.0026693533530199147,-0.06309712315052923
nonlinear,-0.382,9,0.429227864445617,0.35495183080758075,decileZ(NRC),-0.00466255948608008,0.006130377378232123
nonlinear,-0.382,9,0.429227864445617,0.35495183080758075,logit-frac,0.002549017630593243,-0.06881714041156287
nonlinear,-0.382,10,0.44636590026998213,0.36877613035677714,Comp_prob,-0.298458712516967,-0.03360542685416497
nonlinear,-0.382,10,0.44636590026998213,0.36877613035677714,NRC,0.10620955839352714,0.14082175013318504
nonlinear,-0.382,10,0.44636590026998213,0.36877613035677714,decileZ(Comp),-0.012390445029107543,-0.038063105307565175
nonlinear,-0.382,10,0.44636590026998213,0.36877613035677714,decileZ(NRC),-0.0028973463897170497,0.13381428575908594
nonlinear,-0.382,10,0.44636590026998213,0.36877613035677714,logit-frac,0.050687268675644846,0.07850647650708133
nonlinear,-0.382,11,0.4460487442470481,0.41024391249709297,Comp_prob,-0.2316403364756669,-0.016554468480989484
nonlinear,-0.382,11,0.4460487442470481,0.41024391249709297,NRC,0.009127641239359514,-0.05017561985329223
nonlinear,-0.382,11,0.4460487442470481,0.41024391249709297,decileZ(Comp),-0.007430427131991739,-0.031193193745449193
nonlinear,-0.382,11,0.4460487442470481,0.41024391249709297,decileZ(NRC),0.006708926544665747,0.027413187803872842
nonlinear,-0.382,11,0.4460487442470481,0.41024391249709297,logit-frac,0.01119183713273425,-0.024187164164172544
nonlinear,-0.382,12,0.44728514354560794,0.3544286973929035,Comp_prob,-0.27977653299688765,0.06813332392115029
nonlinear,-0.382,12,0.44728514354560794,0.3544286973929035,NRC,0.15291512644318297,0.08481423173545437
nonlinear,-0.382,12,0.44728514354560794,0.3544286973929035,decileZ(Comp),-0.05871848817831406,0.07542165465480186
nonlinear,-0.382,12,0.44728514354560794,0.3544286973929035,decileZ(NRC),0.009780970329638553,0.08502901377751211
nonlinear,-0.382,12,0.44728514354560794,0.3544286973929035,logit-frac,0.059933827064558236,0.04930861947972742
nonlinear,-0.382,13,0.4696030814461811,0.49956886583242543,Comp_prob,-0.05557065815761053,-0.07290255448748391
nonlinear,-0.382,13,0.4696030814461811,0.49956886583242543,NRC,-0.14330540280576587,0.039426233030526975
nonlinear,-0.382,13,0.4696030814461811,0.49956886583242543,decileZ(Comp),-0.02081596124627248,-0.0645076356498676
nonlinear,-0.382,13,0.4696030814461811,0.49956886583242543,decileZ(NRC),0.028831291779268173,0.03075274015162026
nonlinear,-0.382,13,0.4696030814461811,0.49956886583242543,logit-frac,-0.09066858331694357,0.04377882269063988
nonlinear,-0.382,14,0.4584307974704377,0.4099108748318656,Comp_prob,-0.16953327205040905,0.039982092231592346
nonlinear,-0.382,14,0.4584307974704377,0.4099108748318656,NRC,-0.02929182048875187,0.02553610651898083
nonlinear,-0.382,14,0.4584307974704377,0.4099108748318656,decileZ(Comp),-0.0011548526673828344,0.042144148659473864
nonlinear,-0.382,14,0.4584307974704377,0.4099108748318656,decileZ(NRC),-0.03037285535526558,0.11129246676316937
nonlinear,-0.382,14,0.4584307974704377,0.4099108748318656,logit-frac,0.06201414466286189,-0.01788646199110524
nonlinear,-0.382,15,0.4356239015631969,0.4114549929990362,Comp_prob,-0.36166900685048203,-0.07046707517572512
nonlinear,-0.382,15,0.4356239015631969,0.4114549929990362,NRC,-0.05467083423443274,0.0026684268700322426
nonlinear,-0.382,15,0.4356239015631969,0.4114549929990362,decileZ(Comp),-0.024222883451892847,-0.0742807919006971
nonlinear,-0.382,15,0.4356239015631969,0.4114549929990362,decileZ(NRC),-0.011355410870615416,-0.09038693311453308
nonlinear,-0.382,15,0.4356239015631969,0.4114549929990362,logit-frac,-0.08147185397407851,-0.01552519476311711
nonlinear,-0.764,0,0.40263477696844274,0.30785003522721793,Comp_prob,-0.44171321528066476,0.030883309009033764
nonlinear,-0.764,0,0.40263477696844274,0.30785003522721793,NRC,-0.008464994958801497,-0.026212188064040343
nonlinear,-0.764,0,0.40263477696844274,0.30785003522721793,decileZ(Comp),-0.021821891501354496,0.041177968805499524
nonlinear,-0.764,0,0.40263477696844274,0.30785003522721793,decileZ(NRC),-0.02173347925178843,-0.023895932220250136
nonlinear,-0.764,0,0.40263477696844274,0.30785003522721793,logit-frac,-0.08901179151617808,0.06508226115825193
nonlinear,-0.764,1,0.4075671680841066,0.24405530216777105,Comp_prob,-0.31756485001896984,0.004053017385523695
nonlinear,-0.764,1,0.4075671680841066,0.24405530216777105,NRC,0.09358019289339436,0.05705818694844896
nonlinear,-0.764,1,0.4075671680841066,0.24405530216777105,decileZ(Comp),-0.022295292185010848,0.0022482742086013426
nonlinear,-0.764,1,0.4075671680841066,0.24405530216777105,decileZ(NRC),0.025720744497635492,0.016176372435411143
nonlinear,-0.764,1,0.4075671680841066,0.24405530216777105,logit-frac,0.03497490423676118,-0.01744058605944029
nonlinear,-0.764,2,0.38556954222996637,0.3006787412770063,Comp_prob,-0.5493928892267722,0.013696547029651797
nonlinear,-0.764,2,0.38556954222996637,0.3006787412770063,NRC,0.01786264397614072,0.05529970560462863
nonlinear,-0.764,2,0.38556954222996637,0.3006787412770063,decileZ(Comp),-0.0043738366963108595,-0.0065116783046051
nonlinear,-0.764,2,0.38556954222996637,0.3006787412770063,decileZ(NRC),-0.02326190551891403,0.08332096418419313
nonlinear,-0.764,2,0.38556954222996637,0.3006787412770063,logit-frac,-0.03427588038328015,0.04221455603199642
nonlinear,-0.764,3,0.3827523747758703,0.3198332176971272,Comp_prob,-0.4752868678484852,0.035689227359463664
nonlinear,-0.764,3,0.3827523747758703,0.3198332176971272,NRC,0.035656934470488295,0.11982442239131433
nonlinear,-0.764,3,0.3827523747758703,0.3198332176971272,decileZ(Comp),0.0026881139174393413,0.02812017717208801
nonlinear,-0.764,3,0.3827523747758703,0.3198332176971272,decileZ(NRC),-0.012817032280468942,0.0890195819068075
nonlinear,-0.764,3,0.3827523747758703,0.3198332176971272,logit-frac,-0.024788231421968374,0.1491117300851116
nonlinear,-0.764,4,0.39332389754178676,0.337590343934961,Comp_prob,-0.363871051373006,-0.10674123357021603
nonlinear,-0.764,4,0.39332389754178676,0.337590343934961,NRC,0.023513087432608108,0.04098637530999298
nonlinear,-0.764,4,0.39332389754178676,0.337590343934961,decileZ(Comp),0.01249381682687718,-0.10821788156510723
nonlinear,-0.764,4,0.39332389754178676,0.337590343934961,decileZ(NRC),-0.012520610820987725,0.05354954639131824
nonlinear,-0.764,4,0.39332389754178676,0.337590343934961,logit-frac,0.060402646746724825,0.03852485196843703
nonlinear,-0.764,5,0.38844088817224326,0.3362760766199247,Comp_prob,-0.39021454675664413,-0.06589835330005796
nonlinear,-0.764,5,0.38844088817224326,0.3362760766199247,NRC,0.11397712271330786,0.05617354019721875
nonlinear,-0.764,5,0.38844088817224326,0.3362760766199247,decileZ(Comp),-0.004812915436771065,-0.05468124510461114
nonlinear,-0.764,5,0.38844088817224326,0.3362760766199247,decileZ(NRC),0.020772775877850425,0.0750569398073707
nonlinear,-0.764,5,0.38844088817224326,0.3362760766199247,logit-frac,-0.020132836677615493,0.05929363852554617
nonlinear,-0.764,6,0.3869555326524218,0.3164342223944994,Comp_prob,-0.5614806971012604,-0.030618259669676882
nonlinear,-0.764,6,0.3869555326524218,0.3164342223944994,NRC,0.016991602418736578,-0.05677259829961145
nonlinear,-0.764,6,0.3869555326524218,0.3164342223944994,decileZ(Comp),0.010825449820819094,-0.024166319943577926
nonlinear,-0.764,6,0.3869555326524218,0.3164342223944994,decileZ(NRC),-0.028333111933215745,-0.00443700218586084
nonlinear,-0.764,6,0.3869555326524218,0.3164342223944994,logit-frac,-0.02120089194934958,-0.03333204414664087
nonlinear,-0.764,7,0.39418806009993007,0.331982182412993,Comp_prob,-0.46852658902815,0.06284836614452957
nonlinear,-0.764,7,0.39418806009993007,0.331982182412993,NRC,0.09114396665223715,-0.006562638391228487
nonlinear,-0.764,7,0.39418806009993007,0.331982182412993,decileZ(Comp),0.010645848169225581,0.04714241604478396
nonlinear,-0.764,7,0.39418806009993007,0.331982182412993,decileZ(NRC),0.0103036003224947,0.0019071574149742976
nonlinear,-0.764,7,0.39418806009993007,0.331982182412993,logit-frac,0.03443179904526287,0.024841055563989793
nonlinear,-0.764,8,0.422369377248007,0.3954495536444073,Comp_prob,-0.333753944646947,0.03531575249409992
nonlinear,-0.764,8,0.422369377248007,0.3954495536444073,NRC,-0.04300884265192326,-0.01970136711155886
nonlinear,-0.764,8,0.422369377248007,0.3954495536444073,decileZ(Comp),-0.021596151688642345,0.04283733438221532
nonlinear,-0.764,8,0.422369377248007,0.3954495536444073,decileZ(NRC),-0.006232279773961319,-0.01602937296343464
nonlinear,-0.764,8,0.422369377248007,0.3954495536444073,logit-frac,-0.09213560819583627,0.011564197742165777
nonlinear,-0.764,9,0.3736014407876018,0.2730221856167222,Comp_prob,-0.5704191829371605,-0.04085049319992283
nonlinear,-0.764,9,0.3736014407876018,0.2730221856167222,NRC,0.04112389845677168,0.07548697348073485
nonlinear,-0.764,9,0.3736014407876018,0.2730221856167222,decileZ(Comp),-0.02337885099546475,-0.06199029191183777
nonlinear,-0.764,9,0.3736014407876018,0.2730221856167222,decileZ(NRC),-0.05259278975692064,0.011095228874331689
nonlinear,-0.764,9,0.3736014407876018,0.2730221856167222,logit-frac,0.005649627264811551,-0.06881714041156295
nonlinear,-0.764,10,0.3950334563707228,0.28506573105198213,Comp_prob,-0.4499586699799078,-0.030856086577325928
nonlinear,-0.764,10,0.3950334563707228,0.28506573105198213,NRC,0.039452253862241514,0.1501311231611788
nonlinear,-0.764,10,0.3950334563707228,0.28506573105198213,decileZ(Comp),-0.014040917040119325,-0.031082027083949082
nonlinear,-0.764,10,0.3950334563707228,0.28506573105198213,decileZ(NRC),-0.02668502472565607,0.1344526969666382
nonlinear,-0.764,10,0.3950334563707228,0.28506573105198213,logit-frac,-0.02817201865565691,0.07850647650708116
nonlinear,-0.764,11,0.3921343089238412,0.32192110421682635,Comp_prob,-0.5436377174145075,-0.015940651677008158
nonlinear,-0.764,11,0.3921343089238412,0.32192110421682635,NRC,0.08574544682385615,-0.025835666111587652
nonlinear,-0.764,11,0.3921343089238412,0.32192110421682635,decileZ(Comp),0.012945600239684081,-0.021091027019292056
nonlinear,-0.764,11,0.3921343089238412,0.32192110421682635,decileZ(NRC),-0.013133104341653394,0.0181916897374334
nonlinear,-0.764,11,0.3921343089238412,0.32192110421682635,logit-frac,0.04507315217350089,-0.024187164164172548
nonlinear,-0.764,12,0.40464205447815593,0.272568778116111,Comp_prob,-0.3061445662208723,0.06987352047407583
nonlinear,-0.764,12,0.40464205447815593,0.272568778116111,NRC,0.15366657117930874,0.05745506131108505
nonlinear,-0.764,12,0.40464205447815593,0.272568778116111,decileZ(Comp),0.02855494853788019,0.07480647898676468
nonlinear,-0.764,12,0.40464205447815593,0.272568778116111,decileZ(NRC),0.0029985003773358478,0.046090756855824
nonlinear,-0.764,12,0.40464205447815593,0.272568778116111,logit-frac,-0.03255600333254396,0.04930861947972742
nonlinear,-0.764,13,0.42429556851018696,0.4052288990148499,Comp_prob,-0.21947049843027858,-0.08007300211124817
nonlinear,-0.764,13,0.42429556851018696,0.4052288990148499,NRC,-0.15146373133504978,0.034168216156518494
nonlinear,-0.764,13,0.42429556851018696,0.4052288990148499,decileZ(Comp),0.03190766048411168,-0.07425510849340863
nonlinear,-0.764,13,0.42429556851018696,0.4052288990148499,decileZ(NRC),-0.019673358382828146,0.04910377195758102
nonlinear,-0.764,13,0.42429556851018696,0.4052288990148499,logit-frac,-0.11928625085392543,0.04377882269063973
nonlinear,-0.764,14,0.41416477153746617,0.3216206656684498,Comp_prob,-0.35275674890999553,0.033476707063422984
nonlinear,-0.764,14,0.41416477153746617,0.3216206656684498,NRC,0.023411437509690096,0.0322326763170256
nonlinear,-0.764,14,0.41416477153746617,0.3216206656684498,decileZ(Comp),0.0022723976199643496,0.03218357202582512
nonlinear,-0.764,14,0.41416477153746617,0.3216206656684498,decileZ(NRC),-0.028842869348408483,0.10997398311945532
nonlinear,-0.764,14,0.41416477153746617,0.3216206656684498,logit-frac,0.06280511104908493,-0.017886461991105315
nonlinear,-0.764,15,0.3699713610212424,0.3230142552251502,Comp_prob,-0.6706710991893171,-0.07985693972841929
nonlinear,-0.764,15,0.3699713610212424,0.3230142552251502,NRC,0.030852756198618977,0.004006966325622685
nonlinear,-0.764,15,0.3699713610212424,0.3230142552251502,decileZ(Comp),0.008832349539047954,-0.07996939557544391
nonlinear,-0.764,15,0.3699713610212424,0.3230142552251502,decileZ(NRC),0.023836689924431248,-0.05686386363918035
nonlinear,-0.764,15,0.3699713610212424,0.3230142552251502,logit-frac,0.009778303742131688,-0.015525194763117608
nonlinear,-1.145,0,0.3579166412233598,0.23304619450372827,Comp_prob,-0.6240697040102423,0.02727413398517374
nonlinear,-1.145,0,0.3579166412233598,0.23304619450372827,NRC,0.03009504271117024,-0.04325215118806531
nonlinear,-1.145,0,0.3579166412233598,0.23304619450372827,decileZ(Comp),-0.010909059370345144,0.04608001095457974
nonlinear,-1.145,0,0.3579166412233598,0.23304619450372827,decileZ(NRC),-0.0049746668688687955,-0.03588223218499345
nonlinear,-1.145,0,0.3579166412233598,0.23304619450372827,logit-frac,-0.020955556529168567,0.065082261158252
nonlinear,-1.145,1,0.3669455817411526,0.18070573615726332,Comp_prob,-0.4495390279019964,0.008542932410688835
nonlinear,-1.145,1,0.3669455817411526,0.18070573615726332,NRC,0.03791514816879271,0.025509739293548928
nonlinear,-1.145,1,0.3669455817411526,0.18070573615726332,decileZ(Comp),-0.0025980370409321493,0.01989207705627672
nonlinear,-1.145,1,0.3669455817411526,0.18070573615726332,decileZ(NRC),-0.03999338157525022,0.023044625809708556
nonlinear,-1.145,1,0.3669455817411526,0.18070573615726332,logit-frac,-0.019914415816235178,-0.017440586059440214
nonlinear,-1.145,2,0.3295191962158967,0.22704583399442185,Comp_prob,-0.7137880319333635,0.006781734363235914
nonlinear,-1.145,2,0.3295191962158967,0.22704583399442185,NRC,0.0445545653303992,0.006812255147540261
nonlinear,-1.145,2,0.3295191962158967,0.22704583399442185,decileZ(Comp),-0.0056672162135693715,-0.023632767916406016
nonlinear,-1.145,2,0.3295191962158967,0.22704583399442185,decileZ(NRC),0.0019624526819373234,0.11155055335250164
nonlinear,-1.145,2,0.3295191962158967,0.22704583399442185,logit-frac,0.005907430010998578,0.04221455603199645
nonlinear,-1.145,3,0.3284532605011451,0.24314046294500366,Comp_prob,-0.6986238943938046,0.03035599376376604
nonlinear,-1.145,3,0.3284532605011451,0.24314046294500366,NRC,0.029828018090178585,0.10537668859488708
nonlinear,-1.145,3,0.3284532605011451,0.24314046294500366,decileZ(Comp),-0.03668230221055006,0.003495673413481429
nonlinear,-1.145,3,0.3284532605011451,0.24314046294500366,decileZ(NRC),0.004973120774022164,0.09867296928886583
nonlinear,-1.145,3,0.3284532605011451,0.24314046294500366,logit-frac,-0.012516380013756183,0.1491117300851117
nonlinear,-1.145,4,0.34502228048880096,0.2582563465309837,Comp_prob,-0.5600119141107069,-0.1071151639736903
nonlinear,-1.145,4,0.34502228048880096,0.2582563465309837,NRC,0.05194449581499156,0.053967386265784956
nonlinear,-1.145,4,0.34502228048880096,0.2582563465309837,decileZ(Comp),-0.004499703198080955,-0.1142197340286293
nonlinear,-1.145,4,0.34502228048880096,0.2582563465309837,decileZ(NRC),-0.02386146924872906,0.03298261097155687
nonlinear,-1.145,4,0.34502228048880096,0.2582563465309837,logit-frac,-0.00888520568780273,0.03852485196843673
nonlinear,-1.145,5,0.33473535520919506,0.2571310436451313,Comp_prob,-0.5761397685306969,-0.0649222369897148
nonlinear,-1.145,5,0.33473535520919506,0.2571310436451313,NRC,0.03025786402566267,0.11920242894698946
nonlinear,-1.145,5,0.33473535520919506,0.2571310436451313,decileZ(Comp),-0.015341923951295997,-0.04899609798924401
nonlinear,-1.145,5,0.33473535520919506,0.2571310436451313,decileZ(NRC),-0.02178198491770745,0.07422483734671118
nonlinear,-1.145,5,0.33473535520919506,0.2571310436451313,logit-frac,-0.008557133619363402,0.05929363852554615
nonlinear,-1.145,6,0.33181119865519215,0.24026859807001893,Comp_prob,-0.8524192207730813,-0.02538633915593547
nonlinear,-1.145,6,0.33181119865519215,0.24026859807001893,NRC,-0.0010797880708844651,-0.0513670591616858
nonlinear,-1.145,6,0.33181119865519215,0.24026859807001893,decileZ(Comp),-0.0230721375972218,-0.011349565474957087
nonlinear,-1.145,6,0.33181119865519215,0.24026859807001893,decileZ(NRC),0.017412838049271347,-0.03456364337103372
nonlinear,-1.145,6,0.33181119865519215,0.24026859807001893,logit-frac,-0.024947465570901238,-0.03333204414664118
nonlinear,-1.145,7,0.3435137644721134,0.2534618227622527,Comp_prob,-0.6549865833669719,0.05797139764814577
nonlinear,-1.145,7,0.3435137644721134,0.2534618227622527,NRC,0.0482492612913418,-0.0036931069383930515
nonlinear,-1.145,7,0.3435137644721134,0.2534618227622527,decileZ(Comp),-0.004218102656078192,0.033017561428509014
nonlinear,-1.145,7,0.3435137644721134,0.2534618227622527,decileZ(NRC),0.003119313005642759,-0.0008137373832716975
nonlinear,-1.145,7,0.3435137644721134,0.2534618227622527,logit-frac,-0.0013639928826683404,0.02484105556398981
nonlinear,-1.145,8,0.37838456494801126,0.3088583816480533,Comp_prob,-0.4207395772343451,0.030422329503171298
nonlinear,-1.145,8,0.37838456494801126,0.3088583816480533,NRC,0.033204172020505615,-0.02970640117100509
nonlinear,-1.145,8,0.37838456494801126,0.3088583816480533,decileZ(Comp),0.01875723038296316,0.033804171877857475
nonlinear,-1.145,8,0.37838456494801126,0.3088583816480533,decileZ(NRC),0.007798945503226223,-0.04720728538341554
nonlinear,-1.145,8,0.37838456494801126,0.3088583816480533,logit-frac,-0.09232215503263379,0.011564197742165756
nonlinear,-1.145,9,0.32051866319671807,0.20418457729167735,Comp_prob,-0.7727813239527082,-0.03870699825092056
nonlinear,-1.145,9,0.32051866319671807,0.20418457729167735,NRC,0.05515085134368025,-0.038276214647366684
nonlinear,-1.145,9,0.32051866319671807,0.20418457729167735,decileZ(Comp),-0.0058860562760363324,-0.04226685518775759
nonlinear,-1.145,9,0.32051866319671807,0.20418457729167735,decileZ(NRC),-0.038630022094681436,-0.04137860169619908
nonlinear,-1.145,9,0.32051866319671807,0.20418457729167735,logit-frac,0.010067185782611,-0.06881714041156295
nonlinear,-1.145,10,0.34540009834123037,0.2140857897259077,Comp_prob,-0.6343011306479811,-0.02773066575080286
nonlinear,-1.145,10,0.34540009834123037,0.2140857897259077,NRC,0.02261872978613607,0.1595899362839906
nonlinear,-1.145,10,0.34540009834123037,0.2140857897259077,decileZ(Comp),-0.0008741136499626123,-0.022150056954077
nonlinear,-1.145,10,0.34540009834123037,0.2140857897259077,decileZ(NRC),-0.04130136066874232,0.09716234676311922
nonlinear,-1.145,10,0.34540009834123037,0.2140857897259077,logit-frac,-0.03308446494059958,0.07850647650708129
nonlinear,-1.145,11,0.3401483031988233,0.2449079662027438,Comp_prob,-0.8557928882696687,-0.014872491200528777
nonlinear,-1.145,11,0.3401483031988233,0.2449079662027438,NRC,0.06079666269064996,-0.014689880875983084
nonlinear,-1.145,11,0.3401483031988233,0.2449079662027438,decileZ(Comp),-0.0138040198759288,-0.03277941792693883
nonlinear,-1.145,11,0.3401483031988233,0.2449079662027438,decileZ(NRC),-0.035238217261620935,0.018132862783415853
nonlinear,-1.145,11,0.3401483031988233,0.2449079662027438,logit-frac,0.02833739358103655,-0.024187164164172627
nonlinear,-1.145,12,0.36316327593946207,0.2038134382838163,Comp_prob,-0.4140362861352666,0.0717725416137487
nonlinear,-1.145,12,0.36316327593946207,0.2038134382838163,NRC,0.04545048779024177,0.06977374467111902
nonlinear,-1.145,12,0.36316327593946207,0.2038134382838163,decileZ(Comp),-0.011817026266868572,0.07780201301013373
nonlinear,-1.145,12,0.36316327593946207,0.2038134382838163,decileZ(NRC),-0.02420280345128429,0.05395710170580618
nonlinear,-1.145,12,0.36316327593946207,0.2038134382838163,logit-frac,-0.021948310473318054,0.049308619479727506
nonlinear,-1.145,13,0.3798610554884527,0.3176213980983734,Comp_prob,-0.4939071871790015,-0.08764252441366269
nonlinear,-1.145,13,0.3798610554884527,0.3176213980983734,NRC,-0.04791109997869094,0.015346739965950661
nonlinear,-1.145,13,0.3798610554884527,0.3176213980983734,decileZ(Comp),-0.03189255271716801,-0.09800212526282638
nonlinear,-1.145,13,0.3798610554884527,0.3176213980983734,decileZ(NRC),-0.0005170963422252099,0.052529751036065365
nonlinear,-1.145,13,0.3798610554884527,0.3176213980983734,logit-frac,-0.08272826377115344,0.043778822690639575
nonlinear,-1.145,14,0.3707832783613412,0.24465346915569897,Comp_prob,-0.5469251118815672,0.02985841287496669
nonlinear,-1.145,14,0.3707832783613412,0.24465346915569897,NRC,0.051752928599289864,0.04422467721945663
nonlinear,-1.145,14,0.3707832783613412,0.24465346915569897,decileZ(Comp),-0.05288080887535349,0.01965571498384356
nonlinear,-1.145,14,0.3707832783613412,0.24465346915569897,decileZ(NRC),-0.0008951004741140607,0.1085918552097549
nonlinear,-1.145,14,0.3707832783613412,0.24465346915569897,logit-frac,-0.006349668381190378,-0.017886461991105024
nonlinear,-1.145,15,0.3081817133567735,0.2458344136946677,Comp_prob,-0.9700545353808104,-0.08705803066784404
nonlinear,-1.145,15,0.3081817133567735,0.2458344136946677,NRC,0.018773671445869947,-0.00913691779692143
nonlinear,-1.145,15,0.3081817133567735,0.2458344136946677,decileZ(Comp),-0.00820034680921828,-0.07274733478515022
nonlinear,-1.145,15,0.3081817133567735,0.2458344136946677,decileZ(NRC),-0.01586566689719361,-0.0712742381609561
nonlinear,-1.145,15,0.3081817133567735,0.2458344136946677,logit-frac,-0.008477998416244777,-0.015525194763117036
nonlinear,-1.527,0,0.31448241298954827,0.1717621247031695,Comp_prob,-0.7868227844423011,0.026399817874197398
nonlinear,-1.527,0,0.31448241298954827,0.1717621247031695,NRC,0.030286182606548664,-0.05887872806216101
nonlinear,-1.527,0,0.31448241298954827,0.1717621247031695,decileZ(Comp),-0.02315895000353501,0.040317649293183586
nonlinear,-1.527,0,0.31448241298954827,0.1717621247031695,decileZ(NRC),0.012425314829170168,-0.039401533707913695
nonlinear,-1.527,0,0.31448241298954827,0.1717621247031695,logit-frac,-0.007347000895579752,0.065082261158252
nonlinear,-1.527,1,0.32773788882858684,0.13083757215510763,Comp_prob,-0.5632036686330676,0.01208786327988493
nonlinear,-1.527,1,0.32773788882858684,0.13083757215510763,NRC,0.04065068473442917,0.026300629292198424
nonlinear,-1.527,1,0.32773788882858684,0.13083757215510763,decileZ(Comp),0.014879048799891301,0.02070967110187833
nonlinear,-1.527,1,0.32773788882858684,0.13083757215510763,decileZ(NRC),-0.014927075858242635,-0.006198731640692238
nonlinear,-1.527,1,0.32773788882858684,0.13083757215510763,logit-frac,-0.002097842367680097,-0.017440586059440565
nonlinear,-1.527,2,0.2766987555370769,0.16699610291737974,Comp_prob,-0.8295580616115286,-0.0015687824896726483
nonlinear,-1.527,2,0.2766987555370769,0.16699610291737974,NRC,0.05660820909795455,0.05690152182690009
nonlinear,-1.527,2,0.2766987555370769,0.16699610291737974,decileZ(Comp),-0.006526062980569326,-0.04913875478156927
nonlinear,-1.527,2,0.2766987555370769,0.16699610291737974,decileZ(NRC),-0.00989770467308994,0.0981393292006589
nonlinear,-1.527,2,0.2766987555370769,0.16699610291737974,logit-frac,0.014228579901408897,0.04221455603199635
nonlinear,-1.527,3,0.27750738534940866,0.17982429285647375,Comp_prob,-0.8677743413117867,0.024956905054783894
nonlinear,-1.527,3,0.27750738534940866,0.17982429285647375,NRC,0.028195182985480582,0.14778784842007592
nonlinear,-1.527,3,0.27750738534940866,0.17982429285647375,decileZ(Comp),-0.03031518051227677,-0.009712335097239084
nonlinear,-1.527,3,0.27750738534940866,0.17982429285647375,decileZ(NRC),0.011945624919439554,0.1238773821411441
nonlinear,-1.527,3,0.27750738534940866,0.17982429285647375,logit-frac,-0.011084459482163132,0.14911173008511172
nonlinear,-1.527,4,0.2991333956848062,0.19200243042815374,Comp_prob,-0.7145768598835638,-0.1052200861169136
nonlinear,-1.527,4,0.2991333956848062,0.19200243042815374,NRC,0.04537614680480639,0.04779924973571756
nonlinear,-1.527,4,0.2991333956848062,0.19200243042815374,decileZ(Comp),0.0072379093748393165,-0.10483585143978845
nonlinear,-1.527,4,0.2991333956848062,0.19200243042815374,decileZ(NRC),-0.009182773120544274,0.03234891864293922
nonlinear,-1.527,4,0.2991333956848062,0.19200243042815374,logit-frac,-0.003700218751726777,0.03852485196843683
nonlinear,-1.527,5,0.28425495542314666,0.1910914430172362,Comp_prob,-0.7802991882294786,-0.0617511291126478
nonlinear,-1.527,5,0.28425495542314666,0.1910914430172362,NRC,0.016183688937419023,0.1341204212591636
nonlinear,-1.527,5,0.28425495542314666,0.1910914430172362,decileZ(Comp),-0.0346398123623502,-0.029528698213710902
nonlinear,-1.527,5,0.28425495542314666,0.1910914430172362,decileZ(NRC),-0.05179965397894622,0.0771189036735082
nonlinear,-1.527,5,0.28425495542314666,0.1910914430172362,logit-frac,-0.016943332270973634,0.059293638525546206
nonlinear,-1.527,6,0.27975935011058384,0.1775248754314787,Comp_prob,-1.0174896460805158,-0.02058462138516583
nonlinear,-1.527,6,0.27975935011058384,0.1775248754314787,NRC,0.007019753820873,-0.06471919137291264
nonlinear,-1.527,6,0.27975935011058384,0.1775248754314787,decileZ(Comp),-0.01129361124294879,-0.014022739951923102
nonlinear,-1.527,6,0.27975935011058384,0.1775248754314787,decileZ(NRC),0.007885930825919622,-0.04307280389724824
nonlinear,-1.527,6,0.27975935011058384,0.1775248754314787,logit-frac,-0.010337285124037114,-0.033332044146640843
nonlinear,-1.527,7,0.29545093499755615,0.18812594783105613,Comp_prob,-0.8247913566302355,0.051531901117754214
nonlinear,-1.527,7,0.29545093499755615,0.18812594783105613,NRC,0.029963735365899618,-0.007885212056799781
nonlinear,-1.527,7,0.29545093499755615,0.18812594783105613,decileZ(Comp),-0.006147249113614862,0.019133647694028578
nonlinear,-1.527,7,0.29545093499755615,0.18812594783105613,decileZ(NRC),-0.009875635825264155,-0.0032053637559909323
nonlinear,-1.527,7,0.29545093499755615,0.18812594783105613,logit-frac,-0.014656466172337968,0.024841055563989595
nonlinear,-1.527,8,0.3355022976587735,0.23371318206723765,Comp_prob,-0.5459299630429808,0.026083385087588194
nonlinear,-1.527,8,0.3355022976587735,0.23371318206723765,NRC,0.010454746556030858,-0.04120545797669594
nonlinear,-1.527,8,0.3355022976587735,0.23371318206723765,decileZ(Comp),0.0007887527102505031,0.033243863457615125
nonlinear,-1.527,8,0.3355022976587735,0.23371318206723765,decileZ(NRC),-0.04047241146118035,-0.06485370043815991
nonlinear,-1.527,8,0.3355022976587735,0.23371318206723765,logit-frac,-0.0821551969410736,0.011564197742165772
nonlinear,-1.527,9,0.2706470698581489,0.14901558681888705,Comp_prob,-0.9299474110011825,-0.03693675713732059
nonlinear,-1.527,9,0.2706470698581489,0.14901558681888705,NRC,0.0696825603763641,-0.07004107611528881
nonlinear,-1.527,9,0.2706470698581489,0.14901558681888705,decileZ(Comp),0.019025065112520338,-0.038769560430620596
nonlinear,-1.527,9,0.2706470698581489,0.14901558681888705,decileZ(NRC),-0.01306383548985797,-0.011848853168719675
nonlinear,-1.527,9,0.2706470698581489,0.14901558681888705,logit-frac,0.01342758134720644,-0.06881714041156309
nonlinear,-1.527,10,0.2979894089337503,0.15676856899327823,Comp_prob,-0.7485555182672918,-0.024260473232762578
nonlinear,-1.527,10,0.2979894089337503,0.15676856899327823,NRC,0.033154626981491075,0.12327785009824609
nonlinear,-1.527,10,0.2979894089337503,0.15676856899327823,decileZ(Comp),0.025403861909931276,-0.011789317429977218
nonlinear,-1.527,10,0.2979894089337503,0.15676856899327823,decileZ(NRC),-0.023325400081451175,0.08394914989913567
nonlinear,-1.527,10,0.2979894089337503,0.15676856899327823,logit-frac,-0.012833750540003427,0.07850647650708119
nonlinear,-1.527,11,0.2906649190053369,0.18124174090456366,Comp_prob,-1.1014727802630797,-0.013854733588886907
nonlinear,-1.527,11,0.2906649190053369,0.18124174090456366,NRC,0.04261952383439251,0.006506563119475313
nonlinear,-1.527,11,0.2906649190053369,0.18124174090456366,decileZ(Comp),-0.029935399900923435,-0.04371061719319503
nonlinear,-1.527,11,0.2906649190053369,0.18124174090456366,decileZ(NRC),-0.02132574320668037,0.04301524911492332
nonlinear,-1.527,11,0.2906649190053369,0.18124174090456366,logit-frac,0.007916794819367336,-0.024187164164172627
nonlinear,-1.527,12,0.32309690357814186,0.14872598592523836,Comp_prob,-0.47569454819883245,0.07338461773158136
nonlinear,-1.527,12,0.32309690357814186,0.14872598592523836,NRC,0.06440833878102446,0.04106944654566329
nonlinear,-1.527,12,0.32309690357814186,0.14872598592523836,decileZ(Comp),0.008452562099299737,0.0708265630267801
nonlinear,-1.527,12,0.32309690357814186,0.14872598592523836,decileZ(NRC),0.020758588707298988,0.054236294627395966
nonlinear,-1.527,12,0.32309690357814186,0.14872598592523836,logit-frac,0.009124300715235647,0.04930861947972741
nonlinear,-1.527,13,0.336554445671866,0.24108786816994396,Comp_prob,-0.6466217164407894,-0.0940772210173118
nonlinear,-1.527,13,0.336554445671866,0.24108786816994396,NRC,0.03091279939409835,0.042819663946007586
nonlinear,-1.527,13,0.336554445671866,0.24108786816994396,decileZ(Comp),-0.008528427842033824,-0.09364427414331292
nonlinear,-1.527,13,0.336554445671866,0.24108786816994396,decileZ(NRC),-0.00024800934011668264,0.03760795536937832
nonlinear,-1.527,13,0.336554445671866,0.24108786816994396,logit-frac,-0.03547732575057817,0.04377882269063934
nonlinear,-1.527,14,0.3285075304917701,0.1810375408676368,Comp_prob,-0.6075797706079182,0.02996702276206926
nonlinear,-1.527,14,0.3285075304917701,0.1810375408676368,NRC,0.06966550426541754,0.02822742231789152
nonlinear,-1.527,14,0.3285075304917701,0.1810375408676368,decileZ(Comp),-0.011631858391014032,0.00536805901800437
nonlinear,-1.527,14,0.3285075304917701,0.1810375408676368,decileZ(NRC),0.01961589427786892,0.09171992792540845
nonlinear,-1.527,14,0.3285075304917701,0.1810375408676368,logit-frac,0.024668855372463397,-0.01788646199110513
nonlinear,-1.527,15,0.2514410146647506,0.18198539413765574,Comp_prob,-1.1859319995960413,-0.09214604285143463
nonlinear,-1.527,15,0.2514410146647506,0.18198539413765574,NRC,0.016548869010210687,-0.027115399331105336
nonlinear,-1.527,15,0.2514410146647506,0.18198539413765574,decileZ(Comp),-0.022582045499240706,-0.06335046129336729
nonlinear,-1.527,15,0.2514410146647506,0.18198539413765574,decileZ(NRC),-0.021254787809405748,-0.08548530772059623
nonlinear,-1.527,15,0.2514410146647506,0.18198539413765574,logit-frac,-0.013761757728102019,-0.01552519476311716
nonlinear,-1.909,0,0.27289203172428295,0.12398855657600831,Comp_prob,-0.9118623055217342,0.027676269159157992
nonlinear,-1.909,0,0.27289203172428295,0.12398855657600831,NRC,0.0200799321632615,-0.033459051944389896
nonlinear,-1.909,0,0.27289203172428295,0.12398855657600831,decileZ(Comp),-0.02619639007703894,0.030948980251031828
nonlinear,-1.909,0,0.27289203172428295,0.12398855657600831,decileZ(NRC),-0.03174801760533834,-0.010978718993634172
nonlinear,-1.909,0,0.27289203172428295,0.12398855657600831,logit-frac,-0.01445877181837889,0.06508226115825202
nonlinear,-1.909,1,0.29038573761726594,0.09316626946899455,Comp_prob,-0.7085126092479113,0.0147132138895317
nonlinear,-1.909,1,0.29038573761726594,0.09316626946899455,NRC,0.04550429878540885,0.015961508218874643
nonlinear,-1.909,1,0.29038573761726594,0.09316626946899455,decileZ(Comp),0.0035417822676943756,0.026442910045833677
nonlinear,-1.909,1,0.29038573761726594,0.09316626946899455,decileZ(NRC),-0.007533527064696078,-0.010800995155415462
nonlinear,-1.909,1,0.29038573761726594,0.09316626946899455,logit-frac,-0.0024962135842016807,-0.01744058605944014
nonlinear,-1.909,2,0.22824833621404578,0.12035551494316901,Comp_prob,-0.9716913626934766,-0.010297713772809658
nonlinear,-1.909,2,0.22824833621404578,0.12035551494316901,NRC,0.05539525655316413,0.028086078738991313
nonlinear,-1.909,2,0.22824833621404578,0.12035551494316901,decileZ(Comp),-0.0242127980893624,-0.0655293041729461
nonlinear,-1.909,2,0.22824833621404578,0.12035551494316901,decileZ(NRC),-0.02503357790263855,0.10213249078642687
nonlinear,-1.909,2,0.22824833621404578,0.12035551494316901,logit-frac,0.011673867680301216,0.04221455603199632
nonlinear,-1.909,3,0.23088112911242648,0.13016073057925434,Comp_prob,-1.0254823028733953,0.019577016939440216
nonlinear,-1.909,3,0.23088112911242648,0.13016073057925434,NRC,0.019831012258786376,0.15064126285436
nonlinear,-1.909,3,0.23088112911242648,0.13016073057925434,decileZ(Comp),-0.025716894812208665,-0.03358961027125513
nonlinear,-1.909,3,0.23088112911242648,0.13016073057925434,decileZ(NRC),-0.022056311145803337,0.1065588028844279
nonlinear,-1.909,3,0.23088112911242648,0.13016073057925434,logit-frac,-0.01788399974250243,0.14911173008511147
nonlinear,-1.909,4,0.2563580229635038,0.13954778198607792,Comp_prob,-0.8643895177103291,-0.1012685749840016
nonlinear,-1.909,4,0.2563580229635038,0.13954778198607792,NRC,0.03420031815449833,0.06272431699111311
nonlinear,-1.909,4,0.2563580229635038,0.13954778198607792,decileZ(Comp),-0.03357429111129124,-0.09280707442188799
nonlinear,-1.909,4,0.2563580229635038,0.13954778198607792,decileZ(NRC),-0.030012288114297948,0.007804474839643157
nonlinear,-1.909,4,0.2563580229635038,0.13954778198607792,logit-frac,-0.010154540493180741,0.0385248519684371
nonlinear,-1.909,5,0.23789468201800845,0.13884290790678855,Comp_prob,-0.9076812301689008,-0.05650957219985405
nonlinear,-1.909,5,0.23789468201800845,0.13884290790678855,NRC,0.015201878390426114,0.13204325221761504
nonlinear,-1.909,5,0.23789468201800845,0.13884290790678855,decileZ(Comp),-0.012084268160174307,-0.01929027807692074
nonlinear,-1.909,5,0.23789468201800845,0.13884290790678855,decileZ(NRC),-0.042213204367601474,0.07034861902994015
nonlinear,-1.909,5,0.23789468201800845,0.13884290790678855,logit-frac,-0.012438341261070029,0.05929363852554642
nonlinear,-1.909,6,0.2318760838803149,0.12839694655000997,Comp_prob,-1.1268899670440387,-0.016928812406798888
nonlinear,-1.909,6,0.2318760838803149,0.12839694655000997,NRC,0.009378535543507932,-0.08355623341864726
nonlinear,-1.909,6,0.2318760838803149,0.12839694655000997,decileZ(Comp),0.010573452213478633,-0.0031301630014395755
nonlinear,-1.909,6,0.2318760838803149,0.12839694655000997,decileZ(NRC),0.0006862553273754273,-0.07880718297641051
nonlinear,-1.909,6,0.2318760838803149,0.12839694655000997,logit-frac,-0.0052924758678706395,-0.03333204414664064
nonlinear,-1.909,7,0.2507658244093716,0.1365513674505534,Comp_prob,-1.004183000037978,0.04368794305924756
nonlinear,-1.909,7,0.2507658244093716,0.1365513674505534,NRC,0.018446533039261522,-0.012396123908953604
nonlinear,-1.909,7,0.2507658244093716,0.1365513674505534,decileZ(Comp),-0.016083545592649053,0.018953823909316884
nonlinear,-1.909,7,0.2507658244093716,0.1365513674505534,decileZ(NRC),-0.01405198314285183,0.01591542565126179
nonlinear,-1.909,7,0.2507658244093716,0.1365513674505534,logit-frac,-0.03209459557055083,0.02484105556398954
nonlinear,-1.909,8,0.29435832666520084,0.17229311714129472,Comp_prob,-0.5917190722584322,0.02222504868051291
nonlinear,-1.909,8,0.29435832666520084,0.17229311714129472,NRC,0.032532791343594866,-0.056978993768840004
nonlinear,-1.909,8,0.29435832666520084,0.17229311714129472,decileZ(Comp),0.028478920180065148,0.026503260622294238
nonlinear,-1.909,8,0.29435832666520084,0.17229311714129472,decileZ(NRC),0.008852039781680088,-0.07907319366825058
nonlinear,-1.909,8,0.29435832666520084,0.17229311714129472,logit-frac,-0.011134726244099113,0.01156419774216588
nonlinear,-1.909,9,0.22491980197931194,0.1067532365894578,Comp_prob,-1.0700392327548693,-0.03589518827198393
nonlinear,-1.909,9,0.22491980197931194,0.1067532365894578,NRC,0.06792709406107832,-0.040308841686083396
nonlinear,-1.909,9,0.22491980197931194,0.1067532365894578,decileZ(Comp),0.015049435793449646,-0.033412572751134725
nonlinear,-1.909,9,0.22491980197931194,0.1067532365894578,decileZ(NRC),-0.03222792091886652,-0.01797042158146192
nonlinear,-1.909,9,0.22491980197931194,0.1067532365894578,logit-frac,0.009008753515708519,-0.06881714041156275
nonlinear,-1.909,10,0.2536563271343255,0.11259833185156129,Comp_prob,-0.9114288648923212,-0.020411058279110248
nonlinear,-1.909,10,0.2536563271343255,0.11259833185156129,NRC,0.03996975505593171,0.11593703972724959
nonlinear,-1.909,10,0.2536563271343255,0.11259833185156129,decileZ(Comp),0.00021668518979593362,-0.006539932428353927
nonlinear,-1.909,10,0.2536563271343255,0.11259833185156129,decileZ(NRC),-0.03964249202826664,0.04445681685664098
nonlinear,-1.909,10,0.2536563271343255,0.11259833185156129,logit-frac,-0.0058519985314574524,0.0785064765070813
nonlinear,-1.909,11,0.244552262864379,0.13124935535129273,Comp_prob,-1.2548355234979658,-0.013157439381941244
nonlinear,-1.909,11,0.244552262864379,0.13124935535129273,NRC,0.025095989825011114,0.02848239035434413
nonlinear,-1.909,11,0.244552262864379,0.13124935535129273,decileZ(Comp),-0.003278200496057447,-0.035064830123521046
nonlinear,-1.909,11,0.244552262864379,0.13124935535129273,decileZ(NRC),-0.055709806891302255,0.06641592614519334
nonlinear,-1.909,11,0.244552262864379,0.13124935535129273,logit-frac,-0.013418359516566291,-0.024187164164172534
nonlinear,-1.909,12,0.2849686442896022,0.1065354870813519,Comp_prob,-0.5492090394566579,0.07411929320506509
nonlinear,-1.909,12,0.2849686442896022,0.1065354870813519,NRC,0.05673265936085102,0.06242940513950714
nonlinear,-1.909,12,0.2849686442896022,0.1065354870813519,decileZ(Comp),-0.022881285942055282,0.06459189531032278
nonlinear,-1.909,12,0.2849686442896022,0.1065354870813519,decileZ(NRC),-0.019895963068232866,0.08883582761190154
nonlinear,-1.909,12,0.2849686442896022,0.1065354870813519,logit-frac,0.0027834019481247406,0.049308619479727665
nonlinear,-1.909,13,0.2949619362091064,0.17818037788018606,Comp_prob,-0.7737820471238471,-0.09792665694247378
nonlinear,-1.909,13,0.2949619362091064,0.17818037788018606,NRC,0.020804237505926224,0.03297995384507744
nonlinear,-1.909,13,0.2949619362091064,0.17818037788018606,decileZ(Comp),-0.032066692527010866,-0.09827949483385305
nonlinear,-1.909,13,0.2949619362091064,0.17818037788018606,decileZ(NRC),-0.028351111683358927,0.01555713513949633
nonlinear,-1.909,13,0.2949619362091064,0.17818037788018606,logit-frac,-0.020728428300336325,0.04377882269063959
nonlinear,-1.909,14,0.2878830224381538,0.1310924620719431,Comp_prob,-0.7365211375899685,0.03401722090203339
nonlinear,-1.909,14,0.2878830224381538,0.1310924620719431,NRC,0.05570823168920354,0.050615292823807265
nonlinear,-1.909,14,0.2878830224381538,0.1310924620719431,decileZ(Comp),-0.020365142240388625,0.0008615510775219527
nonlinear,-1.909,14,0.2878830224381538,0.1310924620719431,decileZ(NRC),-0.02522679474809795,0.09934170399943915
nonlinear,-1.909,14,0.2878830224381538,0.1310924620719431,logit-frac,-0.005553563400320921,-0.017886461991105152
nonlinear,-1.909,15,0.20100170128798164,0.13182090990318499,Comp_prob,-1.3247233751348244,-0.09542085284013756
nonlinear,-1.909,15,0.20100170128798164,0.13182090990318499,NRC,0.02090769065405768,-0.044830010015417136
nonlinear,-1.909,15,0.20100170128798164,0.13182090990318499,decileZ(Comp),0.002181533438316496,-0.05556392538821605
nonlinear,-1.909,15,0.20100170128798164,0.13182090990318499,decileZ(NRC),-0.0004409529488624848,-0.11647933047231046
nonlinear,-1.909,15,0.20100170128798164,0.13182090990318499,logit-frac,-0.013882768596800685,-0.015525194763117282
nonlinear,-2.291,0,0.23360123716375125,0.08808938976757484,Comp_prob,-1.0373407463964437,0.030398529270780947
nonlinear,-2.291,0,0.23360123716375125,0.08808938976757484,NRC,0.01777287112009948,-0.008385866950283677
nonlinear,-2.291,0,0.23360123716375125,0.08808938976757484,decileZ(Comp),-0.025603985184130734,0.027634799861781773
nonlinear,-2.291,0,0.23360123716375125,0.08808938976757484,decileZ(NRC),-0.02024819370992183,0.027308028832235216
nonlinear,-2.291,0,0.23360123716375125,0.08808938976757484,logit-frac,-0.011447251890716345,0.06508226115825202
nonlinear,-2.291,1,0.2551501394713535,0.06552376009847383,Comp_prob,-0.8294327429057167,0.01648507834268739
nonlinear,-2.291,1,0.2551501394713535,0.06552376009847383,NRC,0.05251864857217874,-0.04734300279557678
nonlinear,-2.291,1,0.2551501394713535,0.06552376009847383,decileZ(Comp),-0.026357487662871524,0.033735725844018946
nonlinear,-2.291,1,0.2551501394713535,0.06552376009847383,decileZ(NRC),-0.03248208756603764,-0.028472681234725482
nonlinear,-2.291,1,0.2551501394713535,0.06552376009847383,logit-frac,0.0006586148748891371,-0.017440586059440332
nonlinear,-2.291,2,0.18490328799879102,0.08540569152239562,Comp_prob,-1.0566980263939743,-0.01853575633680201
nonlinear,-2.291,2,0.18490328799879102,0.08540569152239562,NRC,0.07575809435753708,0.01636715737575518
nonlinear,-2.291,2,0.18490328799879102,0.08540569152239562,decileZ(Comp),0.001095516492542704,-0.05868525350434589
nonlinear,-2.291,2,0.18490328799879102,0.08540569152239562,decileZ(NRC),0.012880103741965899,0.08135922819734712
nonlinear,-2.291,2,0.18490328799879102,0.08540569152239562,logit-frac,0.01723563578041593,0.04221455603199662
nonlinear,-2.291,3,0.18912940739917575,0.09266353042578823,Comp_prob,-1.1547023679221755,0.014126207688505374
nonlinear,-2.291,3,0.18912940739917575,0.09266353042578823,NRC,0.019385857982539056,0.11229456385400682
nonlinear,-2.291,3,0.18912940739917575,0.09266353042578823,decileZ(Comp),-0.0214693405265451,-0.04155285888022574
nonlinear,-2.291,3,0.18912940739917575,0.09266353042578823,decileZ(NRC),-0.015934471695215047,0.11045395821255787
nonlinear,-2.291,3,0.18912940739917575,0.09266353042578823,logit-frac,-0.025546951017117486,0.14911173008511186
nonlinear,-2.291,4,0.21711746595570722,0.09965614686155666,Comp_prob,-0.9723755514287711,-0.09583004157211401
nonlinear,-2.291,4,0.21711746595570722,0.09965614686155666,NRC,0.045926330179767834,-0.03348246076669333
nonlinear,-2.291,4,0.21711746595570722,0.09965614686155666,decileZ(Comp),-0.019695737782367728,-0.0857895627041613
nonlinear,-2.291,4,0.21711746595570722,0.09965614686155666,decileZ(NRC),-0.02586684522376026,-0.042853868631128424
nonlinear,-2.291,4,0.21711746595570722,0.09965614686155666,logit-frac,-0.015805316347728922,0.03852485196843706
nonlinear,-2.291,5,0.19617633482699126,0.09912955681078625,Comp_prob,-1.0299038863073524,-0.04953430693295825
nonlinear,-2.291,5,0.19617633482699126,0.09912955681078625,NRC,0.018466986060671563,0.07588643158667509
nonlinear,-2.291,5,0.19617633482699126,0.09912955681078625,decileZ(Comp),-0.02387707628973983,0.0012566893957385813
nonlinear,-2.291,5,0.19617633482699126,0.09912955681078625,decileZ(NRC),-0.0344353069542117,0.06560933408537026
nonlinear,-2.291,5,0.19617633482699126,0.09912955681078625,logit-frac,-0.010606923972678496,0.059293638525546276
nonlinear,-2.291,6,0.18885149251387878,0.09135449919434813,Comp_prob,-1.277133603791341,-0.014704080110363168
nonlinear,-2.291,6,0.18885149251387878,0.09135449919434813,NRC,0.004445874384710505,-0.04983392240024849
nonlinear,-2.291,6,0.18885149251387878,0.09135449919434813,decileZ(Comp),-0.00010247143043038689,-0.003572105513291051
nonlinear,-2.291,6,0.18885149251387878,0.09135449919434813,decileZ(NRC),-0.03228425729884668,-0.06360209359150268
nonlinear,-2.291,6,0.18885149251387878,0.09135449919434813,logit-frac,-0.0120201753080887,-0.03333204414664081
nonlinear,-2.291,7,0.2099476847012566,0.09741931893568714,Comp_prob,-1.111809753471044,0.0346911724513987
nonlinear,-2.291,7,0.2099476847012566,0.09741931893568714,NRC,0.022473294419774553,0.010699438934085922
nonlinear,-2.291,7,0.2099476847012566,0.09741931893568714,decileZ(Comp),-0.0019199872137173647,0.006588196536593836
nonlinear,-2.291,7,0.2099476847012566,0.09741931893568714,decileZ(NRC),-0.02579945291175578,-0.0010969754100741656
nonlinear,-2.291,7,0.2099476847012566,0.09741931893568714,logit-frac,-0.0250620252055929,0.02484105556398981
nonlinear,-2.291,8,0.25543959133560706,0.12439404146896683,Comp_prob,-0.6605301263878838,0.018714015328548814
nonlinear,-2.291,8,0.25543959133560706,0.12439404146896683,NRC,0.03343714906285731,-0.026022969822061072
nonlinear,-2.291,8,0.25543959133560706,0.12439404146896683,decileZ(Comp),0.02689679941114603,0.021816406422787146
nonlinear,-2.291,8,0.25543959133560706,0.12439404146896683,decileZ(NRC),0.00024347162235093152,-0.028375534028597608
nonlinear,-2.291,8,0.25543959133560706,0.12439404146896683,logit-frac,-0.009074391464811244,0.011564197742165832
nonlinear,-2.291,9,0.18391196000950916,0.07541471352111277,Comp_prob,-1.1965399247471793,-0.03570226314709423
nonlinear,-2.291,9,0.18391196000950916,0.07541471352111277,NRC,0.06322362177143795,-0.003431733364465587
nonlinear,-2.291,9,0.18391196000950916,0.07541471352111277,decileZ(Comp),0.006147566264616353,-0.036642348173286196
nonlinear,-2.291,9,0.18391196000950916,0.07541471352111277,decileZ(NRC),-0.050544891522844415,0.02356157315011512
nonlinear,-2.291,9,0.18391196000950916,0.07541471352111277,logit-frac,0.0022838475905022537,-0.06881714041156312
nonlinear,-2.291,10,0.21300087887317268,0.07969701479614359,Comp_prob,-0.9950434836135902,-0.01605954199489175
nonlinear,-2.291,10,0.21300087887317268,0.07969701479614359,NRC,0.04615886994471896,0.10666712736819044
nonlinear,-2.291,10,0.21300087887317268,0.07969701479614359,decileZ(Comp),0.016409528871181148,0.006465234140338807
nonlinear,-2.291,10,0.21300087887317268,0.07969701479614359,decileZ(NRC),-0.020518212257929557,0.0375545811431724
nonlinear,-2.291,10,0.21300087887317268,0.07969701479614359,logit-frac,-0.004102230530313544,0.07850647650708113
nonlinear,-2.291,11,0.20239399595149374,0.0934722408572289,Comp_prob,-1.4082338620067427,-0.012792859839314505
nonlinear,-2.291,11,0.20239399595149374,0.0934722408572289,NRC,0.02824413423382292,0.019194824680618727
nonlinear,-2.291,11,0.20239399595149374,0.0934722408572289,decileZ(Comp),0.0032225753950870326,-0.02965244696885768
nonlinear,-2.291,11,0.20239399595149374,0.0934722408572289,decileZ(NRC),-0.019272185569157458,0.05930367891108089
nonlinear,-2.291,11,0.20239399595149374,0.0934722408572289,logit-frac,-0.0010698421976546764,-0.024187164164172405
nonlinear,-2.291,12,0.24912217113293592,0.07525550120288248,Comp_prob,-0.5781123340942135,0.07336514130850352
nonlinear,-2.291,12,0.24912217113293592,0.07525550120288248,NRC,0.07511792156140615,0.10480237405341969
nonlinear,-2.291,12,0.24912217113293592,0.07525550120288248,decileZ(Comp),-0.001238285296417405,0.05607059746005126
nonlinear,-2.291,12,0.24912217113293592,0.07525550120288248,decileZ(NRC),-0.00020059252909702344,0.08758941740089513
nonlinear,-2.291,12,0.24912217113293592,0.07525550120288248,logit-frac,0.01080789675615241,0.04930861947972732
nonlinear,-2.291,13,0.2555188768843099,0.1288994760555996,Comp_prob,-0.8867526626005672,-0.09834711040383462
nonlinear,-2.291,13,0.2555188768843099,0.1288994760555996,NRC,0.03060684803123214,0.03607611883406837
nonlinear,-2.291,13,0.2555188768843099,0.1288994760555996,decileZ(Comp),-0.029259915700088044,-0.10465182746657797
nonlinear,-2.291,13,0.2555188768843099,0.1288994760555996,decileZ(NRC),-0.008872191638534418,0.027708503595934103
nonlinear,-2.291,13,0.2555188768843099,0.1288994760555996,logit-frac,-0.00810352025124004,0.04377882269063964
nonlinear,-2.291,14,0.2493043841701573,0.09335565302986508,Comp_prob,-0.8741932671989849,0.04157005565715997
nonlinear,-2.291,14,0.2493043841701573,0.09335565302986508,NRC,0.05418346543723791,0.03643818740798874
nonlinear,-2.291,14,0.2493043841701573,0.09335565302986508,decileZ(Comp),-0.01026056595862582,0.005386910429496926
nonlinear,-2.291,14,0.2493043841701573,0.09335565302986508,decileZ(NRC),-0.016154860357474665,0.10022316938450382
nonlinear,-2.291,14,0.2493043841701573,0.09335565302986508,logit-frac,-0.004156890096574232,-0.017886461991105156
nonlinear,-2.291,15,0.15746491673615082,0.09389706714016764,Comp_prob,-1.4196309395255402,-0.09734082370102361
nonlinear,-2.291,15,0.15746491673615082,0.09389706714016764,NRC,0.023747957730147363,-0.05257553901942843
nonlinear,-2.291,15,0.15746491673615082,0.09389706714016764,decileZ(Comp),-0.0005843089926826494,-0.04958864522207298
nonlinear,-2.291,15,0.15746491673615082,0.09389706714016764,decileZ(NRC),-0.018642288810949224,-0.1308147647755743
nonlinear,-2.291,15,0.15746491673615082,0.09389706714016764,logit-frac,-0.01007222970520805,-0.015525194763116958
nonlinear,-2.673,0,0.19705257402143583,0.06185045686641485,Comp_prob,-1.174579420192255,0.033890998282326154
nonlinear,-2.673,0,0.19705257402143583,0.06185045686641485,NRC,0.021814251183589692,-0.002062947361123894
nonlinear,-2.673,0,0.19705257402143583,0.06185045686641485,decileZ(Comp),-0.035491962318800176,0.0026862799425440807
nonlinear,-2.673,0,0.19705257402143583,0.06185045686641485,decileZ(NRC),-0.014372888516011961,0.010868449483302484
nonlinear,-2.673,0,0.19705257402143583,0.06185045686641485,logit-frac,-0.006248848266351254,0.06508226115825189
nonlinear,-2.673,1,0.22223783074885778,0.04566976123473331,Comp_prob,-0.8826509815862411,0.017488759769839452
nonlinear,-2.673,1,0.22223783074885778,0.04566976123473331,NRC,0.08123766028757681,-0.01178430141826836
nonlinear,-2.673,1,0.22223783074885778,0.04566976123473331,decileZ(Comp),-0.01039589533820929,0.038308611028490924
nonlinear,-2.673,1,0.22223783074885778,0.04566976123473331,decileZ(NRC),0.026732506687351554,-0.008933983311959194
nonlinear,-2.673,1,0.22223783074885778,0.04566976123473331,logit-frac,0.013124813261862399,-0.017440586059440533
nonlinear,-2.673,2,0.14709199488654126,0.0599136235041091,Comp_prob,-1.1248268553460228,-0.025797703379205367
nonlinear,-2.673,2,0.14709199488654126,0.0599136235041091,NRC,0.06892619366342165,0.029242418197476534
nonlinear,-2.673,2,0.14709199488654126,0.0599136235041091,decileZ(Comp),-0.02101268195294075,-0.046621870995853285
nonlinear,-2.673,2,0.14709199488654126,0.0599136235041091,decileZ(NRC),-0.03344267774813325,0.08549325307265412
nonlinear,-2.673,2,0.14709199488654126,0.0599136235041091,logit-frac,0.011086191717832124,0.042214556031996496
nonlinear,-2.673,3,0.1525336433274795,0.06515946620843112,Comp_prob,-1.2253046573000703,0.00836932614380817
nonlinear,-2.673,3,0.1525336433274795,0.06515946620843112,NRC,0.02768810719588884,0.05139852908484506
nonlinear,-2.673,3,0.1525336433274795,0.06515946620843112,decileZ(Comp),-0.015146879627966988,-0.04985484265059144
nonlinear,-2.673,3,0.1525336433274795,0.06515946620843112,decileZ(NRC),-0.027649880976834518,0.08602559946618969
nonlinear,-2.673,3,0.1525336433274795,0.06515946620843112,logit-frac,-0.023002503098122986,0.1491117300851118
nonlinear,-2.673,4,0.1816810089888093,0.07023722576320734,Comp_prob,-1.0500612576399058,-0.08964621494779779
nonlinear,-2.673,4,0.1816810089888093,0.07023722576320734,NRC,0.049457075404144325,-0.013235622438606116
nonlinear,-2.673,4,0.1816810089888093,0.07023722576320734,decileZ(Comp),-0.014539166041590609,-0.07447921958426902
nonlinear,-2.673,4,0.1816810089888093,0.07023722576320734,decileZ(NRC),-0.032827320374786584,-0.032212887602134074
nonlinear,-2.673,4,0.1816810089888093,0.07023722576320734,logit-frac,-0.016211738336563915,0.038524851968437024
nonlinear,-2.673,5,0.1593930997803554,0.06985402648754482,Comp_prob,-1.0848686654802393,-0.04135054457294998
nonlinear,-2.673,5,0.1593930997803554,0.06985402648754482,NRC,0.018667667018107004,0.11880137530121326
nonlinear,-2.673,5,0.1593930997803554,0.06985402648754482,decileZ(Comp),0.010666383762060298,-0.001334204839914524
nonlinear,-2.673,5,0.1593930997803554,0.06985402648754482,decileZ(NRC),-0.024347223838697155,0.09322441863915847
nonlinear,-2.673,5,0.1593930997803554,0.06985402648754482,logit-frac,-0.009790977649844131,0.059293638525546186
nonlinear,-2.673,6,0.15109282434752508,0.06421148022500155,Comp_prob,-1.4054678571499397,-0.013828229388206454
nonlinear,-2.673,6,0.15109282434752508,0.06421148022500155,NRC,0.005807947576376435,-0.03501818505335587
nonlinear,-2.673,6,0.15109282434752508,0.06421148022500155,decileZ(Comp),-0.0036974280056853107,-0.010003680663535486
nonlinear,-2.673,6,0.15109282434752508,0.06421148022500155,decileZ(NRC),-0.02088818732235468,-0.059712680020610795
nonlinear,-2.673,6,0.15109282434752508,0.06421148022500155,logit-frac,-0.010368731514689592,-0.03333204414664081
nonlinear,-2.673,7,0.17333958742125505,0.0686103994625594,Comp_prob,-1.2066712563109818,0.024822809910410967
nonlinear,-2.673,7,0.17333958742125505,0.0686103994625594,NRC,0.029811092723062343,0.014982968168095129
nonlinear,-2.673,7,0.17333958742125505,0.0686103994625594,decileZ(Comp),0.005853748740090186,-0.011185837067488338
nonlinear,-2.673,7,0.17333958742125505,0.0686103994625594,decileZ(NRC),-0.005454424327212938,-0.030094184639460973
nonlinear,-2.673,7,0.17333958742125505,0.0686103994625594,logit-frac,-0.019191858392429338,0.024841055563989647
nonlinear,-2.673,8,0.21917485318622265,0.0883893180171615,Comp_prob,-0.7511437861146392,0.015453551441571194
nonlinear,-2.673,8,0.21917485318622265,0.0883893180171615,NRC,0.0279005668105655,-0.03975004396199048
nonlinear,-2.673,8,0.21917485318622265,0.0883893180171615,decileZ(Comp),-0.006530539033159432,0.020139133281303713
nonlinear,-2.673,8,0.21917485318622265,0.0883893180171615,decileZ(NRC),-0.03881979969650522,-0.06736343605651338
nonlinear,-2.673,8,0.21917485318622265,0.0883893180171615,logit-frac,-0.010260909351674275,0.011564197742165726
nonlinear,-2.673,9,0.1479493999403354,0.05273283257884321,Comp_prob,-1.2467093146996455,-0.036327683247820694
nonlinear,-2.673,9,0.1479493999403354,0.05273283257884321,NRC,0.07207929429601051,-0.015076321274091005
nonlinear,-2.673,9,0.1479493999403354,0.05273283257884321,decileZ(Comp),0.017048164854264008,-0.054211981067900004
nonlinear,-2.673,9,0.1479493999403354,0.05273283257884321,decileZ(NRC),-0.019186500831427387,0.002846835236795099
nonlinear,-2.673,9,0.1479493999403354,0.05273283257884321,logit-frac,0.005264858666141733,-0.0688171404115628
nonlinear,-2.673,10,0.1764444101279288,0.05580491693416648,Comp_prob,-1.113786784936166,-0.011097787626196221
nonlinear,-2.673,10,0.1764444101279288,0.05580491693416648,NRC,0.05393524113115113,0.07820487081736657
nonlinear,-2.673,10,0.1764444101279288,0.05580491693416648,decileZ(Comp),-0.008303381298558385,0.01160873690104035
nonlinear,-2.673,10,0.1764444101279288,0.05580491693416648,decileZ(NRC),-0.054220053363390266,0.037988718891512625
nonlinear,-2.673,10,0.1764444101279288,0.05580491693416648,logit-frac,-0.006228496610329668,0.07850647650708119
nonlinear,-2.673,11,0.1646144246666142,0.0657455312232312,Comp_prob,-1.5544965636405859,-0.012617692890447145
nonlinear,-2.673,11,0.1646144246666142,0.0657455312232312,NRC,0.028272554116538076,0.03473240333728522
nonlinear,-2.673,11,0.1646144246666142,0.0657455312232312,decileZ(Comp),0.014211227081293534,-0.027262496150093178
nonlinear,-2.673,11,0.1646144246666142,0.0657455312232312,decileZ(NRC),-0.015798990028296336,0.07984880090930378
nonlinear,-2.673,11,0.1646144246666142,0.0657455312232312,logit-frac,0.0037679369182810154,-0.02418716416417272
nonlinear,-2.673,12,0.21581774808695137,0.052618780108687334,Comp_prob,-0.6304931493390392,0.07069317547639922
nonlinear,-2.673,12,0.21581774808695137,0.052618780108687334,NRC,0.09037125123931121,0.08948077213605489
nonlinear,-2.673,12,0.21581774808695137,0.052618780108687334,decileZ(Comp),0.0066571561908578426,0.05267294680695167
nonlinear,-2.673,12,0.21581774808695137,0.052618780108687334,decileZ(NRC),-0.0060989432827646285,0.08351991518194918
nonlinear,-2.673,12,0.21581774808695137,0.052618780108687334,logit-frac,0.011683681405612224,0.0493086194797274
nonlinear,-2.673,13,0.21860867276171203,0.0917273068259211,Comp_prob,-0.9830024081616371,-0.09527401071146248
nonlinear,-2.673,13,0.21860867276171203,0.0917273068259211,NRC,0.02998961040491601,0.015859162111321868
nonlinear,-2.673,13,0.21860867276171203,0.0917273068259211,decileZ(Comp),0.013598827181032846,-0.10660978740239291
nonlinear,-2.673,13,0.21860867276171203,0.0917273068259211,decileZ(NRC),0.008772027644650893,0.005311519635765878
nonlinear,-2.673,13,0.21860867276171203,0.0917273068259211,logit-frac,-0.0006734985510778109,0.04377882269063954
nonlinear,-2.673,14,0.21312398035467642,0.06566102196253458,Comp_prob,-0.9824252478341085,0.05172162733714906
nonlinear,-2.673,14,0.21312398035467642,0.06566102196253458,NRC,0.053253599375693586,0.06122063682043146
nonlinear,-2.673,14,0.21312398035467642,0.06566102196253458,decileZ(Comp),0.01652558235054978,0.007339362399996769
nonlinear,-2.673,14,0.21312398035467642,0.06566102196253458,decileZ(NRC),-0.0026194314707571756,0.1219880397099814
nonlinear,-2.673,14,0.21312398035467642,0.06566102196253458,logit-frac,-0.001677071562529531,-0.017886461991105145
nonlinear,-2.673,15,0.120955520902449,0.06605352320768083,Comp_prob,-1.4387682543868334,-0.0983551849075352
nonlinear,-2.673,15,0.120955520902449,0.06605352320768083,NRC,0.03098730359655162,-0.036014329023135026
nonlinear,-2.673,15,0.120955520902449,0.06605352320768083,decileZ(Comp),-0.015228498527874808,-0.04822550155023347
nonlinear,-2.673,15,0.120955520902449,0.06605352320768083,decileZ(NRC),-0.01212399339049467,-0.11790910394698462
nonlinear,-2.673,15,0.120955520902449,0.06605352320768083,logit-frac,-0.00936470208723077,-0.015525194763117112
nonlinear,-3.055,0,0.1636408258331209,0.04305820029581839,Comp_prob,-1.3166624630033799,0.037555375973080486
nonlinear,-3.055,0,0.1636408258331209,0.04305820029581839,NRC,0.02142196964808738,-0.004943852591551753
nonlinear,-3.055,0,0.1636408258331209,0.04305820029581839,decileZ(Comp),-0.0339507790160182,-0.005059411803264257
nonlinear,-3.055,0,0.1636408258331209,0.04305820029581839,decileZ(NRC),-0.004166633157288903,0.024698983472320205
nonlinear,-3.055,0,0.1636408258331209,0.04305820029581839,logit-frac,-0.0023811445492121297,0.06508226115825202
nonlinear,-3.055,1,0.19180826808937915,0.03162800404646131,Comp_prob,-0.9376213525167019,0.017899768305705294
nonlinear,-3.055,1,0.19180826808937915,0.03162800404646131,NRC,0.07234371909226199,-0.06125551287938779
nonlinear,-3.055,1,0.19180826808937915,0.03162800404646131,decileZ(Comp),0.011217641178229824,0.03366452054113004
nonlinear,-3.055,1,0.19180826808937915,0.03162800404646131,decileZ(NRC),-0.012443331839005742,-0.032124306283667706
nonlinear,-3.055,1,0.19180826808937915,0.03162800404646131,logit-frac,0.006971871307322742,-0.0174405860594403
nonlinear,-3.055,2,0.11492627233115815,0.04168369525392032,Comp_prob,-1.1349848526935127,-0.03202708363823534
nonlinear,-3.055,2,0.11492627233115815,0.04168369525392032,NRC,0.07783601106125321,0.05209516434437891
nonlinear,-3.055,2,0.11492627233115815,0.04168369525392032,decileZ(Comp),-0.03283186551412275,-0.05152639975206297
nonlinear,-3.055,2,0.11492627233115815,0.04168369525392032,decileZ(NRC),-0.03636067537659829,0.10300591184796225
nonlinear,-3.055,2,0.11492627233115815,0.04168369525392032,logit-frac,0.010374783186128592,0.04221455603199659
nonlinear,-3.055,3,0.12112198348415275,0.045410486056509665,Comp_prob,-1.260479595935953,0.001978414586724938
nonlinear,-3.055,3,0.12112198348415275,0.045410486056509665,NRC,0.037947364332480256,0.0371596168402967
nonlinear,-3.055,3,0.12112198348415275,0.045410486056509665,decileZ(Comp),-0.01301843014391377,-0.03222187148239309
nonlinear,-3.055,3,0.12112198348415275,0.045410486056509665,decileZ(NRC),-0.014089707883321407,0.08151898950261018
nonlinear,-3.055,3,0.12112198348415275,0.045410486056509665,logit-frac,-0.021170816536341473,0.1491117300851119
nonlinear,-3.055,4,0.15017258221931315,0.04902995992538591,Comp_prob,-1.119396126786734,-0.0833927121594875
nonlinear,-3.055,4,0.15017258221931315,0.04902995992538591,NRC,0.05477337205884486,-0.021706049254823466
nonlinear,-3.055,4,0.15017258221931315,0.04902995992538591,decileZ(Comp),-0.03256643168251055,-0.07973953513367849
nonlinear,-3.055,4,0.15017258221931315,0.04902995992538591,decileZ(NRC),-0.022543367900172112,-0.009029877457613474
nonlinear,-3.055,4,0.15017258221931315,0.04902995992538591,logit-frac,-0.01279788847038972,0.03852485196843714
nonlinear,-3.055,5,0.12761807320625213,0.048756395571053095,Comp_prob,-1.111719621675567,-0.03261442210523304
nonlinear,-3.055,5,0.12761807320625213,0.048756395571053095,NRC,0.017484899431404986,0.13815680010530657
nonlinear,-3.055,5,0.12761807320625213,0.048756395571053095,decileZ(Comp),0.02399649444165259,-0.00803636719583816
nonlinear,-3.055,5,0.12761807320625213,0.048756395571053095,decileZ(NRC),-0.034050986047472726,0.10818420364765487
nonlinear,-3.055,5,0.12761807320625213,0.048756395571053095,logit-frac,-0.010161034301080495,0.059293638525546276
nonlinear,-3.055,6,0.11872319931047373,0.044736072620538005,Comp_prob,-1.4808991432972813,-0.014012504031154985
nonlinear,-3.055,6,0.11872319931047373,0.044736072620538005,NRC,0.010344304033002337,0.018893663919685697
nonlinear,-3.055,6,0.11872319931047373,0.044736072620538005,decileZ(Comp),-0.026093539459694597,-0.014621328267797447
nonlinear,-3.055,6,0.11872319931047373,0.044736072620538005,decileZ(NRC),-0.011393349635730375,-0.034012284141341206
nonlinear,-3.055,6,0.11872319931047373,0.044736072620538005,logit-frac,-0.010429822020313608,-0.033332044146640843
nonlinear,-3.055,7,0.14112921300397077,0.047869044252221944,Comp_prob,-1.2605637574152888,0.014384102293326036
nonlinear,-3.055,7,0.14112921300397077,0.047869044252221944,NRC,0.03225971409615095,0.0006995035721230846
nonlinear,-3.055,7,0.14112921300397077,0.047869044252221944,decileZ(Comp),-0.0025851239359797346,4.798292476096769e-05
nonlinear,-3.055,7,0.14112921300397077,0.047869044252221944,decileZ(NRC),-0.01326818383651644,-0.0027513729224849966
nonlinear,-3.055,7,0.14112921300397077,0.047869044252221944,logit-frac,-0.016579205254290963,0.024841055563989838
nonlinear,-3.055,8,0.18591137037021596,0.062067126992171276,Comp_prob,-0.772892653533197,0.012463565197200767
nonlinear,-3.055,8,0.18591137037021596,0.062067126992171276,NRC,0.04183817851311568,-0.08711805676441535
nonlinear,-3.055,8,0.18591137037021596,0.062067126992171276,decileZ(Comp),-0.0008779649161926701,0.030619476472082408
nonlinear,-3.055,8,0.18591137037021596,0.062067126992171276,decileZ(NRC),-0.015644515149026223,-0.08396187361996389
nonlinear,-3.055,8,0.18591137037021596,0.062067126992171276,logit-frac,0.000756981190342605,0.011564197742165857
nonlinear,-3.055,9,0.11710487814903926,0.03660273459003554,Comp_prob,-1.2707721416356892,-0.03769563949228954
nonlinear,-3.055,9,0.11710487814903926,0.03660273459003554,NRC,0.07326345224227018,-0.07606652806710838
nonlinear,-3.055,9,0.11710487814903926,0.03660273459003554,decileZ(Comp),0.0156333775604838,-0.062170289617978214
nonlinear,-3.055,9,0.11710487814903926,0.03660273459003554,decileZ(NRC),-0.030641476270243287,-0.020122297966383294
nonlinear,-3.055,9,0.11710487814903926,0.03660273459003554,logit-frac,0.0040361292064131134,-0.06881714041156312
nonlinear,-3.055,10,0.14419805712488143,0.03877358317251357,Comp_prob,-1.239905794994511,-0.005542836469119895
nonlinear,-3.055,10,0.14419805712488143,0.03877358317251357,NRC,0.055117211358242824,0.09404874083080016
nonlinear,-3.055,10,0.14419805712488143,0.03877358317251357,decileZ(Comp),-0.01520853617772638,0.01871480051691836
nonlinear,-3.055,10,0.14419805712488143,0.03877358317251357,decileZ(NRC),-0.04949750916484908,0.058333053780451075
nonlinear,-3.055,10,0.14419805712488143,0.03877358317251357,logit-frac,-0.010641513721984215,0.07850647650708113
nonlinear,-3.055,11,0.13147176194709329,0.04582763013411795,Comp_prob,-1.6563437594356047,-0.012460297876552706
nonlinear,-3.055,11,0.13147176194709329,0.04582763013411795,NRC,0.026345624690004784,0.017547461356074913
nonlinear,-3.055,11,0.13147176194709329,0.04582763013411795,decileZ(Comp),-0.030248862279909743,-0.018692996411442616
nonlinear,-3.055,11,0.13147176194709329,0.04582763013411795,decileZ(NRC),-0.038756040480248846,0.06387136547410341
nonlinear,-3.055,11,0.13147176194709329,0.04582763013411795,logit-frac,-0.0012420513609710203,-0.024187164164172405
nonlinear,-3.055,12,0.18522750403565505,0.03652222380557091,Comp_prob,-0.6955680069575593,0.06609051883969795
nonlinear,-3.055,12,0.18522750403565505,0.03652222380557091,NRC,0.10659838449748417,0.11554407836875265
nonlinear,-3.055,12,0.18522750403565505,0.03652222380557091,decileZ(Comp),0.0010377710130672364,0.045374733785970525
nonlinear,-3.055,12,0.18522750403565505,0.03652222380557091,decileZ(NRC),0.015191702707018409,0.08950180635816025
nonlinear,-3.055,12,0.18522750403565505,0.03652222380557091,logit-frac,0.013610420680882467,0.049308619479727325
nonlinear,-3.055,13,0.18454571503315345,0.06448138073948587,Comp_prob,-1.165984660645946,-0.08929233129390442
nonlinear,-3.055,13,0.18454571503315345,0.06448138073948587,NRC,0.022226861647845694,0.005358901764799333
nonlinear,-3.055,13,0.18454571503315345,0.06448138073948587,decileZ(Comp),-0.008926323951059318,-0.0897553531073158
nonlinear,-3.055,13,0.18454571503315345,0.06448138073948587,decileZ(NRC),-0.01038714505094927,-0.016864191649463643
nonlinear,-3.055,13,0.18454571503315345,0.06448138073948587,logit-frac,-0.005303266758354365,0.04377882269063968
nonlinear,-3.055,14,0.1796548035092783,0.0457674691108856,Comp_prob,-1.1089286366478202,0.06335662871729816
nonlinear,-3.055,14,0.1796548035092783,0.0457674691108856,NRC,0.052653338738295474,0.0717621843132465
nonlinear,-3.055,14,0.1796548035092783,0.0457674691108856,decileZ(Comp),-0.02015067542918679,0.011531898249497389
nonlinear,-3.055,14,0.1796548035092783,0.0457674691108856,decileZ(NRC),-0.027756343678604422,0.12834801956841968
nonlinear,-3.055,14,0.1796548035092783,0.0457674691108856,logit-frac,-0.002932473745544977,-0.01788646199110517
nonlinear,-3.055,15,0.09118392088277633,0.046046913457179255,Comp_prob,-1.3960096630006513,-0.09881812245225713
nonlinear,-3.055,15,0.09118392088277633,0.046046913457179255,NRC,0.03586748340870832,-0.033191905340978343
nonlinear,-3.055,15,0.09118392088277633,0.046046913457179255,decileZ(Comp),-0.011331164487543104,-0.03589229242358097
nonlinear,-3.055,15,0.09118392088277633,0.046046913457179255,decileZ(NRC),-0.011465362352302475,-0.10845491467200248
nonlinear,-3.055,15,0.09118392088277633,0.046046913457179255,logit-frac,-0.009364702087230777,-0.01552519476311692
nonlinear,-3.436,0,0.13375147801901854,0.029823252959545854,Comp_prob,-1.40268824847512,0.04084890614553466
nonlinear,-3.436,0,0.13375147801901854,0.029823252959545854,NRC,0.022928412084494008,0.01862121920812477
nonlinear,-3.436,0,0.13375147801901854,0.029823252959545854,decileZ(Comp),-0.02656472375021985,-0.0030144000760027184
nonlinear,-3.436,0,0.13375147801901854,0.029823252959545854,decileZ(NRC),-0.01567971685845402,0.03844002946354186
nonlinear,-3.436,0,0.13375147801901854,0.029823252959545854,logit-frac,-4.9309225753137536e-05,0.0650822611582519
nonlinear,-3.436,1,0.16403639273694312,0.02182626204646315,Comp_prob,-1.0367017895158643,0.018043254887051947
nonlinear,-3.436,1,0.16403639273694312,0.02182626204646315,NRC,0.07140191422292187,-0.01973409334958569
nonlinear,-3.436,1,0.16403639273694312,0.02182626204646315,decileZ(Comp),-0.019295639544468283,0.022763514947294446
nonlinear,-3.436,1,0.16403639273694312,0.02182626204646315,decileZ(NRC),-0.045602328524549735,-0.011564846543531453
nonlinear,-3.436,1,0.16403639273694312,0.02182626204646315,logit-frac,0.005983943904589913,-0.017440586059440533
nonlinear,-3.436,2,0.08829531987982293,0.028858493346168287,Comp_prob,-1.102785202545596,-0.037476431625491816
nonlinear,-3.436,2,0.08829531987982293,0.028858493346168287,NRC,0.08408919708251894,0.08576442596539299
nonlinear,-3.436,2,0.08829531987982293,0.028858493346168287,decileZ(Comp),-0.04173903159044052,-0.04905398841188817
nonlinear,-3.436,2,0.08829531987982293,0.028858493346168287,decileZ(NRC),-0.029503435384528372,0.13306872397366615
nonlinear,-3.436,2,0.08829531987982293,0.028858493346168287,logit-frac,0.010534530292156818,0.04221455603199657
nonlinear,-3.436,3,0.09477046980814767,0.03147629087625866,Comp_prob,-1.2477733907816018,-0.005333526542438961
nonlinear,-3.436,3,0.09477046980814767,0.03147629087625866,NRC,0.041307533268951764,0.046938440206956575
nonlinear,-3.436,3,0.09477046980814767,0.03147629087625866,decileZ(Comp),-0.016403240453703963,-0.027952748402276052
nonlinear,-3.436,3,0.09477046980814767,0.03147629087625866,decileZ(NRC),0.0004170206262882649,0.0773230064254802
nonlinear,-3.436,3,0.09477046980814767,0.03147629087625866,logit-frac,-0.020888572309387524,0.1491117300851118
nonlinear,-3.436,4,0.12265282512716619,0.034024716858871124,Comp_prob,-1.1498369517515343,-0.07751964927704398
nonlinear,-3.436,4,0.12265282512716619,0.034024716858871124,NRC,0.07152418552853325,-0.04014268447623749
nonlinear,-3.436,4,0.12265282512716619,0.034024716858871124,decileZ(Comp),-0.015403549521013537,-0.08293847472596708
nonlinear,-3.436,4,0.12265282512716619,0.034024716858871124,decileZ(NRC),-0.01622655704366119,-0.04329394700163751
nonlinear,-3.436,4,0.12265282512716619,0.034024716858871124,logit-frac,-0.011636043555897865,0.038524851968437065
nonlinear,-3.436,5,0.10078508954842069,0.033831896256409456,Comp_prob,-1.1478129573355464,-0.024031327405654133
nonlinear,-3.436,5,0.10078508954842069,0.033831896256409456,NRC,0.020179843004138238,0.09277974607045325
nonlinear,-3.436,5,0.10078508954842069,0.033831896256409456,decileZ(Comp),0.004631593547722307,-0.024115796777943968
nonlinear,-3.436,5,0.10078508954842069,0.033831896256409456,decileZ(NRC),-0.03982671744589276,0.1244042944909983
nonlinear,-3.436,5,0.10078508954842069,0.033831896256409456,logit-frac,-0.01336810817000483,0.05929363852554623
nonlinear,-3.436,6,0.0916796253372557,0.031002100133840724,Comp_prob,-1.4404016032759832,-0.01491589291729392
nonlinear,-3.436,6,0.0916796253372557,0.031002100133840724,NRC,0.01281156202287783,0.008777390915612164
nonlinear,-3.436,6,0.0916796253372557,0.031002100133840724,decileZ(Comp),-0.017575025031017252,-0.025383950539323952
nonlinear,-3.436,6,0.0916796253372557,0.031002100133840724,decileZ(NRC),-0.011886117443465818,-0.05362802679979711
nonlinear,-3.436,6,0.0916796253372557,0.031002100133840724,logit-frac,-0.010824744991199746,-0.03333204414664081
nonlinear,-3.436,7,0.11340668817235734,0.033206684261521124,Comp_prob,-1.3044199062307804,0.003798456527192322
nonlinear,-3.436,7,0.11340668817235734,0.033206684261521124,NRC,0.036947148029908214,0.030814126274130403
nonlinear,-3.436,7,0.11340668817235734,0.033206684261521124,decileZ(Comp),-0.012379632974882484,0.008214013964654491
nonlinear,-3.436,7,0.11340668817235734,0.033206684261521124,decileZ(NRC),-0.028527772499864476,-0.003151495839093847
nonlinear,-3.436,7,0.11340668817235734,0.033206684261521124,logit-frac,-0.015478505644579378,0.024841055563989616
nonlinear,-3.436,8,0.15596788229124703,0.043253434673899416,Comp_prob,-0.8252192069886446,0.009907121681024136
nonlinear,-3.436,8,0.15596788229124703,0.043253434673899416,NRC,0.04619601184319734,-0.08138913146544341
nonlinear,-3.436,8,0.15596788229124703,0.043253434673899416,decileZ(Comp),-0.006132458367256467,0.02725063799922947
nonlinear,-3.436,8,0.15596788229124703,0.043253434673899416,decileZ(NRC),-0.021253966897329325,-0.0817872157077153
nonlinear,-3.436,8,0.15596788229124703,0.043253434673899416,logit-frac,-0.0005166037943806083,0.011564197742165726
nonlinear,-3.436,9,0.09128420616784903,0.025299566805117236,Comp_prob,-1.2523518273897758,-0.03971714046242924
nonlinear,-3.436,9,0.09128420616784903,0.025299566805117236,NRC,0.07454420663724032,-0.013355554326020008
nonlinear,-3.436,9,0.09128420616784903,0.025299566805117236,decileZ(Comp),0.00012201949712330185,-0.06397253980051494
nonlinear,-3.436,9,0.09128420616784903,0.025299566805117236,decileZ(NRC),-0.019338931166385707,0.02082455205626122
nonlinear,-3.436,9,0.09128420616784903,0.025299566805117236,logit-frac,0.002818526251728135,-0.06881714041156282
nonlinear,-3.436,10,0.11633463387818078,0.026818704499412455,Comp_prob,-1.2944342328841527,0.00038092974836074643
nonlinear,-3.436,10,0.11633463387818078,0.026818704499412455,NRC,0.05474706975462182,0.10082020209747161
nonlinear,-3.436,10,0.11633463387818078,0.026818704499412455,decileZ(Comp),-0.01095231509613663,0.02733361814875125
nonlinear,-3.436,10,0.11633463387818078,0.026818704499412455,decileZ(NRC),-0.04776088059420282,0.043083723455436776
nonlinear,-3.436,10,0.11633463387818078,0.026818704499412455,logit-frac,-0.0057223468016959446,0.07850647650708117
nonlinear,-3.436,11,0.10312157177639801,0.03176969439443428,Comp_prob,-1.6432135893641755,-0.01219958902221411
nonlinear,-3.436,11,0.10312157177639801,0.03176969439443428,NRC,0.02550481170509863,-0.017819318209980686
nonlinear,-3.436,11,0.10312157177639801,0.03176969439443428,decileZ(Comp),-0.01812540097793936,-0.007977352659396905
nonlinear,-3.436,11,0.10312157177639801,0.03176969439443428,decileZ(NRC),-0.03786587273711605,0.02597902422952841
nonlinear,-3.436,11,0.10312157177639801,0.03176969439443428,logit-frac,0.0002581612772579179,-0.024187164164172673
nonlinear,-3.436,12,0.15750761688008613,0.02524326683650936,Comp_prob,-0.7710162086504614,0.0600991289097303
nonlinear,-3.436,12,0.15750761688008613,0.02524326683650936,NRC,0.10244594955190793,0.09677809789568009
nonlinear,-3.436,12,0.15750761688008613,0.02524326683650936,decileZ(Comp),-0.006959577512738484,0.038673803044424485
nonlinear,-3.436,12,0.15750761688008613,0.02524326683650936,decileZ(NRC),-0.007705252323946402,0.05884421083108286
nonlinear,-3.436,12,0.15750761688008613,0.02524326683650936,logit-frac,0.008427203906938859,0.04930861947972743
nonlinear,-3.436,13,0.15364591580990491,0.04497097130311504,Comp_prob,-1.3131903846201438,-0.08131476863039083
nonlinear,-3.436,13,0.15364591580990491,0.04497097130311504,NRC,0.012366141696449926,0.017315626322871626
nonlinear,-3.436,13,0.15364591580990491,0.04497097130311504,decileZ(Comp),-0.013610855824578705,-0.08960319759503832
nonlinear,-3.436,13,0.15364591580990491,0.04497097130311504,decileZ(NRC),-0.018980519205966336,0.028548044717819132
nonlinear,-3.436,13,0.15364591580990491,0.04497097130311504,logit-frac,-0.008257929512523897,0.04377882269063957
nonlinear,-3.436,14,0.14924743250111122,0.03172737452804605,Comp_prob,-1.1730344585069388,0.07536183491155074
nonlinear,-3.436,14,0.14924743250111122,0.03172737452804605,NRC,0.05375475573909494,0.08351431324388803
nonlinear,-3.436,14,0.14924743250111122,0.03172737452804605,decileZ(Comp),-0.008039591350187197,0.015712850550414083
nonlinear,-3.436,14,0.14924743250111122,0.03172737452804605,decileZ(NRC),-0.017436631632350097,0.15528450273707467
nonlinear,-3.436,14,0.14924743250111122,0.03172737452804605,logit-frac,0.0004064385617272403,-0.01788646199110513
nonlinear,-3.436,15,0.06760150742547204,0.03192396162924028,Comp_prob,-1.3525913008947044,-0.09896646997634063
nonlinear,-3.436,15,0.06760150742547204,0.03192396162924028,NRC,0.03799742381911951,-0.030203057881781292
nonlinear,-3.436,15,0.06760150742547204,0.03192396162924028,decileZ(Comp),-0.010245758645336158,-0.032514768158420866
nonlinear,-3.436,15,0.06760150742547204,0.03192396162924028,decileZ(NRC),-0.004808646128284747,-0.10667892582036126
nonlinear,-3.436,15,0.06760150742547204,0.03192396162924028,logit-frac,-0.009364702087230812,-0.015525194763117155
nonlinear,-3.818,0,0.10742541529444566,0.020548799824456964,Comp_prob,-1.4395172841247932,0.04330960985347404
nonlinear,-3.818,0,0.10742541529444566,0.020548799824456964,NRC,0.009509822993731829,0.01991098839001118
nonlinear,-3.818,0,0.10742541529444566,0.020548799824456964,decileZ(Comp),-0.03018125638483714,-0.02030142902042625
nonlinear,-3.818,0,0.10742541529444566,0.020548799824456964,decileZ(NRC),-0.03855870195815368,0.023171299378731795
nonlinear,-3.818,0,0.10742541529444566,0.020548799824456964,logit-frac,0.0018653583440869218,0.06508226115825202
nonlinear,-3.818,1,0.1388193611099072,0.015000266918956463,Comp_prob,-1.1316856498762682,0.01836785517547196
nonlinear,-3.818,1,0.1388193611099072,0.015000266918956463,NRC,0.07963199037669384,-0.03345191920187036
nonlinear,-3.818,1,0.1388193611099072,0.015000266918956463,decileZ(Comp),-0.029090319576977507,0.0154078604013045
nonlinear,-3.818,1,0.1388193611099072,0.015000266918956463,decileZ(NRC),-0.043183136799892406,-0.0002079518963333596
nonlinear,-3.818,1,0.1388193611099072,0.015000266918956463,logit-frac,0.005185824230442092,-0.017440586059440107
nonlinear,-3.818,2,0.06665880014509462,0.019877914606012636,Comp_prob,-1.0583969185700473,-0.04258244005015767
nonlinear,-3.818,2,0.06665880014509462,0.019877914606012636,NRC,0.09312556042159821,0.11306950008289772
nonlinear,-3.818,2,0.06665880014509462,0.019877914606012636,decileZ(Comp),-0.0450806562994573,-0.03431498229506573
nonlinear,-3.818,2,0.06665880014509462,0.019877914606012636,decileZ(NRC),-0.01724430485476683,0.1661550411659421
nonlinear,-3.818,2,0.06665880014509462,0.019877914606012636,logit-frac,0.010703251888420992,0.04221455603199646
nonlinear,-3.818,3,0.07298800656174019,0.021699272701670762,Comp_prob,-1.2000109241900563,-0.013735259993808546
nonlinear,-3.818,3,0.07298800656174019,0.021699272701670762,NRC,0.05665046965973171,-0.009785940406329423
nonlinear,-3.818,3,0.07298800656174019,0.021699272701670762,decileZ(Comp),-0.007730355169176915,-0.020421973954853435
nonlinear,-3.818,3,0.07298800656174019,0.021699272701670762,decileZ(NRC),0.015665124077788164,0.05330907425082166
nonlinear,-3.818,3,0.07298800656174019,0.021699272701670762,logit-frac,-0.021653841685030015,0.1491117300851121
nonlinear,-3.818,4,0.09886052936315494,0.023475305036838978,Comp_prob,-1.1782092115110843,-0.07215141013839659
nonlinear,-3.818,4,0.09886052936315494,0.023475305036838978,NRC,0.06826989943227478,-0.07466527381326156
nonlinear,-3.818,4,0.09886052936315494,0.023475305036838978,decileZ(Comp),-0.025233863897089252,-0.09134113536401947
nonlinear,-3.818,4,0.09886052936315494,0.023475305036838978,decileZ(NRC),-0.019948250211532573,-0.08475495872704177
nonlinear,-3.818,4,0.09886052936315494,0.023475305036838978,logit-frac,-0.011025013640507406,0.03852485196843706
nonlinear,-3.818,5,0.07844976691344598,0.023340824170409197,Comp_prob,-1.1184640558928005,-0.016140182645031684
nonlinear,-3.818,5,0.07844976691344598,0.023340824170409197,NRC,0.028644377020384228,0.11403577672917158
nonlinear,-3.818,5,0.07844976691344598,0.023340824170409197,decileZ(Comp),0.003421712875780315,-0.034230930595932685
nonlinear,-3.818,5,0.07844976691344598,0.023340824170409197,decileZ(NRC),-0.04163402936727041,0.12838442954287743
nonlinear,-3.818,5,0.07844976691344598,0.023340824170409197,logit-frac,-0.012964198192307418,0.05929363852554633
nonlinear,-3.818,6,0.06949380876244528,0.021369123100401607,Comp_prob,-1.3916731697506741,-0.016241932516931297
nonlinear,-3.818,6,0.06949380876244528,0.021369123100401607,NRC,0.011166013858830398,0.018718830909094764
nonlinear,-3.818,6,0.06949380876244528,0.021369123100401607,decileZ(Comp),-0.014858754562097804,-0.02213103253425478
nonlinear,-3.818,6,0.06949380876244528,0.021369123100401607,decileZ(NRC),-0.012008424876793537,-0.03137169203814701
nonlinear,-3.818,6,0.06949380876244528,0.021369123100401607,logit-frac,-0.010824744991199748,-0.03333204414664081
nonlinear,-3.818,7,0.08988605933319982,0.022904890565778355,Comp_prob,-1.2730837935740755,-0.006409066973002025
nonlinear,-3.818,7,0.08988605933319982,0.022904890565778355,NRC,0.037229040714876184,0.06726156210661917
nonlinear,-3.818,7,0.08988605933319982,0.022904890565778355,decileZ(Comp),0.003864967920928778,0.01079431507893149
nonlinear,-3.818,7,0.08988605933319982,0.022904890565778355,decileZ(NRC),-0.03479258660698813,0.016080420855053873
nonlinear,-3.818,7,0.08988605933319982,0.022904890565778355,logit-frac,-0.015128660484283872,0.02484105556398978
nonlinear,-3.818,8,0.12931178069445673,0.029931307212950283,Comp_prob,-0.8632202705086244,0.008019545779493372
nonlinear,-3.818,8,0.12931178069445673,0.029931307212950283,NRC,0.05319163547465991,-0.1022585703423167
nonlinear,-3.818,8,0.12931178069445673,0.029931307212950283,decileZ(Comp),-0.027729718954395126,0.0040395445232572205
nonlinear,-3.818,8,0.12931178069445673,0.029931307212950283,decileZ(NRC),-0.03308285896153823,-0.09539625852150396
nonlinear,-3.818,8,0.12931178069445673,0.029931307212950283,logit-frac,0.001372239253389618,0.011564197742165857
nonlinear,-3.818,9,0.07001357815815325,0.01740665226307109,Comp_prob,-1.2001457306948826,-0.04228159401883095
nonlinear,-3.818,9,0.07001357815815325,0.01740665226307109,NRC,0.06904520371545171,0.029006330479924767
nonlinear,-3.818,9,0.07001357815815325,0.01740665226307109,decileZ(Comp),-0.00769228056123826,-0.059388426288242264
nonlinear,-3.818,9,0.07001357815815325,0.01740665226307109,decileZ(NRC),-0.041267892942892064,0.024558585652719456
nonlinear,-3.818,9,0.07001357815815325,0.01740665226307109,logit-frac,0.0028577636376849267,-0.06881714041156321
nonlinear,-3.818,10,0.09254244641010789,0.018460828425359312,Comp_prob,-1.2960657216939082,0.006309194910948483
nonlinear,-3.818,10,0.09254244641010789,0.018460828425359312,NRC,0.048471411869043066,0.08855327117654545
nonlinear,-3.818,10,0.09254244641010789,0.018460828425359312,decileZ(Comp),0.0003858883848495368,0.032899201413400206
nonlinear,-3.818,10,0.09254244641010789,0.018460828425359312,decileZ(NRC),-0.034291888359713356,0.05711908004115183
nonlinear,-3.818,10,0.09254244641010789,0.018460828425359312,logit-frac,-0.006443663045096411,0.0785064765070812
nonlinear,-3.818,11,0.07932766576883216,0.021903601665486338,Comp_prob,-1.5957405895151389,-0.011768609275008338
nonlinear,-3.818,11,0.07932766576883216,0.021903601665486338,NRC,0.028078245760020736,0.02099608153381018
nonlinear,-3.818,11,0.07932766576883216,0.021903601665486338,decileZ(Comp),-0.027882970386783088,-0.023506886497224117
nonlinear,-3.818,11,0.07932766576883216,0.021903601665486338,decileZ(NRC),-0.02738565227557451,0.02356373601512428
nonlinear,-3.818,11,0.07932766576883216,0.021903601665486338,logit-frac,0.000534843511525536,-0.024187164164172405
nonlinear,-3.818,12,0.13252611319325683,0.017367603691146455,Comp_prob,-0.8170546200564262,0.05365660042002187
nonlinear,-3.818,12,0.13252611319325683,0.017367603691146455,NRC,0.09285302866250753,0.09010868945591274
nonlinear,-3.818,12,0.13252611319325683,0.017367603691146455,decileZ(Comp),0.0001984912333086071,0.03347089513000899
nonlinear,-3.818,12,0.13252611319325683,0.017367603691146455,decileZ(NRC),-0.012726808637994925,0.04368951806547867
nonlinear,-3.818,12,0.13252611319325683,0.017367603691146455,logit-frac,0.011356394976424876,0.049308619479727485
nonlinear,-3.818,13,0.12591252983575324,0.031137056089775145,Comp_prob,-1.4031951358422208,-0.07215355056098373
nonlinear,-3.818,13,0.12591252983575324,0.031137056089775145,NRC,0.013741531702803131,0.008008306578957522
nonlinear,-3.818,13,0.12591252983575324,0.031137056089775145,decileZ(Comp),-0.016146006983188185,-0.09179384457820505
nonlinear,-3.818,13,0.12591252983575324,0.031137056089775145,decileZ(NRC),-0.0152699376414159,0.02691603999038724
nonlinear,-3.818,13,0.12591252983575324,0.031137056089775145,logit-frac,-0.00809814399606101,0.04377882269063964
nonlinear,-3.818,14,0.12196584079023477,0.021874127339915863,Comp_prob,-1.2078581054900617,0.08691640639086176
nonlinear,-3.818,14,0.12196584079023477,0.021874127339915863,NRC,0.07028644495944068,0.07954907755653128
nonlinear,-3.818,14,0.12196584079023477,0.021874127339915863,decileZ(Comp),0.005585898511522678,0.007500022233357332
nonlinear,-3.818,14,0.12196584079023477,0.021874127339915863,decileZ(NRC),0.017946277359918654,0.15576560735260922
nonlinear,-3.818,14,0.12196584079023477,0.021874127339915863,logit-frac,0.0029879058430310836,-0.01788646199110517
nonlinear,-3.818,15,0.04928792184593369,0.022011050242354023,Comp_prob,-1.310988769584264,-0.09893972985940613
nonlinear,-3.818,15,0.04928792184593369,0.022011050242354023,NRC,0.05381724512146531,-0.046576369840453026
nonlinear,-3.818,15,0.04928792184593369,0.022011050242354023,decileZ(Comp),-0.009308545763074917,-0.029601579069738117
nonlinear,-3.818,15,0.04928792184593369,0.022011050242354023,decileZ(NRC),0.01003697123677392,-0.12144770020551776
nonlinear,-3.818,15,0.04928792184593369,0.022011050242354023,logit-frac,-0.009364702087230815,-0.015525194763116958
nonlinear,-4.2,0,0.08480951699232492,0.014116555516298396,Comp_prob,-1.422932754157487,0.04453770459078101
nonlinear,-4.2,0,0.08480951699232492,0.014116555516298396,NRC,0.007762352286856936,0.04940871552289459
nonlinear,-4.2,0,0.08480951699232492,0.014116555516298396,decileZ(Comp),-0.035352470562312145,-0.0344172589251244
nonlinear,-4.2,0,0.08480951699232492,0.014116555516298396,decileZ(NRC),-0.036123788006501754,0.020771491351184494
nonlinear,-4.2,0,0.08480951699232492,0.014116555516298396,logit-frac,0.0016623663855349525,0.06508226115825204
nonlinear,-4.2,1,0.11621529962005714,0.010286599534285354,Comp_prob,-1.186053200456969,0.01932285838903603
nonlinear,-4.2,1,0.11621529962005714,0.010286599534285354,NRC,0.08837999614430188,-0.040258895348642305
nonlinear,-4.2,1,0.11621529962005714,0.010286599534285354,decileZ(Comp),-0.027350212299327707,0.008357560182322768
nonlinear,-4.2,1,0.11621529962005714,0.010286599534285354,decileZ(NRC),0.007660636664675619,-0.010267435565709023
nonlinear,-4.2,1,0.11621529962005714,0.010286599534285354,logit-frac,0.004922310801353319,-0.017440586059440336
nonlinear,-4.2,2,0.04953488091179128,0.013652745453517414,Comp_prob,-1.0031921200736282,-0.047705040649616205
nonlinear,-4.2,2,0.04953488091179128,0.013652745453517414,NRC,0.09868638461012728,0.08849502804321872
nonlinear,-4.2,2,0.04953488091179128,0.013652745453517414,decileZ(Comp),-0.04480790541910885,-0.031500880778441404
nonlinear,-4.2,2,0.04953488091179128,0.013652745453517414,decileZ(NRC),-0.021850477734178975,0.1330685887721516
nonlinear,-4.2,2,0.04953488091179128,0.013652745453517414,logit-frac,0.010703251888420997,0.04221455603199653
nonlinear,-4.2,3,0.05538215716695971,0.014912387052939237,Comp_prob,-1.1382069385898577,-0.02304684864306725
nonlinear,-4.2,3,0.05538215716695971,0.014912387052939237,NRC,0.07516622884513054,-0.0308466956836299
nonlinear,-4.2,3,0.05538215716695971,0.014912387052939237,decileZ(Comp),0.0006285004726260951,-0.016609670389934987
nonlinear,-4.2,3,0.05538215716695971,0.014912387052939237,decileZ(NRC),0.015943228023005532,0.045171522340350406
nonlinear,-4.2,3,0.05538215716695971,0.014912387052939237,logit-frac,-0.021653841685030185,0.14911173008511133
nonlinear,-4.2,4,0.07866584486421332,0.016142095077034308,Comp_prob,-1.147043863105944,-0.06725501587649876
nonlinear,-4.2,4,0.07866584486421332,0.016142095077034308,NRC,0.05834931067755969,-0.10739246504654282
nonlinear,-4.2,4,0.07866584486421332,0.016142095077034308,decileZ(Comp),-0.019409070574496423,-0.08918855584991195
nonlinear,-4.2,4,0.07866584486421332,0.016142095077034308,decileZ(NRC),-0.03613160924435499,-0.08699769177199158
nonlinear,-4.2,4,0.07866584486421332,0.016142095077034308,logit-frac,-0.011307824383319487,0.03852485196843719
nonlinear,-4.2,5,0.06025512769334241,0.016048932901497236,Comp_prob,-1.0727830157710083,-0.009351109927862077
nonlinear,-4.2,5,0.06025512769334241,0.016048932901497236,NRC,0.026495974145938857,0.0690771485822458
nonlinear,-4.2,5,0.06025512769334241,0.016048932901497236,decileZ(Comp),-0.004572450770075089,-0.03866556475108307
nonlinear,-4.2,5,0.06025512769334241,0.016048932901497236,decileZ(NRC),-0.038951246388002195,0.09431963046696193
nonlinear,-4.2,5,0.06025512769334241,0.016048932901497236,logit-frac,-0.013544824559078253,0.059293638525546144
nonlinear,-4.2,6,0.05177046034292663,0.014683948494779383,Comp_prob,-1.3441447997830176,-0.01774454204449622
nonlinear,-4.2,6,0.05177046034292663,0.014683948494779383,NRC,0.014930013824419788,0.008435426018892404
nonlinear,-4.2,6,0.05177046034292663,0.014683948494779383,decileZ(Comp),-0.012715223486419139,-0.021916891185754246
nonlinear,-4.2,6,0.05177046034292663,0.014683948494779383,decileZ(NRC),1.542433817834643e-05,-0.042638272299799385
nonlinear,-4.2,6,0.05177046034292663,0.014683948494779383,logit-frac,-0.010824744991199698,-0.03333204414664104
nonlinear,-4.2,7,0.07036019454570587,0.015746993191544104,Comp_prob,-1.2200919211246677,-0.015439254411744376
nonlinear,-4.2,7,0.07036019454570587,0.015746993191544104,NRC,0.04840450839691159,-0.0036905496045901947
nonlinear,-4.2,7,0.07036019454570587,0.015746993191544104,decileZ(Comp),0.015806177122198017,0.02055490414594714
nonlinear,-4.2,7,0.07036019454570587,0.015746993191544104,decileZ(NRC),-0.01111849411225613,-0.0056436519989696565
nonlinear,-4.2,7,0.07036019454570587,0.015746993191544104,logit-frac,-0.01600397408205121,0.024841055563989696
nonlinear,-4.2,8,0.1060245568943028,0.02062396562721296,Comp_prob,-0.8769870099435548,0.007085032507519045
nonlinear,-4.2,8,0.1060245568943028,0.02062396562721296,NRC,0.07080081347889355,-0.1289249010472311
nonlinear,-4.2,8,0.1060245568943028,0.02062396562721296,decileZ(Comp),-0.023110630078715385,-0.00221279739713744
nonlinear,-4.2,8,0.1060245568943028,0.02062396562721296,decileZ(NRC),-0.024292746223850782,-0.11675685168538495
nonlinear,-4.2,8,0.1060245568943028,0.02062396562721296,logit-frac,-0.0026769780228144075,0.011564197742165752
nonlinear,-4.2,9,0.05290000911389501,0.011945975865734699,Comp_prob,-1.127329769248946,-0.04519445615581467
nonlinear,-4.2,9,0.05290000911389501,0.011945975865734699,NRC,0.08633899160721402,0.0034974201557613853
nonlinear,-4.2,9,0.05290000911389501,0.011945975865734699,decileZ(Comp),-0.0013625533749622772,-0.061553952145440266
nonlinear,-4.2,9,0.05290000911389501,0.011945975865734699,decileZ(NRC),-0.04071676885663106,0.040581020934034054
nonlinear,-4.2,9,0.05290000911389501,0.011945975865734699,logit-frac,0.002857763637684793,-0.0688171404115629
nonlinear,-4.2,10,0.07261280499149882,0.012673709816190133,Comp_prob,-1.2679004020361169,0.011725313073203162
nonlinear,-4.2,10,0.07261280499149882,0.012673709816190133,NRC,0.07146586744145451,0.0633609659183503
nonlinear,-4.2,10,0.07261280499149882,0.012673709816190133,decileZ(Comp),-0.0017935532933780092,0.040457309112452
nonlinear,-4.2,10,0.07261280499149882,0.012673709816190133,decileZ(NRC),-0.03881597287815972,0.07115272642450952
nonlinear,-4.2,10,0.07261280499149882,0.012673709816190133,logit-frac,-0.006435064328078266,0.07850647650708135
nonlinear,-4.2,11,0.059912173129651046,0.015053791404722277,Comp_prob,-1.5373379234559497,-0.011132627042437669
nonlinear,-4.2,11,0.059912173129651046,0.015053791404722277,NRC,0.032394965494188716,0.003818885779300918
nonlinear,-4.2,11,0.059912173129651046,0.015053791404722277,decileZ(Comp),-0.027339888438127177,-0.03229347511861172
nonlinear,-4.2,11,0.059912173129651046,0.015053791404722277,decileZ(NRC),0.006261288168745871,0.016087411197619028
nonlinear,-4.2,11,0.059912173129651046,0.015053791404722277,logit-frac,0.0005348435115254015,-0.02418716416417262
nonlinear,-4.2,12,0.11031589793124226,0.011919028706257984,Comp_prob,-0.8890344523584991,0.04790313683273287
nonlinear,-4.2,12,0.11031589793124226,0.011919028706257984,NRC,0.10147267767789844,0.08238356203498018
nonlinear,-4.2,12,0.11031589793124226,0.011919028706257984,decileZ(Comp),-0.029265335333288605,0.02368900458539013
nonlinear,-4.2,12,0.11031589793124226,0.011919028706257984,decileZ(NRC),-0.021915898677192517,0.04858554971428878
nonlinear,-4.2,12,0.11031589793124226,0.011919028706257984,logit-frac,0.010380055531557603,0.04930861947972756
nonlinear,-4.2,13,0.10152283920379693,0.02146307434007155,Comp_prob,-1.459470550595274,-0.06248069155579468
nonlinear,-4.2,13,0.10152283920379693,0.02146307434007155,NRC,0.0064137656612216045,-0.00719802861496051
nonlinear,-4.2,13,0.10152283920379693,0.02146307434007155,decileZ(Comp),-0.01583686820411351,-0.09635692793070699
nonlinear,-4.2,13,0.10152283920379693,0.02146307434007155,decileZ(NRC),-0.04480813135250665,0.02368619878654362
nonlinear,-4.2,13,0.10152283920379693,0.02146307434007155,logit-frac,-0.011940534189155376,0.04377882269063956
nonlinear,-4.2,14,0.09803905224131237,0.015033392774853728,Comp_prob,-1.2318098310689205,0.09734403791247212
nonlinear,-4.2,14,0.09803905224131237,0.015033392774853728,NRC,0.0723776349233056,0.055728654826915656
nonlinear,-4.2,14,0.09803905224131237,0.015033392774853728,decileZ(Comp),-0.004473271953059124,0.0007469135609278442
nonlinear,-4.2,14,0.09803905224131237,0.015033392774853728,decileZ(NRC),0.027615412909275244,0.12883047249489804
nonlinear,-4.2,14,0.09803905224131237,0.015033392774853728,logit-frac,0.002759018450205891,-0.017886461991105936
nonlinear,-4.2,15,0.03543270585093254,0.01512815781221148,Comp_prob,-1.2734373380700525,-0.09881458723739751
nonlinear,-4.2,15,0.03543270585093254,0.01512815781221148,NRC,0.05075724695676921,-0.024312439561759925
nonlinear,-4.2,15,0.03543270585093254,0.01512815781221148,decileZ(Comp),-0.008552022824657286,-0.02724707199165049
nonlinear,-4.2,15,0.03543270585093254,0.01512815781221148,decileZ(NRC),0.005507745172390187,-0.1143058789297639
nonlinear,-4.2,15,0.03543270585093254,0.01512815781221148,logit-frac,-0.009364702087230772,-0.015525194763117155
