DGP,Intercept,Strength,Seed,BaseRate,FracHit,Metric,USFG,USFG_gap_raw
logistic,-3.6,0.0,0,0.08129217085693011,0.0,Comp_prob,0.04186389106174398,0.005338415860466329
logistic,-3.6,0.0,0,0.08129217085693011,0.0,NRC,-0.012665227645598685,-0.0129187598838032
logistic,-3.6,0.0,0,0.08129217085693011,0.0,decileZ(Comp),0.04061445741798773,0.04061445741798773
logistic,-3.6,0.0,0,0.08129217085693011,0.0,decileZ(NRC),0.04903484122423255,0.04903484122423255
logistic,-3.6,0.0,0,0.08129217085693011,0.0,logit-frac,-0.06765378930262715,-0.10731789028818339
logistic,-3.6,0.0,1,0.14189518765934517,0.0,Comp_prob,0.014517276847354777,0.003299268208927522
logistic,-3.6,0.0,1,0.14189518765934517,0.0,NRC,-0.0013933926977624726,-0.002019714068612455
logistic,-3.6,0.0,1,0.14189518765934517,0.0,decileZ(Comp),-0.051916385618155814,-0.051916385618155814
logistic,-3.6,0.0,1,0.14189518765934517,0.0,decileZ(NRC),0.02761327004246025,0.02761327004246025
logistic,-3.6,0.0,1,0.14189518765934517,0.0,logit-frac,-0.07851935532632338,-0.14806137306499145
logistic,-3.6,0.0,2,0.09516283055619788,0.0,Comp_prob,0.0036332985092132138,0.0005850650199886454
logistic,-3.6,0.0,2,0.09516283055619788,0.0,NRC,-0.0015277001169247855,-0.0014422202709605259
logistic,-3.6,0.0,2,0.09516283055619788,0.0,decileZ(Comp),0.014891621565404044,0.014891621565404044
logistic,-3.6,0.0,2,0.09516283055619788,0.0,decileZ(NRC),-0.005550775320446191,-0.005550775320446191
logistic,-3.6,0.0,2,0.09516283055619788,0.0,logit-frac,-0.033391935671943256,-0.046494351710387516
logistic,-3.6,0.0,3,0.10554780207283503,0.0,Comp_prob,0.010568967041226436,0.0018410536933457927
logistic,-3.6,0.0,3,0.10554780207283503,0.0,NRC,0.029348539492334326,0.032249716603605094
logistic,-3.6,0.0,3,0.10554780207283503,0.0,decileZ(Comp),0.01651848591235942,0.01651848591235942
logistic,-3.6,0.0,3,0.10554780207283503,0.0,decileZ(NRC),0.010475909928566125,0.010475909928566125
logistic,-3.6,0.0,3,0.10554780207283503,0.0,logit-frac,-0.001515542405038458,-0.0022614863309113886
logistic,-3.6,0.0,4,0.06555034348053138,0.0,Comp_prob,0.07298797331578469,0.00710712090773347
logistic,-3.6,0.0,4,0.06555034348053138,0.0,NRC,0.02584570093273471,0.030411044819757094
logistic,-3.6,0.0,4,0.06555034348053138,0.0,decileZ(Comp),0.024392783878179787,0.024392783878179787
logistic,-3.6,0.0,4,0.06555034348053138,0.0,decileZ(NRC),0.04972631931326256,0.04972631931326256
logistic,-3.6,0.0,4,0.06555034348053138,0.0,logit-frac,-0.03131776600792052,-0.0525173207968056
logistic,-3.6,0.0,5,0.11981368891943925,0.0,Comp_prob,0.027877835833803946,0.005488189576881505
logistic,-3.6,0.0,5,0.11981368891943925,0.0,NRC,0.12665879657792856,0.1139018564252422
logistic,-3.6,0.0,5,0.11981368891943925,0.0,decileZ(Comp),-0.06677317586633007,-0.06677317586633007
logistic,-3.6,0.0,5,0.11981368891943925,0.0,decileZ(NRC),0.11290809544344867,0.11290809544344867
logistic,-3.6,0.0,5,0.11981368891943925,0.0,logit-frac,0.03851119714208428,0.04401769780142106
logistic,-3.6,0.0,6,0.0992556011021959,0.0,Comp_prob,0.07351223421791094,0.011932085889744183
logistic,-3.6,0.0,6,0.0992556011021959,0.0,NRC,-0.024366073137501335,-0.029763408278052017
logistic,-3.6,0.0,6,0.0992556011021959,0.0,decileZ(Comp),-0.007475012539913832,-0.007475012539913832
logistic,-3.6,0.0,6,0.0992556011021959,0.0,decileZ(NRC),-0.006981186338876245,-0.006981186338876245
logistic,-3.6,0.0,6,0.0992556011021959,0.0,logit-frac,-0.036187226336067385,-0.06560518266097137
logistic,-3.6,0.0,7,0.09430248202470216,0.0,Comp_prob,-0.007960566430779852,-0.0012407337992808576
logistic,-3.6,0.0,7,0.09430248202470216,0.0,NRC,-0.04314029195296579,-0.04885965521237734
logistic,-3.6,0.0,7,0.09430248202470216,0.0,decileZ(Comp),-0.03060056363795043,-0.03060056363795043
logistic,-3.6,0.0,7,0.09430248202470216,0.0,decileZ(NRC),0.010120376621240892,0.010120376621240892
logistic,-3.6,0.0,7,0.09430248202470216,0.0,logit-frac,-0.020088196981934335,-0.03186341938118842
logistic,-3.6,0.0,8,0.09055025507663557,0.0,Comp_prob,0.05373852664492724,0.007896911240746887
logistic,-3.6,0.0,8,0.09055025507663557,0.0,NRC,0.015776536489285686,0.0221119196839904
logistic,-3.6,0.0,8,0.09055025507663557,0.0,decileZ(Comp),-0.06818526905032707,-0.06818526905032707
logistic,-3.6,0.0,8,0.09055025507663557,0.0,decileZ(NRC),-0.0158209255752169,-0.0158209255752169
logistic,-3.6,0.0,8,0.09055025507663557,0.0,logit-frac,0.048305388493245456,0.08201268173421317
logistic,-3.6,0.0,9,0.12476736186032672,0.0,Comp_prob,-0.02331957728692057,-0.0046772336901042405
logistic,-3.6,0.0,9,0.12476736186032672,0.0,NRC,0.06411505260643127,0.10032273062965724
logistic,-3.6,0.0,9,0.12476736186032672,0.0,decileZ(Comp),0.042648327046572926,0.042648327046572926
logistic,-3.6,0.0,9,0.12476736186032672,0.0,decileZ(NRC),-0.013422330408178827,-0.013422330408178827
logistic,-3.6,0.0,9,0.12476736186032672,0.0,logit-frac,0.013173405063802627,0.024115121269831064
logistic,-3.6,0.0,10,0.13368255940986173,0.0,Comp_prob,-0.11067406486695021,-0.024987178286317913
logistic,-3.6,0.0,10,0.13368255940986173,0.0,NRC,-0.03153221927543959,-0.04437711255026555
logistic,-3.6,0.0,10,0.13368255940986173,0.0,decileZ(Comp),-0.09104343454911323,-0.09104343454911323
logistic,-3.6,0.0,10,0.13368255940986173,0.0,decileZ(NRC),-0.02765404932702281,-0.02765404932702281
logistic,-3.6,0.0,10,0.13368255940986173,0.0,logit-frac,-0.002403374099830763,-0.0040718267761435945
logistic,-3.6,0.0,11,0.14990634488766383,0.0,Comp_prob,-0.08954763959233403,-0.02166237861953732
logistic,-3.6,0.0,11,0.14990634488766383,0.0,NRC,-0.01131918726769019,-0.023374790987054084
logistic,-3.6,0.0,11,0.14990634488766383,0.0,decileZ(Comp),-0.08430187326140619,-0.08430187326140619
logistic,-3.6,0.0,11,0.14990634488766383,0.0,decileZ(NRC),0.023628548568762807,0.023628548568762807
logistic,-3.6,0.0,11,0.14990634488766383,0.0,logit-frac,0.04181664506313632,0.0807668710302124
logistic,-3.6,0.2,0,0.12061993718126705,0.1008,Comp_prob,0.04915369011323729,0.009570250663170132
logistic,-3.6,0.2,0,0.12061993718126705,0.1008,NRC,0.06314217561531699,0.09229472847997933
logistic,-3.6,0.2,0,0.12061993718126705,0.1008,decileZ(Comp),0.041502349027717204,0.041502349027717204
logistic,-3.6,0.2,0,0.12061993718126705,0.1008,decileZ(NRC),0.17038123025039392,0.17038123025039392
logistic,-3.6,0.2,0,0.12061993718126705,0.1008,logit-frac,-0.01630012192815607,-0.03234556903242003
logistic,-3.6,0.2,1,0.0939737357622544,0.1004,Comp_prob,0.03479847138509586,0.005337162822797781
logistic,-3.6,0.2,1,0.0939737357622544,0.1004,NRC,0.0916383880142352,0.12692804626087706
logistic,-3.6,0.2,1,0.0939737357622544,0.1004,decileZ(Comp),0.04444706469600139,0.04444706469600139
logistic,-3.6,0.2,1,0.0939737357622544,0.1004,decileZ(NRC),0.17234321719281875,0.17234321719281875
logistic,-3.6,0.2,1,0.0939737357622544,0.1004,logit-frac,0.1195068757163726,0.19543589171086695
logistic,-3.6,0.2,2,0.12626012979354445,0.1004,Comp_prob,0.11643803098026206,0.0231488381312053
logistic,-3.6,0.2,2,0.12626012979354445,0.1004,NRC,0.13692500796553933,0.16586066800745058
logistic,-3.6,0.2,2,0.12626012979354445,0.1004,decileZ(Comp),0.028965436679953944,0.028965436679953944
logistic,-3.6,0.2,2,0.12626012979354445,0.1004,decileZ(NRC),0.23603407692914072,0.23603407692914072
logistic,-3.6,0.2,2,0.12626012979354445,0.1004,logit-frac,0.05561206102534458,0.0772257746871422
logistic,-3.6,0.2,3,0.13244156878810703,0.1072,Comp_prob,0.04813744237084062,0.010204163255014317
logistic,-3.6,0.2,3,0.13244156878810703,0.1072,NRC,0.05112506942038922,0.11295136423721686
logistic,-3.6,0.2,3,0.13244156878810703,0.1072,decileZ(Comp),0.048743925239135,0.048743925239135
logistic,-3.6,0.2,3,0.13244156878810703,0.1072,decileZ(NRC),0.1032361998022335,0.1032361998022335
logistic,-3.6,0.2,3,0.13244156878810703,0.1072,logit-frac,0.07315765510853871,0.13729583124408218
logistic,-3.6,0.2,4,0.1650705065233422,0.1088,Comp_prob,0.13159792177754182,0.03330646438429506
logistic,-3.6,0.2,4,0.1650705065233422,0.1088,NRC,0.020904502664136713,0.0461645720586491
logistic,-3.6,0.2,4,0.1650705065233422,0.1088,decileZ(Comp),0.08417933312234169,0.08417933312234167
logistic,-3.6,0.2,4,0.1650705065233422,0.1088,decileZ(NRC),0.15189046921137803,0.15189046921137803
logistic,-3.6,0.2,4,0.1650705065233422,0.1088,logit-frac,0.0677249106050808,0.1240255684063436
logistic,-3.6,0.2,5,0.1029202643886678,0.1104,Comp_prob,0.0236259691647557,0.003911244107134178
logistic,-3.6,0.2,5,0.1029202643886678,0.1104,NRC,0.09837135270262314,0.15613565134739593
logistic,-3.6,0.2,5,0.1029202643886678,0.1104,decileZ(Comp),0.00139587632421085,0.00139587632421085
logistic,-3.6,0.2,5,0.1029202643886678,0.1104,decileZ(NRC),0.1383793314422228,0.1383793314422228
logistic,-3.6,0.2,5,0.1029202643886678,0.1104,logit-frac,0.09505168436608231,0.17209949971979932
logistic,-3.6,0.2,6,0.12421875501348911,0.096,Comp_prob,0.07637346945777711,0.014825940763407514
logistic,-3.6,0.2,6,0.12421875501348911,0.096,NRC,0.14747007065385476,0.20834781561845295
logistic,-3.6,0.2,6,0.12421875501348911,0.096,decileZ(Comp),0.079152970547995,0.079152970547995
logistic,-3.6,0.2,6,0.12421875501348911,0.096,decileZ(NRC),0.2414062032946987,0.2414062032946987
logistic,-3.6,0.2,6,0.12421875501348911,0.096,logit-frac,-0.005097438148032963,-0.010235464867108246
logistic,-3.6,0.2,7,0.17019571722630877,0.0992,Comp_prob,0.1341331479613022,0.03456505953011561
logistic,-3.6,0.2,7,0.17019571722630877,0.0992,NRC,0.036544561509224686,0.07564133176153742
logistic,-3.6,0.2,7,0.17019571722630877,0.0992,decileZ(Comp),0.16758752930196447,0.16758752930196447
logistic,-3.6,0.2,7,0.17019571722630877,0.0992,decileZ(NRC),0.12508582258014492,0.12508582258014492
logistic,-3.6,0.2,7,0.17019571722630877,0.0992,logit-frac,0.035720293286652556,0.08284340741761853
logistic,-3.6,0.2,8,0.12728251403496182,0.0984,Comp_prob,0.0743709996761978,0.014998231569958914
logistic,-3.6,0.2,8,0.12728251403496182,0.0984,NRC,0.09964633917523862,0.1695523935866754
logistic,-3.6,0.2,8,0.12728251403496182,0.0984,decileZ(Comp),0.10246730688276791,0.10246730688276791
logistic,-3.6,0.2,8,0.12728251403496182,0.0984,decileZ(NRC),0.1293611508692471,0.1293611508692471
logistic,-3.6,0.2,8,0.12728251403496182,0.0984,logit-frac,0.05234641018351388,0.10436402520808585
logistic,-3.6,0.2,9,0.08128440568176115,0.106,Comp_prob,0.0006351363859968181,8.187247028836747e-05
logistic,-3.6,0.2,9,0.08128440568176115,0.106,NRC,0.04721882005787754,0.06312918218136299
logistic,-3.6,0.2,9,0.08128440568176115,0.106,decileZ(Comp),0.026455506561523255,0.026455506561523255
logistic,-3.6,0.2,9,0.08128440568176115,0.106,decileZ(NRC),0.11585970089066186,0.11585970089066186
logistic,-3.6,0.2,9,0.08128440568176115,0.106,logit-frac,-0.055613293942563556,-0.10491419593120077
logistic,-3.6,0.2,10,0.09837004503038883,0.1068,Comp_prob,0.07304536664747419,0.01184679617301386
logistic,-3.6,0.2,10,0.09837004503038883,0.1068,NRC,0.1826797862410564,0.22214023132093585
logistic,-3.6,0.2,10,0.09837004503038883,0.1068,decileZ(Comp),0.01460394875783135,0.014603948757831348
logistic,-3.6,0.2,10,0.09837004503038883,0.1068,decileZ(NRC),0.2522264391114798,0.2522264391114798
logistic,-3.6,0.2,10,0.09837004503038883,0.1068,logit-frac,0.12489861863299216,0.18337221672039128
logistic,-3.6,0.2,11,0.09008307062344059,0.0944,Comp_prob,-0.004155079497575693,-0.0005906610068599147
logistic,-3.6,0.2,11,0.09008307062344059,0.0944,NRC,0.04453952897465075,0.04223508579531188
logistic,-3.6,0.2,11,0.09008307062344059,0.0944,decileZ(Comp),-0.003736246963397607,-0.003736246963397607
logistic,-3.6,0.2,11,0.09008307062344059,0.0944,decileZ(NRC),0.15296817893292183,0.15296817893292183
logistic,-3.6,0.2,11,0.09008307062344059,0.0944,logit-frac,0.018266293463460516,0.023609487432693643
logistic,-3.6,0.4,0,0.16121152766615937,0.2048,Comp_prob,0.18508102506751314,0.045126673025697894
logistic,-3.6,0.4,0,0.16121152766615937,0.2048,NRC,0.1342133835695552,0.40736529510133823
logistic,-3.6,0.4,0,0.16121152766615937,0.2048,decileZ(Comp),0.13423879973700775,0.13423879973700775
logistic,-3.6,0.4,0,0.16121152766615937,0.2048,decileZ(NRC),0.21330632081865467,0.21330632081865467
logistic,-3.6,0.4,0,0.16121152766615937,0.2048,logit-frac,0.1632217013277744,0.351539900622924
logistic,-3.6,0.4,1,0.08957546805724954,0.2064,Comp_prob,0.13344501944017625,0.018519441328399923
logistic,-3.6,0.4,1,0.08957546805724954,0.2064,NRC,0.10874196300327967,0.20081947871796013
logistic,-3.6,0.4,1,0.08957546805724954,0.2064,decileZ(Comp),-0.05954589207900848,-0.05954589207900848
logistic,-3.6,0.4,1,0.08957546805724954,0.2064,decileZ(NRC),0.22963667336271576,0.22963667336271576
logistic,-3.6,0.4,1,0.08957546805724954,0.2064,logit-frac,-0.02533434098043582,-0.05105350392919639
logistic,-3.6,0.4,2,0.07894228481167327,0.2116,Comp_prob,0.020816797257493354,0.002451649275635702
logistic,-3.6,0.4,2,0.07894228481167327,0.2116,NRC,0.21786647179498775,0.23812630679192104
logistic,-3.6,0.4,2,0.07894228481167327,0.2116,decileZ(Comp),0.01288068514035718,0.01288068514035718
logistic,-3.6,0.4,2,0.07894228481167327,0.2116,decileZ(NRC),0.2889505172295177,0.2889505172295177
logistic,-3.6,0.4,2,0.07894228481167327,0.2116,logit-frac,0.10306978524349183,0.19089470258693586
logistic,-3.6,0.4,3,0.15488175029405504,0.2116,Comp_prob,0.1747459107355018,0.040152896364916826
logistic,-3.6,0.4,3,0.15488175029405504,0.2116,NRC,0.0681922418671177,0.173801656804778
logistic,-3.6,0.4,3,0.15488175029405504,0.2116,decileZ(Comp),0.08680220455821476,0.08680220455821476
logistic,-3.6,0.4,3,0.15488175029405504,0.2116,decileZ(NRC),0.22478996395585935,0.22478996395585935
logistic,-3.6,0.4,3,0.15488175029405504,0.2116,logit-frac,0.08671208109880721,0.24925573338882323
logistic,-3.6,0.4,4,0.1384942245359377,0.1996,Comp_prob,0.09629751392096446,0.02061290731950992
logistic,-3.6,0.4,4,0.1384942245359377,0.1996,NRC,0.10720277057073548,0.2602170564808347
logistic,-3.6,0.4,4,0.1384942245359377,0.1996,decileZ(Comp),0.04044237461395665,0.04044237461395665
logistic,-3.6,0.4,4,0.1384942245359377,0.1996,decileZ(NRC),0.21697037223260068,0.21697037223260068
logistic,-3.6,0.4,4,0.1384942245359377,0.1996,logit-frac,0.07041614925254709,0.14340542892763286
logistic,-3.6,0.4,5,0.10621506306372253,0.2,Comp_prob,0.07494992412707782,0.012102517852023043
logistic,-3.6,0.4,5,0.10621506306372253,0.2,NRC,0.06922223521564966,0.11260507934270603
logistic,-3.6,0.4,5,0.10621506306372253,0.2,decileZ(Comp),0.022250006249886146,0.022250006249886146
logistic,-3.6,0.4,5,0.10621506306372253,0.2,decileZ(NRC),0.18388748009903527,0.18388748009903527
logistic,-3.6,0.4,5,0.10621506306372253,0.2,logit-frac,0.009749690519113105,0.020847232184945108
logistic,-3.6,0.4,6,0.1411009934381478,0.2,Comp_prob,0.12478871710292287,0.02689183423419575
logistic,-3.6,0.4,6,0.1411009934381478,0.2,NRC,0.019800806516770793,0.03807631227823727
logistic,-3.6,0.4,6,0.1411009934381478,0.2,decileZ(Comp),0.062253815533168264,0.062253815533168264
logistic,-3.6,0.4,6,0.1411009934381478,0.2,decileZ(NRC),0.19816764802910172,0.19816764802910172
logistic,-3.6,0.4,6,0.1411009934381478,0.2,logit-frac,0.08057898798824965,0.18874991798429908
logistic,-3.6,0.4,7,0.0866990121183081,0.1884,Comp_prob,0.03362579964327457,0.004675511621598308
logistic,-3.6,0.4,7,0.0866990121183081,0.1884,NRC,0.15949928031330085,0.15745648486353936
logistic,-3.6,0.4,7,0.0866990121183081,0.1884,decileZ(Comp),0.023508056507711747,0.023508056507711747
logistic,-3.6,0.4,7,0.0866990121183081,0.1884,decileZ(NRC),0.3168919238436354,0.3168919238436354
logistic,-3.6,0.4,7,0.0866990121183081,0.1884,logit-frac,0.11177645177827784,0.18514328676099934
logistic,-3.6,0.4,8,0.1175010537835,0.1976,Comp_prob,0.10072177997194996,0.018230704889465085
logistic,-3.6,0.4,8,0.1175010537835,0.1976,NRC,0.01129375699130503,0.0239600678546803
logistic,-3.6,0.4,8,0.1175010537835,0.1976,decileZ(Comp),0.11837128655879235,0.11837128655879235
logistic,-3.6,0.4,8,0.1175010537835,0.1976,decileZ(NRC),0.1251899425088398,0.1251899425088398
logistic,-3.6,0.4,8,0.1175010537835,0.1976,logit-frac,-0.006203911099553191,-0.014158653491573858
logistic,-3.6,0.4,9,0.11793714996219298,0.2096,Comp_prob,0.06336342309324794,0.011428606613563666
logistic,-3.6,0.4,9,0.11793714996219298,0.2096,NRC,0.09522895184419392,0.17941779244673317
logistic,-3.6,0.4,9,0.11793714996219298,0.2096,decileZ(Comp),0.037388570060627666,0.037388570060627666
logistic,-3.6,0.4,9,0.11793714996219298,0.2096,decileZ(NRC),0.2488600820590191,0.2488600820590191
logistic,-3.6,0.4,9,0.11793714996219298,0.2096,logit-frac,0.044172962780066154,0.0856422164008489
logistic,-3.6,0.4,10,0.10846649443497172,0.2076,Comp_prob,0.0066222314462444885,0.0011310148428293892
logistic,-3.6,0.4,10,0.10846649443497172,0.2076,NRC,0.2118623458347806,0.22944549207098675
logistic,-3.6,0.4,10,0.10846649443497172,0.2076,decileZ(Comp),-0.048584651758150466,-0.048584651758150466
logistic,-3.6,0.4,10,0.10846649443497172,0.2076,decileZ(NRC),0.3494111717691624,0.3494111717691624
logistic,-3.6,0.4,10,0.10846649443497172,0.2076,logit-frac,0.10185971088471091,0.15230247292977617
logistic,-3.6,0.4,11,0.12802596072942582,0.19,Comp_prob,0.07393578532333268,0.014612745770068075
logistic,-3.6,0.4,11,0.12802596072942582,0.19,NRC,0.08547978828035492,0.14736572968148842
logistic,-3.6,0.4,11,0.12802596072942582,0.19,decileZ(Comp),0.07173331603307401,0.07173331603307401
logistic,-3.6,0.4,11,0.12802596072942582,0.19,decileZ(NRC),0.2170534277969309,0.2170534277969309
logistic,-3.6,0.4,11,0.12802596072942582,0.19,logit-frac,0.009737405027238506,0.019280805834462567
logistic,-3.6,0.6,0,0.0880995278943727,0.2952,Comp_prob,0.11665358803718097,0.015779356145280136
logistic,-3.6,0.6,0,0.0880995278943727,0.2952,NRC,0.17050693630943506,0.2422607253460367
logistic,-3.6,0.6,0,0.0880995278943727,0.2952,decileZ(Comp),0.04972916962001833,0.04972916962001833
logistic,-3.6,0.6,0,0.0880995278943727,0.2952,decileZ(NRC),0.34842353948334837,0.34842353948334837
logistic,-3.6,0.6,0,0.0880995278943727,0.2952,logit-frac,0.04928471333809782,0.10839674412767197
logistic,-3.6,0.6,1,0.12100432105684254,0.3084,Comp_prob,0.19698795622955176,0.03555123947268973
logistic,-3.6,0.6,1,0.12100432105684254,0.3084,NRC,0.17046754584657933,0.3742040534605914
logistic,-3.6,0.6,1,0.12100432105684254,0.3084,decileZ(Comp),0.08393862955698757,0.08393862955698757
logistic,-3.6,0.6,1,0.12100432105684254,0.3084,decileZ(NRC),0.3254941055145917,0.3254941055145917
logistic,-3.6,0.6,1,0.12100432105684254,0.3084,logit-frac,0.08222795541882567,0.16121481537504845
logistic,-3.6,0.6,2,0.08643644184925842,0.3068,Comp_prob,0.05484335974787665,0.007028312177136058
logistic,-3.6,0.6,2,0.08643644184925842,0.3068,NRC,0.1933091526030816,0.36802159777727195
logistic,-3.6,0.6,2,0.08643644184925842,0.3068,decileZ(Comp),-0.019240371177078146,-0.019240371177078146
logistic,-3.6,0.6,2,0.08643644184925842,0.3068,decileZ(NRC),0.35605234098912647,0.35605234098912647
logistic,-3.6,0.6,2,0.08643644184925842,0.3068,logit-frac,0.047730823098102844,0.09658162989165553
logistic,-3.6,0.6,3,0.10533756563283914,0.2812,Comp_prob,0.056377513257131195,0.009169582279989603
logistic,-3.6,0.6,3,0.10533756563283914,0.2812,NRC,0.17181148560221127,0.26658133123612515
logistic,-3.6,0.6,3,0.10533756563283914,0.2812,decileZ(Comp),-0.030110167745130617,-0.030110167745130617
logistic,-3.6,0.6,3,0.10533756563283914,0.2812,decileZ(NRC),0.33421485534354933,0.33421485534354933
logistic,-3.6,0.6,3,0.10533756563283914,0.2812,logit-frac,0.09734935651022779,0.19818029788450597
logistic,-3.6,0.6,4,0.0944258710659699,0.3056,Comp_prob,0.1318099635311922,0.01904531257125782
logistic,-3.6,0.6,4,0.0944258710659699,0.3056,NRC,0.2510528438648811,0.2576937245546034
logistic,-3.6,0.6,4,0.0944258710659699,0.3056,decileZ(Comp),-0.014228743484599656,-0.014228743484599656
logistic,-3.6,0.6,4,0.0944258710659699,0.3056,decileZ(NRC),0.37870882922096794,0.37870882922096794
logistic,-3.6,0.6,4,0.0944258710659699,0.3056,logit-frac,0.11723499841849895,0.21341505568559127
logistic,-3.6,0.6,5,0.11739261267759675,0.2916,Comp_prob,0.18137466060293256,0.0323489518924225
logistic,-3.6,0.6,5,0.11739261267759675,0.2916,NRC,0.17188876522793295,0.3204121308511678
logistic,-3.6,0.6,5,0.11739261267759675,0.2916,decileZ(Comp),0.02830825323955239,0.02830825323955239
logistic,-3.6,0.6,5,0.11739261267759675,0.2916,decileZ(NRC),0.3371813046329333,0.3371813046329333
logistic,-3.6,0.6,5,0.11739261267759675,0.2916,logit-frac,0.0938826591931561,0.22166470453912002
logistic,-3.6,0.6,6,0.1117097144336858,0.3148,Comp_prob,0.16301932754156875,0.02774203381284507
logistic,-3.6,0.6,6,0.1117097144336858,0.3148,NRC,0.08252174481028375,0.1672568429237028
logistic,-3.6,0.6,6,0.1117097144336858,0.3148,decileZ(Comp),0.055455884427469876,0.055455884427469876
logistic,-3.6,0.6,6,0.1117097144336858,0.3148,decileZ(NRC),0.24847123790837575,0.24847123790837575
logistic,-3.6,0.6,6,0.1117097144336858,0.3148,logit-frac,0.05800827081980464,0.11353859788231746
logistic,-3.6,0.6,7,0.10100828754874851,0.2928,Comp_prob,0.21681307720995985,0.03312668382169219
logistic,-3.6,0.6,7,0.10100828754874851,0.2928,NRC,0.17589664014048925,0.3043842579699054
logistic,-3.6,0.6,7,0.10100828754874851,0.2928,decileZ(Comp),0.06540818999096423,0.06540818999096423
logistic,-3.6,0.6,7,0.10100828754874851,0.2928,decileZ(NRC),0.38034520736609806,0.38034520736609806
logistic,-3.6,0.6,7,0.10100828754874851,0.2928,logit-frac,0.15628007196234406,0.273971907682792
logistic,-3.6,0.6,8,0.14260757377430086,0.2888,Comp_prob,0.17592397335290502,0.038411966102005965
logistic,-3.6,0.6,8,0.14260757377430086,0.2888,NRC,0.17837725601454368,0.323612460235869
logistic,-3.6,0.6,8,0.14260757377430086,0.2888,decileZ(Comp),0.1445968668760294,0.1445968668760294
logistic,-3.6,0.6,8,0.14260757377430086,0.2888,decileZ(NRC),0.31739260580895684,0.31739260580895684
logistic,-3.6,0.6,8,0.14260757377430086,0.2888,logit-frac,0.05438729137206031,0.1252511515403828
logistic,-3.6,0.6,9,0.12357289458643779,0.2876,Comp_prob,0.26009219560870034,0.04758630033711065
logistic,-3.6,0.6,9,0.12357289458643779,0.2876,NRC,0.17188886431650668,0.3066511366035891
logistic,-3.6,0.6,9,0.12357289458643779,0.2876,decileZ(Comp),0.1492953228659734,0.1492953228659734
logistic,-3.6,0.6,9,0.12357289458643779,0.2876,decileZ(NRC),0.4038733110858981,0.403873311085898
logistic,-3.6,0.6,9,0.12357289458643779,0.2876,logit-frac,0.19654041424430838,0.37298621941966714
logistic,-3.6,0.6,10,0.16604211670200192,0.2992,Comp_prob,0.1875785893323462,0.04577485488847596
logistic,-3.6,0.6,10,0.16604211670200192,0.2992,NRC,0.10577616212445937,0.28310920448133603
logistic,-3.6,0.6,10,0.16604211670200192,0.2992,decileZ(Comp),0.14388079185549163,0.14388079185549163
logistic,-3.6,0.6,10,0.16604211670200192,0.2992,decileZ(NRC),0.3419387487185576,0.3419387487185576
logistic,-3.6,0.6,10,0.16604211670200192,0.2992,logit-frac,0.21763697506967558,0.4415109732384326
logistic,-3.6,0.6,11,0.13769533256647046,0.2928,Comp_prob,0.10015351645507596,0.020808040428388047
logistic,-3.6,0.6,11,0.13769533256647046,0.2928,NRC,0.17764234586844688,0.3518723514433709
logistic,-3.6,0.6,11,0.13769533256647046,0.2928,decileZ(Comp),0.061277539137205794,0.061277539137205794
logistic,-3.6,0.6,11,0.13769533256647046,0.2928,decileZ(NRC),0.41757552693850675,0.41757552693850675
logistic,-3.6,0.6,11,0.13769533256647046,0.2928,logit-frac,0.25866381103006686,0.5670808541610612
logistic,-3.6,0.8,0,0.14527419832483984,0.3932,Comp_prob,0.28703514906275857,0.061254040524633874
logistic,-3.6,0.8,0,0.14527419832483984,0.3932,NRC,0.19288067055200753,0.5881360250521184
logistic,-3.6,0.8,0,0.14527419832483984,0.3932,decileZ(Comp),0.14490511742713102,0.14490511742713102
logistic,-3.6,0.8,0,0.14527419832483984,0.3932,decileZ(NRC),0.47018205942295355,0.47018205942295355
logistic,-3.6,0.8,0,0.14527419832483984,0.3932,logit-frac,0.16479255705906215,0.4288238385068006
logistic,-3.6,0.8,1,0.0750966182781637,0.3804,Comp_prob,0.11941861126503593,0.013413816868762373
logistic,-3.6,0.8,1,0.0750966182781637,0.3804,NRC,0.2854346917635247,0.3735602078537971
logistic,-3.6,0.8,1,0.0750966182781637,0.3804,decileZ(Comp),-0.045688809047748115,-0.045688809047748115
logistic,-3.6,0.8,1,0.0750966182781637,0.3804,decileZ(NRC),0.4572762367769746,0.4572762367769746
logistic,-3.6,0.8,1,0.0750966182781637,0.3804,logit-frac,0.0883908860755723,0.21247502858050726
logistic,-3.6,0.8,2,0.1446819215078008,0.4004,Comp_prob,0.2718519566850469,0.05673021243903002
logistic,-3.6,0.8,2,0.1446819215078008,0.4004,NRC,0.10196954110989191,0.26881881587659207
logistic,-3.6,0.8,2,0.1446819215078008,0.4004,decileZ(Comp),0.17801023141727915,0.17801023141727915
logistic,-3.6,0.8,2,0.1446819215078008,0.4004,decileZ(NRC),0.405968835084751,0.405968835084751
logistic,-3.6,0.8,2,0.1446819215078008,0.4004,logit-frac,0.18752409465834013,0.43980632324787877
logistic,-3.6,0.8,3,0.07371384110171925,0.4016,Comp_prob,0.2441859167496541,0.025187583645906658
logistic,-3.6,0.8,3,0.07371384110171925,0.4016,NRC,0.3404076562436186,0.429050107904629
logistic,-3.6,0.8,3,0.07371384110171925,0.4016,decileZ(Comp),0.042457813115145016,0.042457813115145016
logistic,-3.6,0.8,3,0.07371384110171925,0.4016,decileZ(NRC),0.5691678775600578,0.5691678775600578
logistic,-3.6,0.8,3,0.07371384110171925,0.4016,logit-frac,0.24736455658131723,0.4634226513854621
logistic,-3.6,0.8,4,0.06766211467059459,0.404,Comp_prob,0.18843157470662206,0.0179772260041648
logistic,-3.6,0.8,4,0.06766211467059459,0.404,NRC,0.2793967625244809,0.39227277985884673
logistic,-3.6,0.8,4,0.06766211467059459,0.404,decileZ(Comp),0.09141580118482076,0.09141580118482076
logistic,-3.6,0.8,4,0.06766211467059459,0.404,decileZ(NRC),0.48540839412989634,0.48540839412989634
logistic,-3.6,0.8,4,0.06766211467059459,0.404,logit-frac,0.20312488149461427,0.38086455720396645
logistic,-3.6,0.8,5,0.10569565755812756,0.4116,Comp_prob,0.22893217171634833,0.03736521692212243
logistic,-3.6,0.8,5,0.10569565755812756,0.4116,NRC,0.27399859234645,0.5563000468466961
logistic,-3.6,0.8,5,0.10569565755812756,0.4116,decileZ(Comp),0.08800816899071409,0.08800816899071409
logistic,-3.6,0.8,5,0.10569565755812756,0.4116,decileZ(NRC),0.5326362346455453,0.5326362346455453
logistic,-3.6,0.8,5,0.10569565755812756,0.4116,logit-frac,0.2067752883679768,0.47910500017878793
logistic,-3.6,0.8,6,0.09438673421017944,0.3812,Comp_prob,0.1374450953650922,0.019186780471773746
logistic,-3.6,0.8,6,0.09438673421017944,0.3812,NRC,0.2583919973291998,0.5184417986308114
logistic,-3.6,0.8,6,0.09438673421017944,0.3812,decileZ(Comp),-0.030178642053210414,-0.03017864205321041
logistic,-3.6,0.8,6,0.09438673421017944,0.3812,decileZ(NRC),0.5705743091357445,0.5705743091357445
logistic,-3.6,0.8,6,0.09438673421017944,0.3812,logit-frac,0.15895426470990265,0.3539909757348985
logistic,-3.6,0.8,7,0.15461326524239763,0.3836,Comp_prob,0.22319848365626785,0.048172246384310946
logistic,-3.6,0.8,7,0.15461326524239763,0.3836,NRC,0.20160419439832353,0.6333156156493442
logistic,-3.6,0.8,7,0.15461326524239763,0.3836,decileZ(Comp),0.08318562667757648,0.08318562667757648
logistic,-3.6,0.8,7,0.15461326524239763,0.3836,decileZ(NRC),0.4435191593797878,0.4435191593797878
logistic,-3.6,0.8,7,0.15461326524239763,0.3836,logit-frac,0.1963197508899053,0.42361449924225103
logistic,-3.6,0.8,8,0.08284124965629075,0.3956,Comp_prob,0.20956739810632893,0.024750854400541093
logistic,-3.6,0.8,8,0.08284124965629075,0.3956,NRC,0.22213009894073144,0.41926683039426493
logistic,-3.6,0.8,8,0.08284124965629075,0.3956,decileZ(Comp),0.059329986931530576,0.059329986931530576
logistic,-3.6,0.8,8,0.08284124965629075,0.3956,decileZ(NRC),0.5437384139753667,0.5437384139753667
logistic,-3.6,0.8,8,0.08284124965629075,0.3956,logit-frac,0.2383916711606123,0.39584308017751746
logistic,-3.6,0.8,9,0.1400002695839996,0.3892,Comp_prob,0.2531631050677841,0.05329346427989924
logistic,-3.6,0.8,9,0.1400002695839996,0.3892,NRC,0.20615580855761706,0.5520663733657493
logistic,-3.6,0.8,9,0.1400002695839996,0.3892,decileZ(Comp),0.21283224786855992,0.21283224786855992
logistic,-3.6,0.8,9,0.1400002695839996,0.3892,decileZ(NRC),0.4952545347932714,0.4952545347932714
logistic,-3.6,0.8,9,0.1400002695839996,0.3892,logit-frac,0.26014071287001833,0.5429679715371057
logistic,-3.6,0.8,10,0.13728374234244634,0.402,Comp_prob,0.14901673251219483,0.029718345334302718
logistic,-3.6,0.8,10,0.13728374234244634,0.402,NRC,0.19609457618731238,0.412139887133329
logistic,-3.6,0.8,10,0.13728374234244634,0.402,decileZ(Comp),0.019681772412927203,0.019681772412927203
logistic,-3.6,0.8,10,0.13728374234244634,0.402,decileZ(NRC),0.4522858616537806,0.4522858616537806
logistic,-3.6,0.8,10,0.13728374234244634,0.402,logit-frac,0.06527919994298738,0.1781367215087506
logistic,-3.6,0.8,11,0.10581580074705614,0.4092,Comp_prob,0.19494362580647104,0.029900036115729375
logistic,-3.6,0.8,11,0.10581580074705614,0.4092,NRC,0.18257133751359103,0.36783419292192
logistic,-3.6,0.8,11,0.10581580074705614,0.4092,decileZ(Comp),0.022554511572884385,0.022554511572884385
logistic,-3.6,0.8,11,0.10581580074705614,0.4092,decileZ(NRC),0.42012782919732317,0.42012782919732317
logistic,-3.6,0.8,11,0.10581580074705614,0.4092,logit-frac,0.12439783011487056,0.2817948010633115
logistic,-3.6,1.0,0,0.132038033663637,0.51,Comp_prob,0.32047513688443346,0.05955223276358104
logistic,-3.6,1.0,0,0.132038033663637,0.51,NRC,0.27380779605101185,0.6583963639211228
logistic,-3.6,1.0,0,0.132038033663637,0.51,decileZ(Comp),0.15509983751251633,0.15509983751251633
logistic,-3.6,1.0,0,0.132038033663637,0.51,decileZ(NRC),0.5475363711585275,0.5475363711585275
logistic,-3.6,1.0,0,0.132038033663637,0.51,logit-frac,0.15807627394056617,0.4560469302571577
logistic,-3.6,1.0,1,0.12946553719052803,0.4936,Comp_prob,0.28981033425821273,0.05246239912086543
logistic,-3.6,1.0,1,0.12946553719052803,0.4936,NRC,0.28053231167480536,0.6587338275061462
logistic,-3.6,1.0,1,0.12946553719052803,0.4936,decileZ(Comp),0.09404798448437394,0.09404798448437394
logistic,-3.6,1.0,1,0.12946553719052803,0.4936,decileZ(NRC),0.5787598474749158,0.5787598474749158
logistic,-3.6,1.0,1,0.12946553719052803,0.4936,logit-frac,0.21440624005141928,0.5251693402626387
logistic,-3.6,1.0,2,0.08771348026254183,0.4992,Comp_prob,0.23724413947305636,0.0283329655750307
logistic,-3.6,1.0,2,0.08771348026254183,0.4992,NRC,0.2946950909167048,0.4473751789842197
logistic,-3.6,1.0,2,0.08771348026254183,0.4992,decileZ(Comp),0.007057301811911991,0.007057301811911991
logistic,-3.6,1.0,2,0.08771348026254183,0.4992,decileZ(NRC),0.49971003427085475,0.49971003427085475
logistic,-3.6,1.0,2,0.08771348026254183,0.4992,logit-frac,0.14199179261652825,0.31996580239929345
logistic,-3.6,1.0,3,0.10766176239258554,0.4944,Comp_prob,0.23602090636356188,0.035933431112487056
logistic,-3.6,1.0,3,0.10766176239258554,0.4944,NRC,0.3154754628132283,0.5264348210406631
logistic,-3.6,1.0,3,0.10766176239258554,0.4944,decileZ(Comp),-0.025725902855845875,-0.025725902855845872
logistic,-3.6,1.0,3,0.10766176239258554,0.4944,decileZ(NRC),0.6543710872981249,0.6543710872981249
logistic,-3.6,1.0,3,0.10766176239258554,0.4944,logit-frac,0.2890127073348602,0.554854850643499
logistic,-3.6,1.0,4,0.09656809843458462,0.4904,Comp_prob,0.14905901999547583,0.020742652959742883
logistic,-3.6,1.0,4,0.09656809843458462,0.4904,NRC,0.28770867089758945,0.43448566496825397
logistic,-3.6,1.0,4,0.09656809843458462,0.4904,decileZ(Comp),-0.010519100688843843,-0.010519100688843843
logistic,-3.6,1.0,4,0.09656809843458462,0.4904,decileZ(NRC),0.532955083209951,0.532955083209951
logistic,-3.6,1.0,4,0.09656809843458462,0.4904,logit-frac,0.221712914535025,0.45073040165857337
logistic,-3.6,1.0,5,0.11291761171672163,0.488,Comp_prob,0.15598301153850958,0.024537442363843434
logistic,-3.6,1.0,5,0.11291761171672163,0.488,NRC,0.23823325316137803,0.44330463061890574
logistic,-3.6,1.0,5,0.11291761171672163,0.488,decileZ(Comp),-0.04965947465308841,-0.04965947465308841
logistic,-3.6,1.0,5,0.11291761171672163,0.488,decileZ(NRC),0.5676418894508647,0.5676418894508647
logistic,-3.6,1.0,5,0.11291761171672163,0.488,logit-frac,0.13532112974066784,0.30592171640408106
logistic,-3.6,1.0,6,0.1389210735495917,0.5136,Comp_prob,0.30603772289822523,0.057877389684550064
logistic,-3.6,1.0,6,0.1389210735495917,0.5136,NRC,0.20993463717650548,0.5713893564498606
logistic,-3.6,1.0,6,0.1389210735495917,0.5136,decileZ(Comp),0.1152391434358355,0.1152391434358355
logistic,-3.6,1.0,6,0.1389210735495917,0.5136,decileZ(NRC),0.541791625624583,0.541791625624583
logistic,-3.6,1.0,6,0.1389210735495917,0.5136,logit-frac,0.2345248345096621,0.5036001503007244
logistic,-3.6,1.0,7,0.12809184430420834,0.504,Comp_prob,0.17077875803173762,0.030748929583008282
logistic,-3.6,1.0,7,0.12809184430420834,0.504,NRC,0.21307720438876257,0.45288642957484987
logistic,-3.6,1.0,7,0.12809184430420834,0.504,decileZ(Comp),-0.02032532334189356,-0.02032532334189356
logistic,-3.6,1.0,7,0.12809184430420834,0.504,decileZ(NRC),0.5190082631256563,0.5190082631256563
logistic,-3.6,1.0,7,0.12809184430420834,0.504,logit-frac,0.24044856108895668,0.5552612453130138
logistic,-3.6,1.0,8,0.10130521865764083,0.508,Comp_prob,0.3233144629419428,0.04596146843309409
logistic,-3.6,1.0,8,0.10130521865764083,0.508,NRC,0.2916065276695915,0.5686764064270065
logistic,-3.6,1.0,8,0.10130521865764083,0.508,decileZ(Comp),0.040283271334529,0.040283271334529
logistic,-3.6,1.0,8,0.10130521865764083,0.508,decileZ(NRC),0.6595174076417358,0.6595174076417358
logistic,-3.6,1.0,8,0.10130521865764083,0.508,logit-frac,0.33617920118574063,0.8521835093199426
logistic,-3.6,1.0,9,0.10229183076502726,0.4988,Comp_prob,0.17158475560232886,0.02604484603239908
logistic,-3.6,1.0,9,0.10229183076502726,0.4988,NRC,0.3040840764540751,0.5145425837790198
logistic,-3.6,1.0,9,0.10229183076502726,0.4988,decileZ(Comp),-0.030302502645861942,-0.030302502645861942
logistic,-3.6,1.0,9,0.10229183076502726,0.4988,decileZ(NRC),0.6042450680910236,0.6042450680910236
logistic,-3.6,1.0,9,0.10229183076502726,0.4988,logit-frac,0.26088436915298124,0.46078885602839026
logistic,-3.6,1.0,10,0.10296950486605778,0.4928,Comp_prob,0.21366661077759846,0.032399720562006414
logistic,-3.6,1.0,10,0.10296950486605778,0.4928,NRC,0.20947762309083043,0.36296358842779197
logistic,-3.6,1.0,10,0.10296950486605778,0.4928,decileZ(Comp),-0.019550972125226575,-0.019550972125226572
logistic,-3.6,1.0,10,0.10296950486605778,0.4928,decileZ(NRC),0.4781916785517172,0.4781916785517172
logistic,-3.6,1.0,10,0.10296950486605778,0.4928,logit-frac,0.15484832894477388,0.3165779252481184
logistic,-3.6,1.0,11,0.16784404608855588,0.5064,Comp_prob,0.22788525473913201,0.05078027953608436
logistic,-3.6,1.0,11,0.16784404608855588,0.5064,NRC,0.14352831409580954,0.44681918389096986
logistic,-3.6,1.0,11,0.16784404608855588,0.5064,decileZ(Comp),0.10162315248130796,0.10162315248130796
logistic,-3.6,1.0,11,0.16784404608855588,0.5064,decileZ(NRC),0.37441149799732576,0.37441149799732576
logistic,-3.6,1.0,11,0.16784404608855588,0.5064,logit-frac,0.18946590829516657,0.5403152416525411
logistic,-2.6,0.0,0,0.15599133348489932,0.0,Comp_prob,0.025612562375471902,0.004792549721502032
logistic,-2.6,0.0,0,0.15599133348489932,0.0,NRC,-0.07194322816095645,-0.09996677980608315
logistic,-2.6,0.0,0,0.15599133348489932,0.0,decileZ(Comp),0.08872817176439965,0.08872817176439965
logistic,-2.6,0.0,0,0.15599133348489932,0.0,decileZ(NRC),-0.002689064415523086,-0.002689064415523086
logistic,-2.6,0.0,0,0.15599133348489932,0.0,logit-frac,-0.06765378930262715,-0.10731789028818339
logistic,-2.6,0.0,1,0.22049328054160428,0.0,Comp_prob,0.030105439266960455,0.008355812378868177
logistic,-2.6,0.0,1,0.22049328054160428,0.0,NRC,-0.02923284399998393,-0.05967482207103936
logistic,-2.6,0.0,1,0.22049328054160428,0.0,decileZ(Comp),-0.010080672779589694,-0.010080672779589692
logistic,-2.6,0.0,1,0.22049328054160428,0.0,decileZ(NRC),0.044007657005415646,0.044007657005415646
logistic,-2.6,0.0,1,0.22049328054160428,0.0,logit-frac,-0.07851935532632341,-0.14806137306499145
logistic,-2.6,0.0,2,0.17011037439759374,0.0,Comp_prob,-0.0006324669557592656,-0.00013964176616980406
logistic,-2.6,0.0,2,0.17011037439759374,0.0,NRC,-0.03808119436593209,-0.048866538899639655
logistic,-2.6,0.0,2,0.17011037439759374,0.0,decileZ(Comp),0.007879640596108621,0.007879640596108621
logistic,-2.6,0.0,2,0.17011037439759374,0.0,decileZ(NRC),-0.030985393350934094,-0.030985393350934094
logistic,-2.6,0.0,2,0.17011037439759374,0.0,logit-frac,-0.03339193567194341,-0.04649435171038774
logistic,-2.6,0.0,3,0.18296181042147072,0.0,Comp_prob,0.021373007470182743,0.004982494475147967
logistic,-2.6,0.0,3,0.18296181042147072,0.0,NRC,0.02123362366339915,0.03045195404232992
logistic,-2.6,0.0,3,0.18296181042147072,0.0,decileZ(Comp),0.012950139275923608,0.012950139275923608
logistic,-2.6,0.0,3,0.18296181042147072,0.0,decileZ(NRC),-0.01068206873423159,-0.01068206873423159
logistic,-2.6,0.0,3,0.18296181042147072,0.0,logit-frac,-0.0015155424050383838,-0.0022614863309112776
logistic,-2.6,0.0,4,0.13529262294301983,0.0,Comp_prob,0.06764025558185302,0.010441408905324558
logistic,-2.6,0.0,4,0.13529262294301983,0.0,NRC,-0.016182196451185755,-0.026072761183672966
logistic,-2.6,0.0,4,0.13529262294301983,0.0,decileZ(Comp),0.051550668763642477,0.051550668763642477
logistic,-2.6,0.0,4,0.13529262294301983,0.0,decileZ(NRC),0.023701638597364145,0.023701638597364145
logistic,-2.6,0.0,4,0.13529262294301983,0.0,logit-frac,-0.03131776600792053,-0.0525173207968056
logistic,-2.6,0.0,5,0.19955241060536272,0.0,Comp_prob,0.026394232496287334,0.006658305846828361
logistic,-2.6,0.0,5,0.19955241060536272,0.0,NRC,0.10931870948250352,0.13252661072565242
logistic,-2.6,0.0,5,0.19955241060536272,0.0,decileZ(Comp),-0.022103250926202224,-0.022103250926202224
logistic,-2.6,0.0,5,0.19955241060536272,0.0,decileZ(NRC),0.13209521398033355,0.13209521398033355
logistic,-2.6,0.0,5,0.19955241060536272,0.0,logit-frac,0.038511197142084286,0.04401769780142106
logistic,-2.6,0.0,6,0.17585159631909378,0.0,Comp_prob,0.06061838251873344,0.013409135448166867
logistic,-2.6,0.0,6,0.17585159631909378,0.0,NRC,0.054916791225284374,0.09952406869263375
logistic,-2.6,0.0,6,0.17585159631909378,0.0,decileZ(Comp),0.06507087662687275,0.06507087662687275
logistic,-2.6,0.0,6,0.17585159631909378,0.0,decileZ(NRC),0.044754854071401604,0.044754854071401604
logistic,-2.6,0.0,6,0.17585159631909378,0.0,logit-frac,-0.03618722633606751,-0.0656051826609716
logistic,-2.6,0.0,7,0.1696948409236852,0.0,Comp_prob,-0.015848824718648295,-0.0033745904679077787
logistic,-2.6,0.0,7,0.1696948409236852,0.0,NRC,0.002161776122067146,0.0036494696132511883
logistic,-2.6,0.0,7,0.1696948409236852,0.0,decileZ(Comp),-0.026391053207842543,-0.026391053207842543
logistic,-2.6,0.0,7,0.1696948409236852,0.0,decileZ(NRC),0.021423416161358816,0.021423416161358816
logistic,-2.6,0.0,7,0.1696948409236852,0.0,logit-frac,-0.020088196981934335,-0.03186341938118842
logistic,-2.6,0.0,8,0.1657129663780246,0.0,Comp_prob,0.06120375017165519,0.012708641050944172
logistic,-2.6,0.0,8,0.1657129663780246,0.0,NRC,0.007889649495081207,0.015829682808931267
logistic,-2.6,0.0,8,0.1657129663780246,0.0,decileZ(Comp),-0.021077561676208244,-0.021077561676208244
logistic,-2.6,0.0,8,0.1657129663780246,0.0,decileZ(NRC),-0.039052009912781224,-0.039052009912781224
logistic,-2.6,0.0,8,0.1657129663780246,0.0,logit-frac,0.048305388493245456,0.08201268173421317
logistic,-2.6,0.0,9,0.20367632075344388,0.0,Comp_prob,-0.039844672427563524,-0.010236085291280228
logistic,-2.6,0.0,9,0.20367632075344388,0.0,NRC,0.05634444164714538,0.1336814199284121
logistic,-2.6,0.0,9,0.20367632075344388,0.0,decileZ(Comp),-0.012280008635291996,-0.012280008635291995
logistic,-2.6,0.0,9,0.20367632075344388,0.0,decileZ(NRC),0.01560146572441003,0.01560146572441003
logistic,-2.6,0.0,9,0.20367632075344388,0.0,logit-frac,0.013173405063802629,0.024115121269831064
logistic,-2.6,0.0,10,0.20739418014745653,0.0,Comp_prob,-0.10699648908840949,-0.029570972677876506
logistic,-2.6,0.0,10,0.20739418014745653,0.0,NRC,-0.032190692759828714,-0.05139853340670397
logistic,-2.6,0.0,10,0.20739418014745653,0.0,decileZ(Comp),-0.12045329922421102,-0.12045329922421102
logistic,-2.6,0.0,10,0.20739418014745653,0.0,decileZ(NRC),-0.011189309529858537,-0.011189309529858537
logistic,-2.6,0.0,10,0.20739418014745653,0.0,logit-frac,-0.002403374099830763,-0.0040718267761435945
logistic,-2.6,0.0,11,0.2249418595316538,0.0,Comp_prob,-0.08887175294809169,-0.025413481110976813
logistic,-2.6,0.0,11,0.2249418595316538,0.0,NRC,-0.030223494693295563,-0.0706761105462691
logistic,-2.6,0.0,11,0.2249418595316538,0.0,decileZ(Comp),-0.10860721144596616,-0.10860721144596616
logistic,-2.6,0.0,11,0.2249418595316538,0.0,decileZ(NRC),0.012748845504045873,0.012748845504045873
logistic,-2.6,0.0,11,0.2249418595316538,0.0,logit-frac,0.04181664506313621,0.08076687103021218
logistic,-2.6,0.2,0,0.19731141076046566,0.1008,Comp_prob,0.03734642134427065,0.009221041748513292
logistic,-2.6,0.2,0,0.19731141076046566,0.1008,NRC,-0.008984986103807966,-0.015727147710524525
logistic,-2.6,0.2,0,0.19731141076046566,0.1008,decileZ(Comp),0.09893810277987101,0.09893810277987101
logistic,-2.6,0.2,0,0.19731141076046566,0.1008,decileZ(NRC),0.10564371332386222,0.10564371332386222
logistic,-2.6,0.2,0,0.19731141076046566,0.1008,logit-frac,-0.01630012192815607,-0.03234556903242003
logistic,-2.6,0.2,1,0.16930361744467035,0.1004,Comp_prob,0.055261551780145315,0.0115756184452835
logistic,-2.6,0.2,1,0.16930361744467035,0.1004,NRC,0.09297095598205855,0.16166569911955686
logistic,-2.6,0.2,1,0.16930361744467035,0.1004,decileZ(Comp),0.09023877548334096,0.09023877548334096
logistic,-2.6,0.2,1,0.16930361744467035,0.1004,decileZ(NRC),0.18277629920216784,0.18277629920216784
logistic,-2.6,0.2,1,0.16930361744467035,0.1004,logit-frac,0.11950687571637256,0.19543589171086695
logistic,-2.6,0.2,2,0.2061209493951963,0.1004,Comp_prob,0.10810389849935181,0.02753971951467861
logistic,-2.6,0.2,2,0.2061209493951963,0.1004,NRC,0.058901936741829516,0.09704057344903627
logistic,-2.6,0.2,2,0.2061209493951963,0.1004,decileZ(Comp),0.09361374322986608,0.09361374322986608
logistic,-2.6,0.2,2,0.2061209493951963,0.1004,decileZ(NRC),0.19332148987056674,0.19332148987056674
logistic,-2.6,0.2,2,0.2061209493951963,0.1004,logit-frac,0.05561206102534458,0.0772257746871422
logistic,-2.6,0.2,3,0.21070682297813415,0.1072,Comp_prob,0.0546570789555784,0.014499024318778975
logistic,-2.6,0.2,3,0.21070682297813415,0.1072,NRC,0.07941471773934046,0.1958809542708002
logistic,-2.6,0.2,3,0.21070682297813415,0.1072,decileZ(Comp),0.07240557885989438,0.07240557885989438
logistic,-2.6,0.2,3,0.21070682297813415,0.1072,decileZ(NRC),0.09754935695367371,0.09754935695367371
logistic,-2.6,0.2,3,0.21070682297813415,0.1072,logit-frac,0.07315765510853872,0.13729583124408218
logistic,-2.6,0.2,4,0.24276636997813125,0.1088,Comp_prob,0.12035507673553508,0.03588467499343291
logistic,-2.6,0.2,4,0.24276636997813125,0.1088,NRC,0.04027788645425221,0.0966668152954866
logistic,-2.6,0.2,4,0.24276636997813125,0.1088,decileZ(Comp),0.09592674372018734,0.09592674372018734
logistic,-2.6,0.2,4,0.24276636997813125,0.1088,decileZ(NRC),0.11535901802386142,0.11535901802386142
logistic,-2.6,0.2,4,0.24276636997813125,0.1088,logit-frac,0.06772491060508085,0.12402556840634371
logistic,-2.6,0.2,5,0.17864004039957895,0.1104,Comp_prob,0.0025278769030824253,0.0005545009860590533
logistic,-2.6,0.2,5,0.17864004039957895,0.1104,NRC,0.08087472980896675,0.15317479251373955
logistic,-2.6,0.2,5,0.17864004039957895,0.1104,decileZ(Comp),0.02389360105869273,0.02389360105869273
logistic,-2.6,0.2,5,0.17864004039957895,0.1104,decileZ(NRC),0.14031520545144188,0.14031520545144185
logistic,-2.6,0.2,5,0.17864004039957895,0.1104,logit-frac,0.0950516843660823,0.17209949971979932
logistic,-2.6,0.2,6,0.20291661931080499,0.096,Comp_prob,0.059798757985516496,0.014934869677371856
logistic,-2.6,0.2,6,0.20291661931080499,0.096,NRC,0.023134724157710018,0.05702861519197466
logistic,-2.6,0.2,6,0.20291661931080499,0.096,decileZ(Comp),0.12630777658359713,0.12630777658359713
logistic,-2.6,0.2,6,0.20291661931080499,0.096,decileZ(NRC),0.18231017472733158,0.18231017472733158
logistic,-2.6,0.2,6,0.20291661931080499,0.096,logit-frac,-0.005097438148032909,-0.010235464867108135
logistic,-2.6,0.2,7,0.24463918779574712,0.0992,Comp_prob,0.12374324864605597,0.03705616625054707
logistic,-2.6,0.2,7,0.24463918779574712,0.0992,NRC,-0.007128137855798212,-0.02211415787948856
logistic,-2.6,0.2,7,0.24463918779574712,0.0992,decileZ(Comp),0.16126853188850093,0.16126853188850093
logistic,-2.6,0.2,7,0.24463918779574712,0.0992,decileZ(NRC),0.07996671584013129,0.07996671584013129
logistic,-2.6,0.2,7,0.24463918779574712,0.0992,logit-frac,0.035720293286652646,0.08284340741761875
logistic,-2.6,0.2,8,0.2038139950236702,0.0984,Comp_prob,0.055427345921569206,0.01387452138029309
logistic,-2.6,0.2,8,0.2038139950236702,0.0984,NRC,0.03473777929719167,0.08496315461492387
logistic,-2.6,0.2,8,0.2038139950236702,0.0984,decileZ(Comp),0.08292327300938498,0.08292327300938498
logistic,-2.6,0.2,8,0.2038139950236702,0.0984,decileZ(NRC),0.08764305562678353,0.08764305562678353
logistic,-2.6,0.2,8,0.2038139950236702,0.0984,logit-frac,0.05234641018351389,0.10436402520808585
logistic,-2.6,0.2,9,0.15334129537211796,0.106,Comp_prob,0.008499822060416476,0.0015683259096839625
logistic,-2.6,0.2,9,0.15334129537211796,0.106,NRC,0.02951078647217288,0.0479816066291332
logistic,-2.6,0.2,9,0.15334129537211796,0.106,decileZ(Comp),-0.013740861800636842,-0.013740861800636842
logistic,-2.6,0.2,9,0.15334129537211796,0.106,decileZ(NRC),0.09608748784514567,0.09608748784514567
logistic,-2.6,0.2,9,0.15334129537211796,0.106,logit-frac,-0.055613293942563605,-0.10491419593120088
logistic,-2.6,0.2,10,0.17314227357983641,0.1068,Comp_prob,0.07382182629277612,0.01601632906579155
logistic,-2.6,0.2,10,0.17314227357983641,0.1068,NRC,0.10627449893273232,0.16300372522896867
logistic,-2.6,0.2,10,0.17314227357983641,0.1068,decileZ(Comp),0.08818679608269724,0.08818679608269724
logistic,-2.6,0.2,10,0.17314227357983641,0.1068,decileZ(NRC),0.2386023291152514,0.2386023291152514
logistic,-2.6,0.2,10,0.17314227357983641,0.1068,logit-frac,0.12489861863299219,0.18337221672039128
logistic,-2.6,0.2,11,0.16597578334625415,0.0944,Comp_prob,0.02299035921348612,0.004657842489460065
logistic,-2.6,0.2,11,0.16597578334625415,0.0944,NRC,-0.0472390878437776,-0.05770844984748236
logistic,-2.6,0.2,11,0.16597578334625415,0.0944,decileZ(Comp),-0.012358168326726296,-0.012358168326726296
logistic,-2.6,0.2,11,0.16597578334625415,0.0944,decileZ(NRC),0.09199793200701331,0.09199793200701331
logistic,-2.6,0.2,11,0.16597578334625415,0.0944,logit-frac,0.01826629346346052,0.023609487432693643
logistic,-2.6,0.4,0,0.23731117673074995,0.2048,Comp_prob,0.2082070788920574,0.05960189209258479
logistic,-2.6,0.4,0,0.23731117673074995,0.2048,NRC,0.09732936071803074,0.30579051204830543
logistic,-2.6,0.4,0,0.23731117673074995,0.2048,decileZ(Comp),0.17859092283679007,0.17859092283679007
logistic,-2.6,0.4,0,0.23731117673074995,0.2048,decileZ(NRC),0.17264974963597654,0.17264974963597654
logistic,-2.6,0.4,0,0.23731117673074995,0.2048,logit-frac,0.16322170132777444,0.3515399006229241
logistic,-2.6,0.4,1,0.16399147611929674,0.2064,Comp_prob,0.1468697368631378,0.028997926428125508
logistic,-2.6,0.4,1,0.16399147611929674,0.2064,NRC,0.06491973861699767,0.1449961994993001
logistic,-2.6,0.4,1,0.16399147611929674,0.2064,decileZ(Comp),0.004188563583018622,0.004188563583018622
logistic,-2.6,0.4,1,0.16399147611929674,0.2064,decileZ(NRC),0.19913276888072592,0.1991327688807259
logistic,-2.6,0.4,1,0.16399147611929674,0.2064,logit-frac,-0.025334340980435653,-0.051053503929196054
logistic,-2.6,0.4,2,0.1538156401504202,0.2116,Comp_prob,0.024339995101105686,0.004311115530633111
logistic,-2.6,0.4,2,0.1538156401504202,0.2116,NRC,0.11364651826581322,0.16510177411979532
logistic,-2.6,0.4,2,0.1538156401504202,0.2116,decileZ(Comp),-0.049901649814002455,-0.049901649814002455
logistic,-2.6,0.4,2,0.1538156401504202,0.2116,decileZ(NRC),0.2609224502774483,0.2609224502774483
logistic,-2.6,0.4,2,0.1538156401504202,0.2116,logit-frac,0.10306978524349185,0.19089470258693586
logistic,-2.6,0.4,3,0.23065753158434418,0.2116,Comp_prob,0.18227119099798772,0.0502937404250325
logistic,-2.6,0.4,3,0.23065753158434418,0.2116,NRC,0.07012098837072495,0.19415823276716326
logistic,-2.6,0.4,3,0.23065753158434418,0.2116,decileZ(Comp),0.16265723814127325,0.16265723814127325
logistic,-2.6,0.4,3,0.23065753158434418,0.2116,decileZ(NRC),0.21097306535436167,0.21097306535436167
logistic,-2.6,0.4,3,0.23065753158434418,0.2116,logit-frac,0.0867120810988073,0.24925573338882334
logistic,-2.6,0.4,4,0.2164133390651174,0.1996,Comp_prob,0.10298140262877441,0.02701218851816567
logistic,-2.6,0.4,4,0.2164133390651174,0.1996,NRC,0.10737240387904955,0.23979486251533466
logistic,-2.6,0.4,4,0.2164133390651174,0.1996,decileZ(Comp),0.08525924207372909,0.08525924207372909
logistic,-2.6,0.4,4,0.2164133390651174,0.1996,decileZ(NRC),0.19698501454097822,0.19698501454097822
logistic,-2.6,0.4,4,0.2164133390651174,0.1996,logit-frac,0.07041614925254704,0.14340542892763275
logistic,-2.6,0.4,5,0.18341826257659066,0.2,Comp_prob,0.06278865278056094,0.013435776233793953
logistic,-2.6,0.4,5,0.18341826257659066,0.2,NRC,0.0879455081591096,0.18675358481188054
logistic,-2.6,0.4,5,0.18341826257659066,0.2,decileZ(Comp),0.08552933259958632,0.08552933259958632
logistic,-2.6,0.4,5,0.18341826257659066,0.2,decileZ(NRC),0.18176658510582477,0.18176658510582477
logistic,-2.6,0.4,5,0.18341826257659066,0.2,logit-frac,0.009749690519112947,0.020847232184944775
logistic,-2.6,0.4,6,0.21905943259122723,0.2,Comp_prob,0.14090331507786036,0.03710466968900081
logistic,-2.6,0.4,6,0.21905943259122723,0.2,NRC,-0.0017818996954064683,-0.0041353909207387796
logistic,-2.6,0.4,6,0.21905943259122723,0.2,decileZ(Comp),0.12507206456655612,0.12507206456655612
logistic,-2.6,0.4,6,0.21905943259122723,0.2,decileZ(NRC),0.214385669090647,0.214385669090647
logistic,-2.6,0.4,6,0.21905943259122723,0.2,logit-frac,0.08057898798824958,0.18874991798429896
logistic,-2.6,0.4,7,0.15941275064400648,0.1884,Comp_prob,0.05077091293984974,0.00991057054103528
logistic,-2.6,0.4,7,0.15941275064400648,0.1884,NRC,0.1465156058681575,0.25227140949368787
logistic,-2.6,0.4,7,0.15941275064400648,0.1884,decileZ(Comp),0.025527682570106233,0.025527682570106233
logistic,-2.6,0.4,7,0.15941275064400648,0.1884,decileZ(NRC),0.31367840250332124,0.31367840250332124
logistic,-2.6,0.4,7,0.15941275064400648,0.1884,logit-frac,0.11177645177827784,0.18514328676099934
logistic,-2.6,0.4,8,0.1956311314455582,0.1976,Comp_prob,0.10104854851646647,0.023525617574842145
logistic,-2.6,0.4,8,0.1956311314455582,0.1976,NRC,0.03738517148068097,0.09623289292314696
logistic,-2.6,0.4,8,0.1956311314455582,0.1976,decileZ(Comp),0.14952405668655674,0.14952405668655674
logistic,-2.6,0.4,8,0.1956311314455582,0.1976,decileZ(NRC),0.10937116411202868,0.10937116411202868
logistic,-2.6,0.4,8,0.1956311314455582,0.1976,logit-frac,-0.006203911099553239,-0.01415865349157397
logistic,-2.6,0.4,9,0.19778351153960866,0.2096,Comp_prob,0.051671736164287045,0.012089602818904685
logistic,-2.6,0.4,9,0.19778351153960866,0.2096,NRC,0.03174305221652825,0.06643509726679053
logistic,-2.6,0.4,9,0.19778351153960866,0.2096,decileZ(Comp),0.06381148229927842,0.06381148229927842
logistic,-2.6,0.4,9,0.19778351153960866,0.2096,decileZ(NRC),0.2331608704971352,0.2331608704971352
logistic,-2.6,0.4,9,0.19778351153960866,0.2096,logit-frac,0.044172962780066424,0.08564221640084946
logistic,-2.6,0.4,10,0.18630747130556843,0.2076,Comp_prob,0.0012764574807144961,0.0002855626025767277
logistic,-2.6,0.4,10,0.18630747130556843,0.2076,NRC,0.1519949567050933,0.21157518248455498
logistic,-2.6,0.4,10,0.18630747130556843,0.2076,decileZ(Comp),0.026997124538166623,0.026997124538166623
logistic,-2.6,0.4,10,0.18630747130556843,0.2076,decileZ(NRC),0.34324229656923233,0.34324229656923233
logistic,-2.6,0.4,10,0.18630747130556843,0.2076,logit-frac,0.10185971088471098,0.15230247292977628
logistic,-2.6,0.4,11,0.20448770028595908,0.19,Comp_prob,0.0709773698671137,0.017361285305550173
logistic,-2.6,0.4,11,0.20448770028595908,0.19,NRC,-0.02278449473086632,-0.053229717580329794
logistic,-2.6,0.4,11,0.20448770028595908,0.19,decileZ(Comp),0.10204854977092474,0.10204854977092474
logistic,-2.6,0.4,11,0.20448770028595908,0.19,decileZ(NRC),0.14917208100628113,0.14917208100628113
logistic,-2.6,0.4,11,0.20448770028595908,0.19,logit-frac,0.009737405027238506,0.019280805834462567
logistic,-2.6,0.6,0,0.16247248944530474,0.2952,Comp_prob,0.10318719105546299,0.019598409630251938
logistic,-2.6,0.6,0,0.16247248944530474,0.2952,NRC,0.09861013241082153,0.1844696162347773
logistic,-2.6,0.6,0,0.16247248944530474,0.2952,decileZ(Comp),0.10509915433821615,0.10509915433821615
logistic,-2.6,0.6,0,0.16247248944530474,0.2952,decileZ(NRC),0.32156044659831795,0.32156044659831795
logistic,-2.6,0.6,0,0.16247248944530474,0.2952,logit-frac,0.04928471333809778,0.10839674412767175
logistic,-2.6,0.6,1,0.19905018029540483,0.3084,Comp_prob,0.22361480391517385,0.05188021496139775
logistic,-2.6,0.6,1,0.19905018029540483,0.3084,NRC,0.0881012285410176,0.22760187550411537
logistic,-2.6,0.6,1,0.19905018029540483,0.3084,decileZ(Comp),0.17459217040611125,0.17459217040611125
logistic,-2.6,0.6,1,0.19905018029540483,0.3084,decileZ(NRC),0.2938804444173349,0.2938804444173349
logistic,-2.6,0.6,1,0.19905018029540483,0.3084,logit-frac,0.08222795541882567,0.16121481537504845
logistic,-2.6,0.6,2,0.16055629788911002,0.3068,Comp_prob,0.06709879960425562,0.012058560516186867
logistic,-2.6,0.6,2,0.16055629788911002,0.3068,NRC,0.08293131026631001,0.20331653557480878
logistic,-2.6,0.6,2,0.16055629788911002,0.3068,decileZ(Comp),0.043745989860388815,0.043745989860388815
logistic,-2.6,0.6,2,0.16055629788911002,0.3068,decileZ(NRC),0.2972106836452454,0.2972106836452454
logistic,-2.6,0.6,2,0.16055629788911002,0.3068,logit-frac,0.0477308230981029,0.09658162989165564
logistic,-2.6,0.6,3,0.18202293359983013,0.2812,Comp_prob,0.06667111541179649,0.014175590103412808
logistic,-2.6,0.6,3,0.18202293359983013,0.2812,NRC,0.16217383428639234,0.33735665347774824
logistic,-2.6,0.6,3,0.18202293359983013,0.2812,decileZ(Comp),0.023163707916244475,0.023163707916244475
logistic,-2.6,0.6,3,0.18202293359983013,0.2812,decileZ(NRC),0.3265324586124322,0.3265324586124322
logistic,-2.6,0.6,3,0.18202293359983013,0.2812,logit-frac,0.09734935651022773,0.19818029788450586
logistic,-2.6,0.6,4,0.16949104999074224,0.3056,Comp_prob,0.17787697940413208,0.03553043840249684
logistic,-2.6,0.6,4,0.16949104999074224,0.3056,NRC,0.18442158346429613,0.29310294661605274
logistic,-2.6,0.6,4,0.16949104999074224,0.3056,decileZ(Comp),0.0043873329693715005,0.0043873329693715005
logistic,-2.6,0.6,4,0.16949104999074224,0.3056,decileZ(NRC),0.3957087204056909,0.3957087204056909
logistic,-2.6,0.6,4,0.16949104999074224,0.3056,logit-frac,0.11723499841849894,0.21341505568559127
logistic,-2.6,0.6,5,0.1937634537342875,0.2916,Comp_prob,0.22851358910619282,0.051592082423705256
logistic,-2.6,0.6,5,0.1937634537342875,0.2916,NRC,0.02385487741712897,0.0644612357007005
logistic,-2.6,0.6,5,0.1937634537342875,0.2916,decileZ(Comp),0.10985589674655696,0.10985589674655696
logistic,-2.6,0.6,5,0.1937634537342875,0.2916,decileZ(NRC),0.2811790538697891,0.2811790538697891
logistic,-2.6,0.6,5,0.1937634537342875,0.2916,logit-frac,0.09388265919315604,0.2216647045391199
logistic,-2.6,0.6,6,0.18825033605817712,0.3148,Comp_prob,0.21660816432570756,0.04775074734939355
logistic,-2.6,0.6,6,0.18825033605817712,0.3148,NRC,0.045798035711455784,0.10540137887784762
logistic,-2.6,0.6,6,0.18825033605817712,0.3148,decileZ(Comp),0.11637910853845615,0.11637910853845615
logistic,-2.6,0.6,6,0.18825033605817712,0.3148,decileZ(NRC),0.2523203956113773,0.2523203956113773
logistic,-2.6,0.6,6,0.18825033605817712,0.3148,logit-frac,0.05800827081980459,0.11353859788231735
logistic,-2.6,0.6,7,0.17654897838253283,0.2928,Comp_prob,0.23570390605335131,0.04790486972469046
logistic,-2.6,0.6,7,0.17654897838253283,0.2928,NRC,0.18547856596570092,0.3578156934417587
logistic,-2.6,0.6,7,0.17654897838253283,0.2928,decileZ(Comp),0.15643022105873658,0.15643022105873655
logistic,-2.6,0.6,7,0.17654897838253283,0.2928,decileZ(NRC),0.38521852464761136,0.38521852464761136
logistic,-2.6,0.6,7,0.17654897838253283,0.2928,logit-frac,0.15628007196234414,0.2739719076827921
logistic,-2.6,0.6,8,0.2207206055307178,0.2888,Comp_prob,0.1980775595120155,0.0529232799402545
logistic,-2.6,0.6,8,0.2207206055307178,0.2888,NRC,0.07518920608678063,0.17955299267498848
logistic,-2.6,0.6,8,0.2207206055307178,0.2888,decileZ(Comp),0.18825702230466232,0.18825702230466232
logistic,-2.6,0.6,8,0.2207206055307178,0.2888,decileZ(NRC),0.2748682285083903,0.2748682285083903
logistic,-2.6,0.6,8,0.2207206055307178,0.2888,logit-frac,0.05438729137206021,0.12525115154038258
logistic,-2.6,0.6,9,0.2017531101639641,0.2876,Comp_prob,0.25374820672191517,0.05898424116058067
logistic,-2.6,0.6,9,0.2017531101639641,0.2876,NRC,0.12182035326075098,0.2707316456314782
logistic,-2.6,0.6,9,0.2017531101639641,0.2876,decileZ(Comp),0.24496366991655533,0.24496366991655533
logistic,-2.6,0.6,9,0.2017531101639641,0.2876,decileZ(NRC),0.36813451574331135,0.36813451574331135
logistic,-2.6,0.6,9,0.2017531101639641,0.2876,logit-frac,0.19654041424430838,0.37298621941966714
logistic,-2.6,0.6,10,0.24222880098217192,0.2992,Comp_prob,0.19775226586483188,0.056750397735443034
logistic,-2.6,0.6,10,0.24222880098217192,0.2992,NRC,0.12648997887097815,0.3746097882056696
logistic,-2.6,0.6,10,0.24222880098217192,0.2992,decileZ(Comp),0.21183341330505173,0.21183341330505173
logistic,-2.6,0.6,10,0.24222880098217192,0.2992,decileZ(NRC),0.35941144703586375,0.35941144703586375
logistic,-2.6,0.6,10,0.24222880098217192,0.2992,logit-frac,0.21763697506967558,0.4415109732384326
logistic,-2.6,0.6,11,0.21467828720429383,0.2928,Comp_prob,0.11312159148154652,0.028815207348582894
logistic,-2.6,0.6,11,0.21467828720429383,0.2928,NRC,0.19460501753614665,0.4741959664898551
logistic,-2.6,0.6,11,0.21467828720429383,0.2928,decileZ(Comp),0.12126549538154902,0.12126549538154902
logistic,-2.6,0.6,11,0.21467828720429383,0.2928,decileZ(NRC),0.4613064106367425,0.4613064106367425
logistic,-2.6,0.6,11,0.21467828720429383,0.2928,logit-frac,0.25866381103006686,0.5670808541610611
logistic,-2.6,0.8,0,0.22282296178585562,0.3932,Comp_prob,0.3274454897126102,0.08400892636093311
logistic,-2.6,0.8,0,0.22282296178585562,0.3932,NRC,0.1843819179950054,0.48014926062730984
logistic,-2.6,0.8,0,0.22282296178585562,0.3932,decileZ(Comp),0.27135593193647034,0.27135593193647034
logistic,-2.6,0.8,0,0.22282296178585562,0.3932,decileZ(NRC),0.4582714381505549,0.4582714381505549
logistic,-2.6,0.8,0,0.22282296178585562,0.3932,logit-frac,0.1647925570590622,0.4288238385068007
logistic,-2.6,0.8,1,0.14652207029345204,0.3804,Comp_prob,0.14677552355712767,0.0238396142724496
logistic,-2.6,0.8,1,0.14652207029345204,0.3804,NRC,0.19301153362244242,0.48949684926597786
logistic,-2.6,0.8,1,0.14652207029345204,0.3804,decileZ(Comp),-0.05437577847202529,-0.05437577847202529
logistic,-2.6,0.8,1,0.14652207029345204,0.3804,decileZ(NRC),0.4578429468966747,0.4578429468966747
logistic,-2.6,0.8,1,0.14652207029345204,0.3804,logit-frac,0.08839088607557233,0.21247502858050737
logistic,-2.6,0.8,2,0.22148448242858718,0.4004,Comp_prob,0.28537090122218745,0.07145842797116934
logistic,-2.6,0.8,2,0.22148448242858718,0.4004,NRC,0.1081415078256761,0.35935034226356244
logistic,-2.6,0.8,2,0.22148448242858718,0.4004,decileZ(Comp),0.23330895279479114,0.23330895279479114
logistic,-2.6,0.8,2,0.22148448242858718,0.4004,decileZ(NRC),0.3858527103842655,0.3858527103842655
logistic,-2.6,0.8,2,0.22148448242858718,0.4004,logit-frac,0.18752409465834013,0.43980632324787877
logistic,-2.6,0.8,3,0.14591767564226607,0.4016,Comp_prob,0.25904975707274347,0.039646513427754555
logistic,-2.6,0.8,3,0.14591767564226607,0.4016,NRC,0.2362858291518739,0.4421526905120301
logistic,-2.6,0.8,3,0.14591767564226607,0.4016,decileZ(Comp),0.053993308489050984,0.053993308489050984
logistic,-2.6,0.8,3,0.14591767564226607,0.4016,decileZ(NRC),0.5745683272730909,0.5745683272730909
logistic,-2.6,0.8,3,0.14591767564226607,0.4016,logit-frac,0.2473645565813172,0.4634226513854621
logistic,-2.6,0.8,4,0.136988271454689,0.404,Comp_prob,0.2100428900505798,0.030881597617017795
logistic,-2.6,0.8,4,0.136988271454689,0.404,NRC,0.18008058373291774,0.3345336748462019
logistic,-2.6,0.8,4,0.136988271454689,0.404,decileZ(Comp),0.03695136635333428,0.03695136635333428
logistic,-2.6,0.8,4,0.136988271454689,0.404,decileZ(NRC),0.4660131530727224,0.4660131530727224
logistic,-2.6,0.8,4,0.136988271454689,0.404,logit-frac,0.20312488149461427,0.38086455720396645
logistic,-2.6,0.8,5,0.18043786680516452,0.4116,Comp_prob,0.2872932953076541,0.060944304083085356
logistic,-2.6,0.8,5,0.18043786680516452,0.4116,NRC,0.2066060066626231,0.5369990178559141
logistic,-2.6,0.8,5,0.18043786680516452,0.4116,decileZ(Comp),0.163380587335538,0.163380587335538
logistic,-2.6,0.8,5,0.18043786680516452,0.4116,decileZ(NRC),0.5206521062077698,0.5206521062077698
logistic,-2.6,0.8,5,0.18043786680516452,0.4116,logit-frac,0.20677528836797673,0.4791050001787879
logistic,-2.6,0.8,6,0.16972794464361063,0.3812,Comp_prob,0.17806033714522226,0.034400778127129814
logistic,-2.6,0.8,6,0.16972794464361063,0.3812,NRC,0.1401299661999604,0.30874083562917853
logistic,-2.6,0.8,6,0.16972794464361063,0.3812,decileZ(Comp),0.022664581988262905,0.022664581988262905
logistic,-2.6,0.8,6,0.16972794464361063,0.3812,decileZ(NRC),0.5003106585636907,0.5003106585636907
logistic,-2.6,0.8,6,0.16972794464361063,0.3812,logit-frac,0.15895426470990273,0.3539909757348987
logistic,-2.6,0.8,7,0.2332192925024181,0.3836,Comp_prob,0.20446334438608882,0.05293063350483078
logistic,-2.6,0.8,7,0.2332192925024181,0.3836,NRC,0.13983801232891307,0.42510283933436854
logistic,-2.6,0.8,7,0.2332192925024181,0.3836,decileZ(Comp),0.181159337689826,0.181159337689826
logistic,-2.6,0.8,7,0.2332192925024181,0.3836,decileZ(NRC),0.3626646080889451,0.3626646080889451
logistic,-2.6,0.8,7,0.2332192925024181,0.3836,logit-frac,0.19631975088990536,0.42361449924225114
logistic,-2.6,0.8,8,0.15694401439258926,0.3956,Comp_prob,0.2248329793077144,0.038730082759505374
logistic,-2.6,0.8,8,0.15694401439258926,0.3956,NRC,0.19000591550299412,0.3532470011217986
logistic,-2.6,0.8,8,0.15694401439258926,0.3956,decileZ(Comp),0.057798404120459536,0.057798404120459536
logistic,-2.6,0.8,8,0.15694401439258926,0.3956,decileZ(NRC),0.5273227140363096,0.5273227140363096
logistic,-2.6,0.8,8,0.15694401439258926,0.3956,logit-frac,0.23839167116061227,0.39584308017751746
logistic,-2.6,0.8,9,0.21774921654952428,0.3892,Comp_prob,0.2672925635307808,0.0679675410207052
logistic,-2.6,0.8,9,0.21774921654952428,0.3892,NRC,0.23074302592226678,0.6237791519030307
logistic,-2.6,0.8,9,0.21774921654952428,0.3892,decileZ(Comp),0.3068361925199617,0.3068361925199617
logistic,-2.6,0.8,9,0.21774921654952428,0.3892,decileZ(NRC),0.5223706614234248,0.5223706614234248
logistic,-2.6,0.8,9,0.21774921654952428,0.3892,logit-frac,0.2601407128700183,0.5429679715371056
logistic,-2.6,0.8,10,0.2151898533500636,0.402,Comp_prob,0.17538393682083195,0.043164276595737204
logistic,-2.6,0.8,10,0.2151898533500636,0.402,NRC,0.17169075446202786,0.5321768891883532
logistic,-2.6,0.8,10,0.2151898533500636,0.402,decileZ(Comp),0.13669996670212953,0.13669996670212953
logistic,-2.6,0.8,10,0.2151898533500636,0.402,decileZ(NRC),0.42335020590410977,0.42335020590410977
logistic,-2.6,0.8,10,0.2151898533500636,0.402,logit-frac,0.06527919994298738,0.1781367215087506
logistic,-2.6,0.8,11,0.18207825746407152,0.4092,Comp_prob,0.2309446646579621,0.046570463243638435
logistic,-2.6,0.8,11,0.18207825746407152,0.4092,NRC,0.09999195731699995,0.24833230622460045
logistic,-2.6,0.8,11,0.18207825746407152,0.4092,decileZ(Comp),0.0727163242878742,0.0727163242878742
logistic,-2.6,0.8,11,0.18207825746407152,0.4092,decileZ(NRC),0.39332071788034484,0.39332071788034484
logistic,-2.6,0.8,11,0.18207825746407152,0.4092,logit-frac,0.12439783011487056,0.2817948010633115
logistic,-2.6,1.0,0,0.20914456526612868,0.51,Comp_prob,0.3454583609166222,0.07951328597356236
logistic,-2.6,1.0,0,0.20914456526612868,0.51,NRC,0.11299854114007546,0.4530750573857871
logistic,-2.6,1.0,0,0.20914456526612868,0.51,decileZ(Comp),0.32360334361255216,0.32360334361255216
logistic,-2.6,1.0,0,0.20914456526612868,0.51,decileZ(NRC),0.49844156852165433,0.49844156852165433
logistic,-2.6,1.0,0,0.20914456526612868,0.51,logit-frac,0.15807627394056595,0.4560469302571571
logistic,-2.6,1.0,1,0.20809579513921125,0.4936,Comp_prob,0.3244268661077229,0.0735454047336418
logistic,-2.6,1.0,1,0.20809579513921125,0.4936,NRC,0.17077482556434206,0.48243556956158656
logistic,-2.6,1.0,1,0.20809579513921125,0.4936,decileZ(Comp),0.22638159862200152,0.22638159862200152
logistic,-2.6,1.0,1,0.20809579513921125,0.4936,decileZ(NRC),0.5732202410411884,0.5732202410411884
logistic,-2.6,1.0,1,0.20809579513921125,0.4936,logit-frac,0.21440624005141923,0.5251693402626385
logistic,-2.6,1.0,2,0.16215718838901075,0.4992,Comp_prob,0.26631600815831713,0.04480470570813401
logistic,-2.6,1.0,2,0.16215718838901075,0.4992,NRC,0.1894166616328091,0.39416638060207837
logistic,-2.6,1.0,2,0.16215718838901075,0.4992,decileZ(Comp),0.08456527364812604,0.08456527364812604
logistic,-2.6,1.0,2,0.16215718838901075,0.4992,decileZ(NRC),0.4781789134783365,0.4781789134783365
logistic,-2.6,1.0,2,0.16215718838901075,0.4992,logit-frac,0.1419917926165283,0.31996580239929356
logistic,-2.6,1.0,3,0.18284566902813146,0.4944,Comp_prob,0.26086691028410147,0.051648998559517614
logistic,-2.6,1.0,3,0.18284566902813146,0.4944,NRC,0.24048511708570958,0.5536259234320777
logistic,-2.6,1.0,3,0.18284566902813146,0.4944,decileZ(Comp),0.10613790176322357,0.10613790176322357
logistic,-2.6,1.0,3,0.18284566902813146,0.4944,decileZ(NRC),0.633389228624055,0.633389228624055
logistic,-2.6,1.0,3,0.18284566902813146,0.4944,logit-frac,0.2890127073348603,0.5548548506434993
logistic,-2.6,1.0,4,0.1731807888033042,0.4904,Comp_prob,0.16814619758284435,0.03139173359658548
logistic,-2.6,1.0,4,0.1731807888033042,0.4904,NRC,0.22673126133656785,0.5582117513318121
logistic,-2.6,1.0,4,0.1731807888033042,0.4904,decileZ(Comp),0.08596894506743577,0.08596894506743577
logistic,-2.6,1.0,4,0.1731807888033042,0.4904,decileZ(NRC),0.5520364441016412,0.5520364441016412
logistic,-2.6,1.0,4,0.1731807888033042,0.4904,logit-frac,0.22171291453502504,0.4507304016585734
logistic,-2.6,1.0,5,0.1873065946308586,0.488,Comp_prob,0.20995529742107386,0.04346803210520133
logistic,-2.6,1.0,5,0.1873065946308586,0.488,NRC,0.15498025614999103,0.38901799472050147
logistic,-2.6,1.0,5,0.1873065946308586,0.488,decileZ(Comp),0.013959131563797455,0.013959131563797455
logistic,-2.6,1.0,5,0.1873065946308586,0.488,decileZ(NRC),0.5320657569937046,0.5320657569937046
logistic,-2.6,1.0,5,0.1873065946308586,0.488,logit-frac,0.1353211297406678,0.3059217164040809
logistic,-2.6,1.0,6,0.21557834630748174,0.5136,Comp_prob,0.3510446698094947,0.08144303644072554
logistic,-2.6,1.0,6,0.21557834630748174,0.5136,NRC,0.1836825972127428,0.47114705612121577
logistic,-2.6,1.0,6,0.21557834630748174,0.5136,decileZ(Comp),0.2704279424604558,0.2704279424604558
logistic,-2.6,1.0,6,0.21557834630748174,0.5136,decileZ(NRC),0.5140105357838683,0.5140105357838683
logistic,-2.6,1.0,6,0.21557834630748174,0.5136,logit-frac,0.23452483450966233,0.5036001503007248
logistic,-2.6,1.0,7,0.20488364006325113,0.504,Comp_prob,0.20157846660121564,0.04588906735210903
logistic,-2.6,1.0,7,0.20488364006325113,0.504,NRC,0.17921168359929363,0.47058401212577594
logistic,-2.6,1.0,7,0.20488364006325113,0.504,decileZ(Comp),0.09580862910965224,0.09580862910965224
logistic,-2.6,1.0,7,0.20488364006325113,0.504,decileZ(NRC),0.5094304357841108,0.5094304357841108
logistic,-2.6,1.0,7,0.20488364006325113,0.504,logit-frac,0.2404485610889567,0.5552612453130139
logistic,-2.6,1.0,8,0.17749755329121494,0.508,Comp_prob,0.34228218215044726,0.06519252865496727
logistic,-2.6,1.0,8,0.17749755329121494,0.508,NRC,0.1952651029238254,0.6301256354161408
logistic,-2.6,1.0,8,0.17749755329121494,0.508,decileZ(Comp),0.18103042964839072,0.18103042964839072
logistic,-2.6,1.0,8,0.17749755329121494,0.508,decileZ(NRC),0.6163952451032854,0.6163952451032854
logistic,-2.6,1.0,8,0.17749755329121494,0.508,logit-frac,0.33617920118574063,0.8521835093199426
logistic,-2.6,1.0,9,0.17592932055748928,0.4988,Comp_prob,0.2102472008556937,0.04201108513506616
logistic,-2.6,1.0,9,0.17592932055748928,0.4988,NRC,0.25832828420916687,0.6361702840623904
logistic,-2.6,1.0,9,0.17592932055748928,0.4988,decileZ(Comp),0.09826564942777463,0.09826564942777463
logistic,-2.6,1.0,9,0.17592932055748928,0.4988,decileZ(NRC),0.6036101982655872,0.6036101982655872
logistic,-2.6,1.0,9,0.17592932055748928,0.4988,logit-frac,0.26088436915298135,0.46078885602839037
logistic,-2.6,1.0,10,0.17620056594029687,0.4928,Comp_prob,0.24901014197796367,0.04903932289605988
logistic,-2.6,1.0,10,0.17620056594029687,0.4928,NRC,0.1721885923323428,0.36344957598878885
logistic,-2.6,1.0,10,0.17620056594029687,0.4928,decileZ(Comp),0.13292919514303514,0.13292919514303514
logistic,-2.6,1.0,10,0.17620056594029687,0.4928,decileZ(NRC),0.4802390399451785,0.4802390399451785
logistic,-2.6,1.0,10,0.17620056594029687,0.4928,logit-frac,0.15484832894477388,0.3165779252481184
logistic,-2.6,1.0,11,0.2449549846878435,0.5064,Comp_prob,0.2872844832517517,0.0746338406658359
logistic,-2.6,1.0,11,0.2449549846878435,0.5064,NRC,0.10119599721003841,0.32663632609372206
logistic,-2.6,1.0,11,0.2449549846878435,0.5064,decileZ(Comp),0.20103221423280526,0.20103221423280526
logistic,-2.6,1.0,11,0.2449549846878435,0.5064,decileZ(NRC),0.3564308032263558,0.3564308032263558
logistic,-2.6,1.0,11,0.2449549846878435,0.5064,logit-frac,0.18946590829516655,0.540315241652541
logistic,-1.8,0.0,0,0.2429572480316932,0.0,Comp_prob,0.015950083837703334,0.003718088065651562
logistic,-1.8,0.0,0,0.2429572480316932,0.0,NRC,-0.061726251153590025,-0.12508639980926672
logistic,-1.8,0.0,0,0.2429572480316932,0.0,decileZ(Comp),0.07284782776977575,0.07284782776977575
logistic,-1.8,0.0,0,0.2429572480316932,0.0,decileZ(NRC),-0.017515261001163605,-0.017515261001163605
logistic,-1.8,0.0,0,0.2429572480316932,0.0,logit-frac,-0.06765378930262732,-0.10731789028818361
logistic,-1.8,0.0,1,0.2985573456053949,0.0,Comp_prob,0.030656415386857736,0.009612233532504177
logistic,-1.8,0.0,1,0.2985573456053949,0.0,NRC,-0.08129267021274354,-0.18955518359372092
logistic,-1.8,0.0,1,0.2985573456053949,0.0,decileZ(Comp),4.482517324958749e-05,4.482517324958749e-05
logistic,-1.8,0.0,1,0.2985573456053949,0.0,decileZ(NRC),0.003227602356156156,0.003227602356156156
logistic,-1.8,0.0,1,0.2985573456053949,0.0,logit-frac,-0.07851935532632334,-0.14806137306499145
logistic,-1.8,0.0,2,0.2531232916920316,0.0,Comp_prob,0.0012010657375623288,0.00031897916018258643
logistic,-1.8,0.0,2,0.2531232916920316,0.0,NRC,-0.055749347600727986,-0.0854328972075371
logistic,-1.8,0.0,2,0.2531232916920316,0.0,decileZ(Comp),-0.006583889470073547,-0.006583889470073547
logistic,-1.8,0.0,2,0.2531232916920316,0.0,decileZ(NRC),-0.03363006135381883,-0.03363006135381883
logistic,-1.8,0.0,2,0.2531232916920316,0.0,logit-frac,-0.03339193567194315,-0.046494351710387405
logistic,-1.8,0.0,3,0.2659172323196822,0.0,Comp_prob,0.027263425986454985,0.007544670587044694
logistic,-1.8,0.0,3,0.2659172323196822,0.0,NRC,0.018483598181492134,0.03239180986597445
logistic,-1.8,0.0,3,0.2659172323196822,0.0,decileZ(Comp),0.015350661834420194,0.015350661834420194
logistic,-1.8,0.0,3,0.2659172323196822,0.0,decileZ(NRC),-0.00379503943081521,-0.00379503943081521
logistic,-1.8,0.0,3,0.2659172323196822,0.0,logit-frac,-0.0015155424050383086,-0.0022614863309111666
logistic,-1.8,0.0,4,0.22226404075652462,0.0,Comp_prob,0.059697928600648986,0.012068702757251401
logistic,-1.8,0.0,4,0.22226404075652462,0.0,NRC,-0.031328074296875355,-0.05551520452287351
logistic,-1.8,0.0,4,0.22226404075652462,0.0,decileZ(Comp),0.10130329917919484,0.10130329917919484
logistic,-1.8,0.0,4,0.22226404075652462,0.0,decileZ(NRC),0.023951860467892445,0.023951860467892445
logistic,-1.8,0.0,4,0.22226404075652462,0.0,logit-frac,-0.03131776600792082,-0.052517320796806044
logistic,-1.8,0.0,5,0.28304137519898637,0.0,Comp_prob,0.019262268529752886,0.005634187830928436
logistic,-1.8,0.0,5,0.28304137519898637,0.0,NRC,0.07099612260131,0.09661724446365738
logistic,-1.8,0.0,5,0.28304137519898637,0.0,decileZ(Comp),-0.01750581876622669,-0.01750581876622669
logistic,-1.8,0.0,5,0.28304137519898637,0.0,decileZ(NRC),0.11725757654644255,0.11725757654644255
logistic,-1.8,0.0,5,0.28304137519898637,0.0,logit-frac,0.03851119714208414,0.04401769780142084
logistic,-1.8,0.0,6,0.2591722034950797,0.0,Comp_prob,0.04679674557055927,0.012385831601922012
logistic,-1.8,0.0,6,0.2591722034950797,0.0,NRC,0.009214453444344526,0.0190119752317065
logistic,-1.8,0.0,6,0.2591722034950797,0.0,decileZ(Comp),0.032632243812817145,0.032632243812817145
logistic,-1.8,0.0,6,0.2591722034950797,0.0,decileZ(NRC),-0.0035566959846107596,-0.0035566959846107596
logistic,-1.8,0.0,6,0.2591722034950797,0.0,logit-frac,-0.03618722633606718,-0.06560518266097104
logistic,-1.8,0.0,7,0.2535890493233648,0.0,Comp_prob,-0.02438130435015139,-0.006241098698355499
logistic,-1.8,0.0,7,0.2535890493233648,0.0,NRC,0.020450492391469354,0.04099651504447266
logistic,-1.8,0.0,7,0.2535890493233648,0.0,decileZ(Comp),-0.019672953496184253,-0.019672953496184253
logistic,-1.8,0.0,7,0.2535890493233648,0.0,decileZ(NRC),0.03902012568249279,0.03902012568249279
logistic,-1.8,0.0,7,0.2535890493233648,0.0,logit-frac,-0.02008819698193411,-0.031863419381188085
logistic,-1.8,0.0,8,0.24945975345916985,0.0,Comp_prob,0.05553342539228472,0.014098674788314253
logistic,-1.8,0.0,8,0.24945975345916985,0.0,NRC,0.01221718314917001,0.02642160330913712
logistic,-1.8,0.0,8,0.24945975345916985,0.0,decileZ(Comp),0.03343098393777719,0.03343098393777719
logistic,-1.8,0.0,8,0.24945975345916985,0.0,decileZ(NRC),-0.01900823392557199,-0.01900823392557199
logistic,-1.8,0.0,8,0.24945975345916985,0.0,logit-frac,0.04830538849324562,0.08201268173421339
logistic,-1.8,0.0,9,0.2839630633409245,0.0,Comp_prob,-0.04929746045729202,-0.014657368694386136
logistic,-1.8,0.0,9,0.2839630633409245,0.0,NRC,0.06266116422945446,0.1361247082436008
logistic,-1.8,0.0,9,0.2839630633409245,0.0,decileZ(Comp),-0.03707281931990645,-0.03707281931990645
logistic,-1.8,0.0,9,0.2839630633409245,0.0,decileZ(NRC),0.008269260173908652,0.008269260173908652
logistic,-1.8,0.0,9,0.2839630633409245,0.0,logit-frac,0.013173405063802433,0.02411512126983073
logistic,-1.8,0.0,10,0.2811725454264698,0.0,Comp_prob,-0.09898631850095488,-0.030961520883385024
logistic,-1.8,0.0,10,0.2811725454264698,0.0,NRC,-0.04863894123883261,-0.11524341909163116
logistic,-1.8,0.0,10,0.2811725454264698,0.0,decileZ(Comp),-0.12131137802187802,-0.12131137802187802
logistic,-1.8,0.0,10,0.2811725454264698,0.0,decileZ(NRC),-0.017957974530813024,-0.017957974530813024
logistic,-1.8,0.0,10,0.2811725454264698,0.0,logit-frac,-0.002403374099830893,-0.0040718267761438165
logistic,-1.8,0.0,11,0.2994736464606142,0.0,Comp_prob,-0.08665228718990595,-0.02756729035286469
logistic,-1.8,0.0,11,0.2994736464606142,0.0,NRC,-0.004882788906694313,-0.012703482816526113
logistic,-1.8,0.0,11,0.2994736464606142,0.0,decileZ(Comp),-0.10658508691963467,-0.10658508691963467
logistic,-1.8,0.0,11,0.2994736464606142,0.0,decileZ(NRC),0.028750255224533602,0.028750255224533602
logistic,-1.8,0.0,11,0.2994736464606142,0.0,logit-frac,0.04181664506313623,0.08076687103021218
logistic,-1.8,0.2,0,0.2768171109040093,0.1008,Comp_prob,0.009857582343509981,0.0028050594605836116
logistic,-1.8,0.2,0,0.2768171109040093,0.1008,NRC,0.009827748521177375,0.023952163755654454
logistic,-1.8,0.2,0,0.2768171109040093,0.1008,decileZ(Comp),0.07004220950396697,0.07004220950396697
logistic,-1.8,0.2,0,0.2768171109040093,0.1008,decileZ(NRC),0.13370989687553808,0.13370989687553808
logistic,-1.8,0.2,0,0.2768171109040093,0.1008,logit-frac,-0.01630012192815619,-0.03234556903242025
logistic,-1.8,0.2,1,0.25380336659967195,0.1004,Comp_prob,0.06451421357874687,0.01624300439665831
logistic,-1.8,0.2,1,0.25380336659967195,0.1004,NRC,0.05026105777391237,0.10018582672652365
logistic,-1.8,0.2,1,0.25380336659967195,0.1004,decileZ(Comp),0.10010263497275626,0.10010263497275626
logistic,-1.8,0.2,1,0.25380336659967195,0.1004,decileZ(NRC),0.15552957934243636,0.15552957934243636
logistic,-1.8,0.2,1,0.25380336659967195,0.1004,logit-frac,0.1195068757163726,0.19543589171086706
logistic,-1.8,0.2,2,0.28719963669342785,0.1004,Comp_prob,0.08267096503667704,0.024232570156031502
logistic,-1.8,0.2,2,0.28719963669342785,0.1004,NRC,0.08007703979072858,0.1395976494585529
logistic,-1.8,0.2,2,0.28719963669342785,0.1004,decileZ(Comp),0.12296773343697873,0.12296773343697873
logistic,-1.8,0.2,2,0.28719963669342785,0.1004,decileZ(NRC),0.203296255640531,0.203296255640531
logistic,-1.8,0.2,2,0.28719963669342785,0.1004,logit-frac,0.05561206102534463,0.07722577468714231
logistic,-1.8,0.2,3,0.28983508916290274,0.1072,Comp_prob,0.051130919051119564,0.015455793031585105
logistic,-1.8,0.2,3,0.28983508916290274,0.1072,NRC,0.0581013794481635,0.14585505549818567
logistic,-1.8,0.2,3,0.28983508916290274,0.1072,decileZ(Comp),0.0594581964097494,0.05945819640974939
logistic,-1.8,0.2,3,0.28983508916290274,0.1072,decileZ(NRC),0.09580712583165109,0.09580712583165109
logistic,-1.8,0.2,3,0.28983508916290274,0.1072,logit-frac,0.07315765510853867,0.13729583124408207
logistic,-1.8,0.2,4,0.3169742476232752,0.1088,Comp_prob,0.102448560763885,0.03354607432024119
logistic,-1.8,0.2,4,0.3169742476232752,0.1088,NRC,0.020089029968594622,0.05209207938375915
logistic,-1.8,0.2,4,0.3169742476232752,0.1088,decileZ(Comp),0.10061873198794136,0.10061873198794136
logistic,-1.8,0.2,4,0.3169742476232752,0.1088,decileZ(NRC),0.08917876289626805,0.08917876289626805
logistic,-1.8,0.2,4,0.3169742476232752,0.1088,logit-frac,0.06772491060508079,0.1240255684063436
logistic,-1.8,0.2,5,0.26110598217305486,0.1104,Comp_prob,-0.019446687955978394,-0.005032214006176761
logistic,-1.8,0.2,5,0.26110598217305486,0.1104,NRC,0.07229011478531419,0.1543586089904554
logistic,-1.8,0.2,5,0.26110598217305486,0.1104,decileZ(Comp),-0.0011416065427517982,-0.0011416065427517982
logistic,-1.8,0.2,5,0.26110598217305486,0.1104,decileZ(NRC),0.09274013880991153,0.09274013880991153
logistic,-1.8,0.2,5,0.26110598217305486,0.1104,logit-frac,0.09505168436608247,0.17209949971979965
logistic,-1.8,0.2,6,0.2830099407738652,0.096,Comp_prob,0.03261497424735332,0.009377430755722435
logistic,-1.8,0.2,6,0.2830099407738652,0.096,NRC,-0.028316047007895504,-0.08061161727622557
logistic,-1.8,0.2,6,0.2830099407738652,0.096,decileZ(Comp),0.10862628298685516,0.10862628298685516
logistic,-1.8,0.2,6,0.2830099407738652,0.096,decileZ(NRC),0.12024942507482259,0.12024942507482259
logistic,-1.8,0.2,6,0.2830099407738652,0.096,logit-frac,-0.0050974381480326895,-0.010235464867107691
logistic,-1.8,0.2,7,0.3158512951666375,0.0992,Comp_prob,0.09945088975279882,0.03274101679868825
logistic,-1.8,0.2,7,0.3158512951666375,0.0992,NRC,0.009879099555468281,0.03123853636928542
logistic,-1.8,0.2,7,0.3158512951666375,0.0992,decileZ(Comp),0.1301578680025256,0.1301578680025256
logistic,-1.8,0.2,7,0.3158512951666375,0.0992,decileZ(NRC),0.10239230909198363,0.10239230909198363
logistic,-1.8,0.2,7,0.3158512951666375,0.0992,logit-frac,0.0357202932866526,0.08284340741761864
logistic,-1.8,0.2,8,0.2819889411027352,0.0984,Comp_prob,0.037877295850241924,0.010752786579866724
logistic,-1.8,0.2,8,0.2819889411027352,0.0984,NRC,0.05892305452328728,0.1433012753537083
logistic,-1.8,0.2,8,0.2819889411027352,0.0984,decileZ(Comp),0.07285560306969052,0.07285560306969052
logistic,-1.8,0.2,8,0.2819889411027352,0.0984,decileZ(NRC),0.10528716887083399,0.10528716887083399
logistic,-1.8,0.2,8,0.2819889411027352,0.0984,logit-frac,0.052346410183514575,0.10436402520808707
logistic,-1.8,0.2,9,0.23669236694873808,0.106,Comp_prob,0.01454867153741766,0.0032953441147715867
logistic,-1.8,0.2,9,0.23669236694873808,0.106,NRC,-0.06119234805667949,-0.1203310097630147
logistic,-1.8,0.2,9,0.23669236694873808,0.106,decileZ(Comp),-0.016681373718155187,-0.016681373718155187
logistic,-1.8,0.2,9,0.23669236694873808,0.106,decileZ(NRC),0.06827827271510988,0.06827827271510988
logistic,-1.8,0.2,9,0.23669236694873808,0.106,logit-frac,-0.05561329394256369,-0.104914195931201
logistic,-1.8,0.2,10,0.25527684698892406,0.1068,Comp_prob,0.06048601390487493,0.015561994186149175
logistic,-1.8,0.2,10,0.25527684698892406,0.1068,NRC,0.06549789367032313,0.12877445636498586
logistic,-1.8,0.2,10,0.25527684698892406,0.1068,decileZ(Comp),0.10005135323740127,0.10005135323740127
logistic,-1.8,0.2,10,0.25527684698892406,0.1068,decileZ(NRC),0.19426584786305107,0.19426584786305107
logistic,-1.8,0.2,10,0.25527684698892406,0.1068,logit-frac,0.1248986186329919,0.18337221672039072
logistic,-1.8,0.2,11,0.25049520064432784,0.0944,Comp_prob,0.04102801260202102,0.010186212947150705
logistic,-1.8,0.2,11,0.25049520064432784,0.0944,NRC,0.007631624649582847,0.011353250295195627
logistic,-1.8,0.2,11,0.25049520064432784,0.0944,decileZ(Comp),0.004616582551271587,0.004616582551271587
logistic,-1.8,0.2,11,0.25049520064432784,0.0944,decileZ(NRC),0.10900778729919594,0.10900778729919594
logistic,-1.8,0.2,11,0.25049520064432784,0.0944,logit-frac,0.01826629346346078,0.023609487432693976
logistic,-1.8,0.4,0,0.3106571879478874,0.2048,Comp_prob,0.19926341866267056,0.06279245124998462
logistic,-1.8,0.4,0,0.3106571879478874,0.2048,NRC,0.12291204242390232,0.3614809001369617
logistic,-1.8,0.4,0,0.3106571879478874,0.2048,decileZ(Comp),0.21425759300590744,0.21425759300590744
logistic,-1.8,0.4,0,0.3106571879478874,0.2048,decileZ(NRC),0.1497728052512387,0.1497728052512387
logistic,-1.8,0.4,0,0.3106571879478874,0.2048,logit-frac,0.16322170132777444,0.3515399006229243
logistic,-1.8,0.4,1,0.24717280564328092,0.2064,Comp_prob,0.13973437544356188,0.033786693655499404
logistic,-1.8,0.4,1,0.24717280564328092,0.2064,NRC,0.015667648347090685,0.04066738716218721
logistic,-1.8,0.4,1,0.24717280564328092,0.2064,decileZ(Comp),0.07668340638870091,0.07668340638870091
logistic,-1.8,0.4,1,0.24717280564328092,0.2064,decileZ(NRC),0.16944547629541412,0.16944547629541412
logistic,-1.8,0.4,1,0.24717280564328092,0.2064,logit-frac,-0.02533434098043551,-0.05105350392919572
logistic,-1.8,0.4,2,0.24118623367737382,0.2116,Comp_prob,0.019776352325279637,0.004407199635330733
logistic,-1.8,0.4,2,0.24118623367737382,0.2116,NRC,0.07536251454811557,0.16969029058595408
logistic,-1.8,0.4,2,0.24118623367737382,0.2116,decileZ(Comp),-0.01669703076165291,-0.01669703076165291
logistic,-1.8,0.4,2,0.24118623367737382,0.2116,decileZ(NRC),0.26337964762793586,0.26337964762793586
logistic,-1.8,0.4,2,0.24118623367737382,0.2116,logit-frac,0.10306978524349193,0.19089470258693597
logistic,-1.8,0.4,3,0.30446652572164595,0.2116,Comp_prob,0.16057324105821577,0.04944712425924848
logistic,-1.8,0.4,3,0.30446652572164595,0.2116,NRC,0.07269167826840699,0.2803018021483791
logistic,-1.8,0.4,3,0.30446652572164595,0.2116,decileZ(Comp),0.15865732130205817,0.15865732130205817
logistic,-1.8,0.4,3,0.30446652572164595,0.2116,decileZ(NRC),0.2414484707691958,0.2414484707691958
logistic,-1.8,0.4,3,0.30446652572164595,0.2116,logit-frac,0.08671208109880739,0.2492557333888239
logistic,-1.8,0.4,4,0.2941757991405631,0.1996,Comp_prob,0.08866737421730027,0.026256552054112064
logistic,-1.8,0.4,4,0.2941757991405631,0.1996,NRC,0.047556094345836214,0.11884991619756768
logistic,-1.8,0.4,4,0.2941757991405631,0.1996,decileZ(Comp),0.09545570530251363,0.09545570530251363
logistic,-1.8,0.4,4,0.2941757991405631,0.1996,decileZ(NRC),0.17536180283656852,0.17536180283656852
logistic,-1.8,0.4,4,0.2941757991405631,0.1996,logit-frac,0.07041614925254731,0.1434054289276332
logistic,-1.8,0.4,5,0.26617238694786105,0.2,Comp_prob,0.03870205967679336,0.009739490726411143
logistic,-1.8,0.4,5,0.26617238694786105,0.2,NRC,0.09543477462412746,0.3448132117596674
logistic,-1.8,0.4,5,0.26617238694786105,0.2,decileZ(Comp),0.062127905112510665,0.062127905112510665
logistic,-1.8,0.4,5,0.26617238694786105,0.2,decileZ(NRC),0.13205529332368857,0.13205529332368857
logistic,-1.8,0.4,5,0.26617238694786105,0.2,logit-frac,0.00974969051911306,0.020847232184944997
logistic,-1.8,0.4,6,0.29630368566543136,0.2,Comp_prob,0.12800608977855568,0.037991467797087966
logistic,-1.8,0.4,6,0.29630368566543136,0.2,NRC,0.07925963082852468,0.2147306232119235
logistic,-1.8,0.4,6,0.29630368566543136,0.2,decileZ(Comp),0.13465457603254893,0.13465457603254893
logistic,-1.8,0.4,6,0.29630368566543136,0.2,decileZ(NRC),0.21246136756135633,0.21246136756135633
logistic,-1.8,0.4,6,0.29630368566543136,0.2,logit-frac,0.08057898798824993,0.18874991798429974
logistic,-1.8,0.4,7,0.2419085470454691,0.1884,Comp_prob,0.05221404807453021,0.012409297954733015
logistic,-1.8,0.4,7,0.2419085470454691,0.1884,NRC,0.10367625420850474,0.2058913841823482
logistic,-1.8,0.4,7,0.2419085470454691,0.1884,decileZ(Comp),0.06644538649976114,0.06644538649976114
logistic,-1.8,0.4,7,0.2419085470454691,0.1884,decileZ(NRC),0.2721056763091377,0.2721056763091377
logistic,-1.8,0.4,7,0.2419085470454691,0.1884,logit-frac,0.11177645177827819,0.18514328676099978
logistic,-1.8,0.4,8,0.277456147056586,0.1976,Comp_prob,0.08634165091638511,0.02335036680612594
logistic,-1.8,0.4,8,0.277456147056586,0.1976,NRC,0.03937047942871018,0.12431020334116194
logistic,-1.8,0.4,8,0.277456147056586,0.1976,decileZ(Comp),0.1347588293587106,0.1347588293587106
logistic,-1.8,0.4,8,0.277456147056586,0.1976,decileZ(NRC),0.09762302477685618,0.09762302477685618
logistic,-1.8,0.4,8,0.277456147056586,0.1976,logit-frac,-0.006203911099552997,-0.014158653491573414
logistic,-1.8,0.4,9,0.28188470085359046,0.2096,Comp_prob,0.027224473691169534,0.007388650199755112
logistic,-1.8,0.4,9,0.28188470085359046,0.2096,NRC,-0.017034988927095037,-0.05794149952135064
logistic,-1.8,0.4,9,0.28188470085359046,0.2096,decileZ(Comp),0.04876198198550299,0.04876198198550299
logistic,-1.8,0.4,9,0.28188470085359046,0.2096,decileZ(NRC),0.23039259671212636,0.23039259671212636
logistic,-1.8,0.4,9,0.28188470085359046,0.2096,logit-frac,0.044172962780065946,0.08564221640084846
logistic,-1.8,0.4,10,0.26986542563061705,0.2076,Comp_prob,-0.016468251235268936,-0.004293194228023517
logistic,-1.8,0.4,10,0.26986542563061705,0.2076,NRC,0.08493799330769232,0.16187582525676936
logistic,-1.8,0.4,10,0.26986542563061705,0.2076,decileZ(Comp),0.0572468786198723,0.0572468786198723
logistic,-1.8,0.4,10,0.26986542563061705,0.2076,decileZ(NRC),0.2932044883197603,0.2932044883197603
logistic,-1.8,0.4,10,0.26986542563061705,0.2076,logit-frac,0.1018597108847108,0.15230247292977606
logistic,-1.8,0.4,11,0.28275004282829086,0.19,Comp_prob,0.04979869618027717,0.01376476142066868
logistic,-1.8,0.4,11,0.28275004282829086,0.19,NRC,0.010680411091302851,0.025639414630612478
logistic,-1.8,0.4,11,0.28275004282829086,0.19,decileZ(Comp),0.07913891253277827,0.07913891253277827
logistic,-1.8,0.4,11,0.28275004282829086,0.19,decileZ(NRC),0.1701691236110201,0.1701691236110201
logistic,-1.8,0.4,11,0.28275004282829086,0.19,logit-frac,0.00973740502723822,0.01928080583446201
logistic,-1.8,0.6,0,0.24664637091784902,0.2952,Comp_prob,0.07858390118537575,0.018146537293842684
logistic,-1.8,0.6,0,0.24664637091784902,0.2952,NRC,0.050046255071318504,0.12001281889042836
logistic,-1.8,0.6,0,0.24664637091784902,0.2952,decileZ(Comp),0.12839488179377406,0.12839488179377406
logistic,-1.8,0.6,0,0.24664637091784902,0.2952,decileZ(NRC),0.2738784307702593,0.2738784307702593
logistic,-1.8,0.6,0,0.24664637091784902,0.2952,logit-frac,0.04928471333809763,0.10839674412767142
logistic,-1.8,0.6,1,0.279007484117579,0.3084,Comp_prob,0.21873129675509986,0.058545530920086186
logistic,-1.8,0.6,1,0.279007484117579,0.3084,NRC,0.05393957234614515,0.15441117674993743
logistic,-1.8,0.6,1,0.279007484117579,0.3084,decileZ(Comp),0.1915840282358135,0.1915840282358135
logistic,-1.8,0.6,1,0.279007484117579,0.3084,decileZ(NRC),0.30041202508477655,0.3004120250847765
logistic,-1.8,0.6,1,0.279007484117579,0.3084,logit-frac,0.08222795541882578,0.16121481537504845
logistic,-1.8,0.6,2,0.24558790499781666,0.3068,Comp_prob,0.057670678609058966,0.012649617096799536
logistic,-1.8,0.6,2,0.24558790499781666,0.3068,NRC,0.10347554306604403,0.31463496817806524
logistic,-1.8,0.6,2,0.24558790499781666,0.3068,decileZ(Comp),0.06755153074730845,0.06755153074730845
logistic,-1.8,0.6,2,0.24558790499781666,0.3068,decileZ(NRC),0.32593767780931104,0.32593767780931104
logistic,-1.8,0.6,2,0.24558790499781666,0.3068,logit-frac,0.047730823098102976,0.09658162989165564
logistic,-1.8,0.6,3,0.26450165267088205,0.2812,Comp_prob,0.045205368177377935,0.01121599455497406
logistic,-1.8,0.6,3,0.26450165267088205,0.2812,NRC,0.09683228983298217,0.23216956575425496
logistic,-1.8,0.6,3,0.26450165267088205,0.2812,decileZ(Comp),0.03475300176741111,0.03475300176741111
logistic,-1.8,0.6,3,0.26450165267088205,0.2812,decileZ(NRC),0.2726271640721255,0.2726271640721255
logistic,-1.8,0.6,3,0.26450165267088205,0.2812,logit-frac,0.0973493565102279,0.1981802978845062
logistic,-1.8,0.6,4,0.25202702237125374,0.3056,Comp_prob,0.19526672056520086,0.04709556907753695
logistic,-1.8,0.6,4,0.25202702237125374,0.3056,NRC,0.09353468667178624,0.2220654664774514
logistic,-1.8,0.6,4,0.25202702237125374,0.3056,decileZ(Comp),0.1361122299259604,0.1361122299259604
logistic,-1.8,0.6,4,0.25202702237125374,0.3056,decileZ(NRC),0.40662170357668154,0.40662170357668154
logistic,-1.8,0.6,4,0.25202702237125374,0.3056,logit-frac,0.11723499841849905,0.21341505568559171
logistic,-1.8,0.6,5,0.27434645683882725,0.2916,Comp_prob,0.23741144859805202,0.06157273210254867
logistic,-1.8,0.6,5,0.27434645683882725,0.2916,NRC,0.06225871675519807,0.18494094235530412
logistic,-1.8,0.6,5,0.27434645683882725,0.2916,decileZ(Comp),0.18906390697114017,0.18906390697114017
logistic,-1.8,0.6,5,0.27434645683882725,0.2916,decileZ(NRC),0.27465851934286917,0.27465851934286917
logistic,-1.8,0.6,5,0.27434645683882725,0.2916,logit-frac,0.09388265919315616,0.22166470453912035
logistic,-1.8,0.6,6,0.2686613279574327,0.3148,Comp_prob,0.23387529627745443,0.0596470874497166
logistic,-1.8,0.6,6,0.2686613279574327,0.3148,NRC,0.05996569958860226,0.1364621530738741
logistic,-1.8,0.6,6,0.2686613279574327,0.3148,decileZ(Comp),0.19067950771642425,0.19067950771642425
logistic,-1.8,0.6,6,0.2686613279574327,0.3148,decileZ(NRC),0.22306605791882367,0.22306605791882367
logistic,-1.8,0.6,6,0.2686613279574327,0.3148,logit-frac,0.05800827081980436,0.11353859788231702
logistic,-1.8,0.6,7,0.25904738383316334,0.2928,Comp_prob,0.2313857623526612,0.055550576175855716
logistic,-1.8,0.6,7,0.25904738383316334,0.2928,NRC,0.11887455858249077,0.2851401549616226
logistic,-1.8,0.6,7,0.25904738383316334,0.2928,decileZ(Comp),0.23214253395556148,0.23214253395556148
logistic,-1.8,0.6,7,0.25904738383316334,0.2928,decileZ(NRC),0.34858991373741566,0.34858991373741566
logistic,-1.8,0.6,7,0.25904738383316334,0.2928,logit-frac,0.15628007196234403,0.2739719076827921
logistic,-1.8,0.6,8,0.29750433029410794,0.2888,Comp_prob,0.19049446000331716,0.05708855758073732
logistic,-1.8,0.6,8,0.29750433029410794,0.2888,NRC,0.022412688450973755,0.05552260227642458
logistic,-1.8,0.6,8,0.29750433029410794,0.2888,decileZ(Comp),0.20913868892363258,0.20913868892363258
logistic,-1.8,0.6,8,0.29750433029410794,0.2888,decileZ(NRC),0.2236218207220467,0.2236218207220467
logistic,-1.8,0.6,8,0.29750433029410794,0.2888,logit-frac,0.054387291372060144,0.12525115154038247
logistic,-1.8,0.6,9,0.2819898253260888,0.2876,Comp_prob,0.21245637036511558,0.05670904659782726
logistic,-1.8,0.6,9,0.2819898253260888,0.2876,NRC,0.13148437482940378,0.28527263805591363
logistic,-1.8,0.6,9,0.2819898253260888,0.2876,decileZ(Comp),0.24254787366560288,0.24254787366560288
logistic,-1.8,0.6,9,0.2819898253260888,0.2876,decileZ(NRC),0.31721437506854644,0.31721437506854644
logistic,-1.8,0.6,9,0.2819898253260888,0.2876,logit-frac,0.19654041424430846,0.37298621941966736
logistic,-1.8,0.6,10,0.3141753294731395,0.2992,Comp_prob,0.18707063860836076,0.0587406592896253
logistic,-1.8,0.6,10,0.3141753294731395,0.2992,NRC,0.18650999394398568,0.475266043586251
logistic,-1.8,0.6,10,0.3141753294731395,0.2992,decileZ(Comp),0.1959692326051089,0.1959692326051089
logistic,-1.8,0.6,10,0.3141753294731395,0.2992,decileZ(NRC),0.38014507268480996,0.38014507268480996
logistic,-1.8,0.6,10,0.3141753294731395,0.2992,logit-frac,0.21763697506967528,0.44151097323843236
logistic,-1.8,0.6,11,0.29208110388667524,0.2928,Comp_prob,0.09778201476373721,0.028063933489685236
logistic,-1.8,0.6,11,0.29208110388667524,0.2928,NRC,0.21709010562837974,0.5836527556556069
logistic,-1.8,0.6,11,0.29208110388667524,0.2928,decileZ(Comp),0.13845097917605856,0.13845097917605856
logistic,-1.8,0.6,11,0.29208110388667524,0.2928,decileZ(NRC),0.44537348908356855,0.44537348908356855
logistic,-1.8,0.6,11,0.29208110388667524,0.2928,logit-frac,0.25866381103006675,0.5670808541610615
logistic,-1.8,0.8,0,0.30029859100456696,0.3932,Comp_prob,0.3045148679053407,0.08665869397870829
logistic,-1.8,0.8,0,0.30029859100456696,0.3932,NRC,0.1767441994726319,0.467154843353952
logistic,-1.8,0.8,0,0.30029859100456696,0.3932,decileZ(Comp),0.3152817509005721,0.3152817509005721
logistic,-1.8,0.8,0,0.30029859100456696,0.3932,decileZ(NRC),0.4495135361995478,0.4495135361995478
logistic,-1.8,0.8,0,0.30029859100456696,0.3932,logit-frac,0.16479255705906226,0.4288238385068008
logistic,-1.8,0.8,1,0.23185816284437188,0.3804,Comp_prob,0.14612220575261992,0.02935863100226705
logistic,-1.8,0.8,1,0.23185816284437188,0.3804,NRC,0.12799231825757848,0.34956246391989504
logistic,-1.8,0.8,1,0.23185816284437188,0.3804,decileZ(Comp),0.05200470421576621,0.05200470421576621
logistic,-1.8,0.8,1,0.23185816284437188,0.3804,decileZ(NRC),0.4361937149059462,0.4361937149059462
logistic,-1.8,0.8,1,0.23185816284437188,0.3804,logit-frac,0.08839088607557208,0.21247502858050682
logistic,-1.8,0.8,2,0.29705963398448915,0.4004,Comp_prob,0.252820191887905,0.07028330325741242
logistic,-1.8,0.8,2,0.29705963398448915,0.4004,NRC,0.0800965993740034,0.2924808832434967
logistic,-1.8,0.8,2,0.29705963398448915,0.4004,decileZ(Comp),0.2539128277078274,0.2539128277078274
logistic,-1.8,0.8,2,0.29705963398448915,0.4004,decileZ(NRC),0.36389992797632253,0.36389992797632253
logistic,-1.8,0.8,2,0.29705963398448915,0.4004,logit-frac,0.18752409465834013,0.4398063232478786
logistic,-1.8,0.8,3,0.23264671323032535,0.4016,Comp_prob,0.24117974467238334,0.04635207271964471
logistic,-1.8,0.8,3,0.23264671323032535,0.4016,NRC,0.19456523940446047,0.4125569431219396
logistic,-1.8,0.8,3,0.23264671323032535,0.4016,decileZ(Comp),0.17044311393463113,0.17044311393463113
logistic,-1.8,0.8,3,0.23264671323032535,0.4016,decileZ(NRC),0.5258767010162854,0.5258767010162854
logistic,-1.8,0.8,3,0.23264671323032535,0.4016,logit-frac,0.2473645565813169,0.46342265138546274
logistic,-1.8,0.8,4,0.22199319321508307,0.404,Comp_prob,0.19996362106401808,0.037712565380470325
logistic,-1.8,0.8,4,0.22199319321508307,0.404,NRC,0.19700245021613896,0.4185450781665678
logistic,-1.8,0.8,4,0.22199319321508307,0.404,decileZ(Comp),0.10075869341819887,0.10075869341819887
logistic,-1.8,0.8,4,0.22199319321508307,0.404,decileZ(NRC),0.47901636510976087,0.47901636510976087
logistic,-1.8,0.8,4,0.22199319321508307,0.404,logit-frac,0.2031248814946142,0.3808645572039663
logistic,-1.8,0.8,5,0.2609891180776007,0.4116,Comp_prob,0.29419870919979274,0.07261472801935512
logistic,-1.8,0.8,5,0.2609891180776007,0.4116,NRC,0.19048718047093455,0.5577406088259
logistic,-1.8,0.8,5,0.2609891180776007,0.4116,decileZ(Comp),0.2622133068688748,0.2622133068688748
logistic,-1.8,0.8,5,0.2609891180776007,0.4116,decileZ(NRC),0.47965251267802383,0.47965251267802383
logistic,-1.8,0.8,5,0.2609891180776007,0.4116,logit-frac,0.20677528836797646,0.4791050001787869
logistic,-1.8,0.8,6,0.25304156794978444,0.3812,Comp_prob,0.18251638259499137,0.04232506828191237
logistic,-1.8,0.8,6,0.25304156794978444,0.3812,NRC,0.13726288406797507,0.3697605434240865
logistic,-1.8,0.8,6,0.25304156794978444,0.3812,decileZ(Comp),0.11789783609649088,0.11789783609649088
logistic,-1.8,0.8,6,0.25304156794978444,0.3812,decileZ(NRC),0.48338521954590496,0.48338521954590496
logistic,-1.8,0.8,6,0.25304156794978444,0.3812,logit-frac,0.15895426470990257,0.3539909757348986
logistic,-1.8,0.8,7,0.3094496271081727,0.3836,Comp_prob,0.15602747096112016,0.04486487753643052
logistic,-1.8,0.8,7,0.3094496271081727,0.3836,NRC,0.0952968129723461,0.3474384861079428
logistic,-1.8,0.8,7,0.3094496271081727,0.3836,decileZ(Comp),0.1550876695798725,0.1550876695798725
logistic,-1.8,0.8,7,0.3094496271081727,0.3836,decileZ(NRC),0.33702124288984403,0.33702124288984403
logistic,-1.8,0.8,7,0.3094496271081727,0.3836,logit-frac,0.19631975088990525,0.4236144992422509
logistic,-1.8,0.8,8,0.2420360805885908,0.3956,Comp_prob,0.21223300373620876,0.045028093913840106
logistic,-1.8,0.8,8,0.2420360805885908,0.3956,NRC,0.17926748789489258,0.3611308802459612
logistic,-1.8,0.8,8,0.2420360805885908,0.3956,decileZ(Comp),0.14709754269091163,0.14709754269091163
logistic,-1.8,0.8,8,0.2420360805885908,0.3956,decileZ(NRC),0.49521420317552023,0.49521420317552023
logistic,-1.8,0.8,8,0.2420360805885908,0.3956,logit-frac,0.23839167116061216,0.39584308017751757
logistic,-1.8,0.8,9,0.29633216953855424,0.3892,Comp_prob,0.23512416469871336,0.06649757650104761
logistic,-1.8,0.8,9,0.29633216953855424,0.3892,NRC,0.2489660408524894,0.6305824183463915
logistic,-1.8,0.8,9,0.29633216953855424,0.3892,decileZ(Comp),0.29461789866560534,0.29461789866560534
logistic,-1.8,0.8,9,0.29633216953855424,0.3892,decileZ(NRC),0.5285994615293744,0.5285994615293744
logistic,-1.8,0.8,9,0.29633216953855424,0.3892,logit-frac,0.2601407128700183,0.5429679715371056
logistic,-1.8,0.8,10,0.2922475329366739,0.402,Comp_prob,0.15780611791332028,0.04353681452744468
logistic,-1.8,0.8,10,0.2922475329366739,0.402,NRC,0.03316858193515312,0.10946640091325943
logistic,-1.8,0.8,10,0.2922475329366739,0.402,decileZ(Comp),0.17574630420438697,0.17574630420438697
logistic,-1.8,0.8,10,0.2922475329366739,0.402,decileZ(NRC),0.37551347042536143,0.37551347042536143
logistic,-1.8,0.8,10,0.2922475329366739,0.402,logit-frac,0.0652791999429875,0.17813672150875104
logistic,-1.8,0.8,11,0.26423812559103327,0.4092,Comp_prob,0.22223812796282563,0.05243026510559127
logistic,-1.8,0.8,11,0.26423812559103327,0.4092,NRC,0.10329511496481471,0.27829213518621654
logistic,-1.8,0.8,11,0.26423812559103327,0.4092,decileZ(Comp),0.131257038964111,0.131257038964111
logistic,-1.8,0.8,11,0.26423812559103327,0.4092,decileZ(NRC),0.3560898999314724,0.3560898999314724
logistic,-1.8,0.8,11,0.26423812559103327,0.4092,logit-frac,0.1243978301148707,0.2817948010633116
logistic,-1.8,1.0,0,0.2869971084739305,0.51,Comp_prob,0.31777967395068546,0.0823389576201985
logistic,-1.8,1.0,0,0.2869971084739305,0.51,NRC,0.13829093716984386,0.5307041522865132
logistic,-1.8,1.0,0,0.2869971084739305,0.51,decileZ(Comp),0.3287672923020708,0.3287672923020708
logistic,-1.8,1.0,0,0.2869971084739305,0.51,decileZ(NRC),0.49325836616355684,0.49325836616355684
logistic,-1.8,1.0,0,0.2869971084739305,0.51,logit-frac,0.1580762739405658,0.4560469302571573
logistic,-1.8,1.0,1,0.28814659637811973,0.4936,Comp_prob,0.3028316570424791,0.07788488576553443
logistic,-1.8,1.0,1,0.28814659637811973,0.4936,NRC,0.14137979031107248,0.437802956786191
logistic,-1.8,1.0,1,0.28814659637811973,0.4936,decileZ(Comp),0.31696346427363176,0.31696346427363176
logistic,-1.8,1.0,1,0.28814659637811973,0.4936,decileZ(NRC),0.5456332223033435,0.5456332223033435
logistic,-1.8,1.0,1,0.28814659637811973,0.4936,logit-frac,0.2144062400514194,0.5251693402626385
logistic,-1.8,1.0,2,0.24629534284033652,0.4992,Comp_prob,0.24688913180423114,0.05067709678168078
logistic,-1.8,1.0,2,0.24629534284033652,0.4992,NRC,0.14578564434172697,0.38684205024412405
logistic,-1.8,1.0,2,0.24629534284033652,0.4992,decileZ(Comp),0.18355432080876494,0.18355432080876494
logistic,-1.8,1.0,2,0.24629534284033652,0.4992,decileZ(NRC),0.4751611574036636,0.4751611574036636
logistic,-1.8,1.0,2,0.24629534284033652,0.4992,logit-frac,0.14199179261652847,0.3199658023992938
logistic,-1.8,1.0,3,0.2635314392213948,0.4944,Comp_prob,0.22754465809563248,0.05251754915859553
logistic,-1.8,1.0,3,0.2635314392213948,0.4944,NRC,0.2489083696282849,0.5823370733757463
logistic,-1.8,1.0,3,0.2635314392213948,0.4944,decileZ(Comp),0.19930280160626138,0.19930280160626138
logistic,-1.8,1.0,3,0.2635314392213948,0.4944,decileZ(NRC),0.6291589444458174,0.6291589444458174
logistic,-1.8,1.0,3,0.2635314392213948,0.4944,logit-frac,0.2890127073348605,0.5548548506434996
logistic,-1.8,1.0,4,0.25760640181321903,0.4904,Comp_prob,0.15096974065202357,0.03337625072062101
logistic,-1.8,1.0,4,0.25760640181321903,0.4904,NRC,0.20936718633653548,0.5084749537351163
logistic,-1.8,1.0,4,0.25760640181321903,0.4904,decileZ(Comp),0.16130370711296413,0.16130370711296413
logistic,-1.8,1.0,4,0.25760640181321903,0.4904,decileZ(NRC),0.5242976299941077,0.5242976299941077
logistic,-1.8,1.0,4,0.25760640181321903,0.4904,logit-frac,0.22171291453502517,0.4507304016585734
logistic,-1.8,1.0,5,0.2658205114172244,0.488,Comp_prob,0.19960299956213878,0.04821194997146999
logistic,-1.8,1.0,5,0.2658205114172244,0.488,NRC,0.07659599935981817,0.2764194957352698
logistic,-1.8,1.0,5,0.2658205114172244,0.488,decileZ(Comp),0.13229986147829467,0.13229986147829467
logistic,-1.8,1.0,5,0.2658205114172244,0.488,decileZ(NRC),0.49572131435194233,0.49572131435194233
logistic,-1.8,1.0,5,0.2658205114172244,0.488,logit-frac,0.13532112974066773,0.30592171640408083
logistic,-1.8,1.0,6,0.2923059832733323,0.5136,Comp_prob,0.34105603123693223,0.08900818418349431
logistic,-1.8,1.0,6,0.2923059832733323,0.5136,NRC,0.21226349167399552,0.5617136240325753
logistic,-1.8,1.0,6,0.2923059832733323,0.5136,decileZ(Comp),0.30212102068567115,0.30212102068567115
logistic,-1.8,1.0,6,0.2923059832733323,0.5136,decileZ(NRC),0.5222837348179334,0.5222837348179334
logistic,-1.8,1.0,6,0.2923059832733323,0.5136,logit-frac,0.23452483450966202,0.5036001503007242
logistic,-1.8,1.0,7,0.28216825450846855,0.504,Comp_prob,0.1833614680735391,0.04736172360423029
logistic,-1.8,1.0,7,0.28216825450846855,0.504,NRC,0.20481859454344326,0.6459523222732102
logistic,-1.8,1.0,7,0.28216825450846855,0.504,decileZ(Comp),0.12568912426853696,0.12568912426853696
logistic,-1.8,1.0,7,0.28216825450846855,0.504,decileZ(NRC),0.5417105946872253,0.5417105946872253
logistic,-1.8,1.0,7,0.28216825450846855,0.504,logit-frac,0.24044856108895665,0.5552612453130132
logistic,-1.8,1.0,8,0.26046812930076785,0.508,Comp_prob,0.312029390676537,0.07037529961579422
logistic,-1.8,1.0,8,0.26046812930076785,0.508,NRC,0.2610629603087512,0.7482903600008526
logistic,-1.8,1.0,8,0.26046812930076785,0.508,decileZ(Comp),0.2586938529320444,0.2586938529320444
logistic,-1.8,1.0,8,0.26046812930076785,0.508,decileZ(NRC),0.5991311912484016,0.5991311912484016
logistic,-1.8,1.0,8,0.26046812930076785,0.508,logit-frac,0.3361792011857412,0.8521835093199412
logistic,-1.8,1.0,9,0.25499139919188135,0.4988,Comp_prob,0.19976995214909668,0.04670409721424149
logistic,-1.8,1.0,9,0.25499139919188135,0.4988,NRC,0.22911597853592555,0.495006742632734
logistic,-1.8,1.0,9,0.25499139919188135,0.4988,decileZ(Comp),0.18567673742782984,0.18567673742782984
logistic,-1.8,1.0,9,0.25499139919188135,0.4988,decileZ(NRC),0.606820237346936,0.606820237346936
logistic,-1.8,1.0,9,0.25499139919188135,0.4988,logit-frac,0.26088436915298147,0.4607888560283905
logistic,-1.8,1.0,10,0.25581749892867417,0.4928,Comp_prob,0.22624002213506644,0.05218001612681722
logistic,-1.8,1.0,10,0.25581749892867417,0.4928,NRC,0.16276120888835766,0.4440915306748958
logistic,-1.8,1.0,10,0.25581749892867417,0.4928,decileZ(Comp),0.2195213954073213,0.2195213954073213
logistic,-1.8,1.0,10,0.25581749892867417,0.4928,decileZ(NRC),0.47569094912401866,0.47569094912401866
logistic,-1.8,1.0,10,0.25581749892867417,0.4928,logit-frac,0.1548483289447743,0.31657792524811873
logistic,-1.8,1.0,11,0.3181032652095284,0.5064,Comp_prob,0.28703781410807877,0.08134204734474876
logistic,-1.8,1.0,11,0.3181032652095284,0.5064,NRC,0.1488902289409048,0.5226937915939596
logistic,-1.8,1.0,11,0.3181032652095284,0.5064,decileZ(Comp),0.25048248072251256,0.25048248072251256
logistic,-1.8,1.0,11,0.3181032652095284,0.5064,decileZ(NRC),0.409428040371981,0.409428040371981
logistic,-1.8,1.0,11,0.3181032652095284,0.5064,logit-frac,0.1894659082951667,0.5403152416525415
nonlinear,-3.6,0.0,0,0.11677877361032146,0.0,Comp_prob,0.03848602486811462,0.006743597151508383
nonlinear,-3.6,0.0,0,0.11677877361032146,0.0,NRC,0.009669541050330214,0.0648832937576942
nonlinear,-3.6,0.0,0,0.11677877361032146,0.0,decileZ(Comp),0.0131826552024049,0.0131826552024049
nonlinear,-3.6,0.0,0,0.11677877361032146,0.0,decileZ(NRC),0.009941651643553304,0.009941651643553304
nonlinear,-3.6,0.0,0,0.11677877361032146,0.0,logit-frac,0.017577458813091307,0.07064717863907005
nonlinear,-3.6,0.0,1,0.19187341757449097,0.0,Comp_prob,0.09116791114040941,0.023669621508055176
nonlinear,-3.6,0.0,1,0.19187341757449097,0.0,NRC,-0.058539709152574136,-0.4275340394015914
nonlinear,-3.6,0.0,1,0.19187341757449097,0.0,decileZ(Comp),0.09258422396604257,0.09258422396604257
nonlinear,-3.6,0.0,1,0.19187341757449097,0.0,decileZ(NRC),-0.03483472888235286,-0.03483472888235286
nonlinear,-3.6,0.0,1,0.19187341757449097,0.0,logit-frac,-0.022449818191805505,-0.11191324060873808
nonlinear,-3.6,0.0,2,0.1693118708397964,0.0,Comp_prob,-0.07275990622569252,-0.01722729237896794
nonlinear,-3.6,0.0,2,0.1693118708397964,0.0,NRC,0.022306154659679254,0.1390158324166858
nonlinear,-3.6,0.0,2,0.1693118708397964,0.0,decileZ(Comp),-0.02814161289737657,-0.02814161289737657
nonlinear,-3.6,0.0,2,0.1693118708397964,0.0,decileZ(NRC),-0.11936889962221493,-0.11936889962221493
nonlinear,-3.6,0.0,2,0.1693118708397964,0.0,logit-frac,0.07696321217484371,0.32153119432971744
nonlinear,-3.6,0.0,3,0.14130610947878353,0.0,Comp_prob,-0.0020499245202392187,-0.00039246026237835935
nonlinear,-3.6,0.0,3,0.14130610947878353,0.0,NRC,-0.008406648950176138,-0.0362543042697101
nonlinear,-3.6,0.0,3,0.14130610947878353,0.0,decileZ(Comp),-0.002358576497517008,-0.002358576497517008
nonlinear,-3.6,0.0,3,0.14130610947878353,0.0,decileZ(NRC),-0.061963911389726185,-0.061963911389726185
nonlinear,-3.6,0.0,3,0.14130610947878353,0.0,logit-frac,-0.10232015035758547,-0.4037972658222634
nonlinear,-3.6,0.0,4,0.04665328379899689,0.0,Comp_prob,-0.056901886919487187,-0.0028967491751823162
nonlinear,-3.6,0.0,4,0.04665328379899689,0.0,NRC,-0.06533377196272636,-0.16074866073199257
nonlinear,-3.6,0.0,4,0.04665328379899689,0.0,decileZ(Comp),-0.1294637552738656,-0.1294637552738656
nonlinear,-3.6,0.0,4,0.04665328379899689,0.0,decileZ(NRC),-0.0992693716450967,-0.0992693716450967
nonlinear,-3.6,0.0,4,0.04665328379899689,0.0,logit-frac,0.02359291656854805,0.07648480148625181
nonlinear,-3.6,0.0,5,0.1016827668990328,0.0,Comp_prob,-0.024023190082724764,-0.003470941839306123
nonlinear,-3.6,0.0,5,0.1016827668990328,0.0,NRC,0.0003589970737159486,0.0014045314866747427
nonlinear,-3.6,0.0,5,0.1016827668990328,0.0,decileZ(Comp),-0.07527244414958316,-0.07527244414958316
nonlinear,-3.6,0.0,5,0.1016827668990328,0.0,decileZ(NRC),0.03936497815774452,0.03936497815774452
nonlinear,-3.6,0.0,5,0.1016827668990328,0.0,logit-frac,-0.0901207583830231,-0.3299788257352784
nonlinear,-3.6,0.0,6,0.11411660721479784,0.0,Comp_prob,-0.005951028948062692,-0.0010665696871527512
nonlinear,-3.6,0.0,6,0.11411660721479784,0.0,NRC,0.061633402109204365,0.29225537739783003
nonlinear,-3.6,0.0,6,0.11411660721479784,0.0,decileZ(Comp),-0.0035780133413335774,-0.0035780133413335774
nonlinear,-3.6,0.0,6,0.11411660721479784,0.0,decileZ(NRC),0.05093926837015468,0.05093926837015468
nonlinear,-3.6,0.0,6,0.11411660721479784,0.0,logit-frac,0.02272807821056124,0.09416775014846535
nonlinear,-3.6,0.0,7,0.06494020777370745,0.0,Comp_prob,0.018477642106725613,0.0016661612394746842
nonlinear,-3.6,0.0,7,0.06494020777370745,0.0,NRC,-0.0645217857440845,-0.17385923425293703
nonlinear,-3.6,0.0,7,0.06494020777370745,0.0,decileZ(Comp),-0.055946657938197364,-0.055946657938197364
nonlinear,-3.6,0.0,7,0.06494020777370745,0.0,decileZ(NRC),-0.049023509005104104,-0.049023509005104104
nonlinear,-3.6,0.0,7,0.06494020777370745,0.0,logit-frac,0.00856115699504952,0.029390669099957245
nonlinear,-3.6,0.0,8,0.14497960919536398,0.0,Comp_prob,0.05485657079708999,0.012067794810161549
nonlinear,-3.6,0.0,8,0.14497960919536398,0.0,NRC,0.09692495847705844,0.6818910742040809
nonlinear,-3.6,0.0,8,0.14497960919536398,0.0,decileZ(Comp),0.007086250232096572,0.007086250232096572
nonlinear,-3.6,0.0,8,0.14497960919536398,0.0,decileZ(NRC),0.07386003029711,0.07386003029711
nonlinear,-3.6,0.0,8,0.14497960919536398,0.0,logit-frac,0.007761775616473203,0.031301713126322794
nonlinear,-3.6,0.0,9,0.13475180298200864,0.0,Comp_prob,0.08851507970692624,0.01758635258405926
nonlinear,-3.6,0.0,9,0.13475180298200864,0.0,NRC,0.008073053348090031,0.0539020928505326
nonlinear,-3.6,0.0,9,0.13475180298200864,0.0,decileZ(Comp),0.07019623497746855,0.07019623497746855
nonlinear,-3.6,0.0,9,0.13475180298200864,0.0,decileZ(NRC),0.029746809427715744,0.029746809427715744
nonlinear,-3.6,0.0,9,0.13475180298200864,0.0,logit-frac,-0.037889168669777734,-0.16961010663057863
nonlinear,-3.6,0.0,10,0.12463695426697752,0.0,Comp_prob,0.07390056508099907,0.014400735944457378
nonlinear,-3.6,0.0,10,0.12463695426697752,0.0,NRC,0.052842275648480964,0.2805386942331637
nonlinear,-3.6,0.0,10,0.12463695426697752,0.0,decileZ(Comp),-0.004117757519694912,-0.004117757519694912
nonlinear,-3.6,0.0,10,0.12463695426697752,0.0,decileZ(NRC),0.09453125685535346,0.09453125685535346
nonlinear,-3.6,0.0,10,0.12463695426697752,0.0,logit-frac,-0.021606397455085313,-0.06914244553681437
nonlinear,-3.6,0.0,11,0.15189432036210032,0.0,Comp_prob,-0.03449842772964736,-0.008170502685079913
nonlinear,-3.6,0.0,11,0.15189432036210032,0.0,NRC,-0.012979275563790582,-0.10007414300300432
nonlinear,-3.6,0.0,11,0.15189432036210032,0.0,decileZ(Comp),-0.05214596152956101,-0.05214596152956101
nonlinear,-3.6,0.0,11,0.15189432036210032,0.0,decileZ(NRC),-0.020087045417249236,-0.020087045417249236
nonlinear,-3.6,0.0,11,0.15189432036210032,0.0,logit-frac,0.03929026225047167,0.17477791050422053
nonlinear,-3.6,0.2,0,0.14742162351260582,0.1,Comp_prob,0.03423086733929307,0.007594498387531651
nonlinear,-3.6,0.2,0,0.14742162351260582,0.1,NRC,0.05699799179708777,0.36484292812567876
nonlinear,-3.6,0.2,0,0.14742162351260582,0.1,decileZ(Comp),0.04961294385520544,0.04961294385520544
nonlinear,-3.6,0.2,0,0.14742162351260582,0.1,decileZ(NRC),0.020982899260321305,0.020982899260321305
nonlinear,-3.6,0.2,0,0.14742162351260582,0.1,logit-frac,0.037041925215369156,0.14096929386868273
nonlinear,-3.6,0.2,1,0.10172369441398044,0.0996,Comp_prob,0.016727035906290634,0.00236869041969685
nonlinear,-3.6,0.2,1,0.10172369441398044,0.0996,NRC,0.10096826355639682,0.3971935701340582
nonlinear,-3.6,0.2,1,0.10172369441398044,0.0996,decileZ(Comp),-0.06062885967476224,-0.06062885967476224
nonlinear,-3.6,0.2,1,0.10172369441398044,0.0996,decileZ(NRC),0.13159511491825776,0.13159511491825776
nonlinear,-3.6,0.2,1,0.10172369441398044,0.0996,logit-frac,0.004159020786588386,0.014838219291024135
nonlinear,-3.6,0.2,2,0.10731778647431281,0.1016,Comp_prob,0.006146010823546635,0.0009261824590008835
nonlinear,-3.6,0.2,2,0.10731778647431281,0.1016,NRC,0.02992680366945986,0.1329533919563693
nonlinear,-3.6,0.2,2,0.10731778647431281,0.1016,decileZ(Comp),-0.012993447687835195,-0.012993447687835195
nonlinear,-3.6,0.2,2,0.10731778647431281,0.1016,decileZ(NRC),0.031298168100932285,0.031298168100932285
nonlinear,-3.6,0.2,2,0.10731778647431281,0.1016,logit-frac,-0.013798353301476777,-0.04917381367208712
nonlinear,-3.6,0.2,3,0.08427509040483076,0.1052,Comp_prob,-0.01308210803916765,-0.0017279570521314645
nonlinear,-3.6,0.2,3,0.08427509040483076,0.1052,NRC,-0.01465666088831725,-0.05916302117629668
nonlinear,-3.6,0.2,3,0.08427509040483076,0.1052,decileZ(Comp),0.017361180424927455,0.017361180424927455
nonlinear,-3.6,0.2,3,0.08427509040483076,0.1052,decileZ(NRC),-0.03725903016534115,-0.03725903016534115
nonlinear,-3.6,0.2,3,0.08427509040483076,0.1052,logit-frac,0.026596891000551473,0.08807710002233682
nonlinear,-3.6,0.2,4,0.12769045767690984,0.1092,Comp_prob,-0.02832904970040383,-0.005376309886862211
nonlinear,-3.6,0.2,4,0.12769045767690984,0.1092,NRC,-0.0120030365549733,-0.06829386391719072
nonlinear,-3.6,0.2,4,0.12769045767690984,0.1092,decileZ(Comp),-0.09197986467002978,-0.09197986467002978
nonlinear,-3.6,0.2,4,0.12769045767690984,0.1092,decileZ(NRC),0.018242664376885168,0.018242664376885168
nonlinear,-3.6,0.2,4,0.12769045767690984,0.1092,logit-frac,-0.0005353028925709879,-0.0022655353502527564
nonlinear,-3.6,0.2,5,0.10510582000574191,0.1092,Comp_prob,0.034409335436774886,0.005254878558525623
nonlinear,-3.6,0.2,5,0.10510582000574191,0.1092,NRC,0.0344890798221505,0.13387985285719606
nonlinear,-3.6,0.2,5,0.10510582000574191,0.1092,decileZ(Comp),0.008486672332203536,0.008486672332203536
nonlinear,-3.6,0.2,5,0.10510582000574191,0.1092,decileZ(NRC),0.0026952344545893197,0.0026952344545893197
nonlinear,-3.6,0.2,5,0.10510582000574191,0.1092,logit-frac,-0.06351003571698353,-0.21948867917590698
nonlinear,-3.6,0.2,6,0.18726614728448004,0.0984,Comp_prob,0.10621146897878818,0.028055529149060843
nonlinear,-3.6,0.2,6,0.18726614728448004,0.0984,NRC,0.08029977753242024,0.5924218593715849
nonlinear,-3.6,0.2,6,0.18726614728448004,0.0984,decileZ(Comp),0.07180853909634158,0.07180853909634158
nonlinear,-3.6,0.2,6,0.18726614728448004,0.0984,decileZ(NRC),0.048325700907051516,0.048325700907051516
nonlinear,-3.6,0.2,6,0.18726614728448004,0.0984,logit-frac,-0.05641609709651194,-0.27013886819215394
nonlinear,-3.6,0.2,7,0.13645354471187085,0.0992,Comp_prob,-0.031058919270585014,-0.0063196328539245755
nonlinear,-3.6,0.2,7,0.13645354471187085,0.0992,NRC,-0.02148989151167777,-0.11890016101116085
nonlinear,-3.6,0.2,7,0.13645354471187085,0.0992,decileZ(Comp),0.010295134064763498,0.010295134064763498
nonlinear,-3.6,0.2,7,0.13645354471187085,0.0992,decileZ(NRC),-0.03863871429965231,-0.03863871429965231
nonlinear,-3.6,0.2,7,0.13645354471187085,0.0992,logit-frac,-0.019933393392494374,-0.07401085231416449
nonlinear,-3.6,0.2,8,0.09207825746844517,0.0972,Comp_prob,-0.07086078886475441,-0.009581217481341619
nonlinear,-3.6,0.2,8,0.09207825746844517,0.0972,NRC,0.03606153977332111,0.1501820929973281
nonlinear,-3.6,0.2,8,0.09207825746844517,0.0972,decileZ(Comp),-0.10433798427887755,-0.10433798427887755
nonlinear,-3.6,0.2,8,0.09207825746844517,0.0972,decileZ(NRC),-0.012405347603394979,-0.012405347603394979
nonlinear,-3.6,0.2,8,0.09207825746844517,0.0972,logit-frac,-0.02244449537224596,-0.09291992926222115
nonlinear,-3.6,0.2,9,0.1144175160088875,0.1076,Comp_prob,0.10940617001028097,0.0188827077222639
nonlinear,-3.6,0.2,9,0.1144175160088875,0.1076,NRC,0.07262816273189493,0.42212520102237594
nonlinear,-3.6,0.2,9,0.1144175160088875,0.1076,decileZ(Comp),0.05268507240137112,0.05268507240137112
nonlinear,-3.6,0.2,9,0.1144175160088875,0.1076,decileZ(NRC),0.09106183117682388,0.09106183117682388
nonlinear,-3.6,0.2,9,0.1144175160088875,0.1076,logit-frac,0.0664024643074666,0.25578018967619703
nonlinear,-3.6,0.2,10,0.13016902913709258,0.1056,Comp_prob,0.06802729167611345,0.012786044356253287
nonlinear,-3.6,0.2,10,0.13016902913709258,0.1056,NRC,0.12121724387260407,0.5576898221263088
nonlinear,-3.6,0.2,10,0.13016902913709258,0.1056,decileZ(Comp),-0.0013741962795770606,-0.0013741962795770606
nonlinear,-3.6,0.2,10,0.13016902913709258,0.1056,decileZ(NRC),0.13127865265346994,0.13127865265346994
nonlinear,-3.6,0.2,10,0.13016902913709258,0.1056,logit-frac,0.058782346873723766,0.23618119389773795
nonlinear,-3.6,0.2,11,0.16381467626165128,0.0964,Comp_prob,0.09269797967472547,0.022309216644471663
nonlinear,-3.6,0.2,11,0.16381467626165128,0.0964,NRC,0.023139385035441447,0.19581262993525828
nonlinear,-3.6,0.2,11,0.16381467626165128,0.0964,decileZ(Comp),0.021593560423831648,0.021593560423831648
nonlinear,-3.6,0.2,11,0.16381467626165128,0.0964,decileZ(NRC),0.10724047371749287,0.10724047371749287
nonlinear,-3.6,0.2,11,0.16381467626165128,0.0964,logit-frac,-0.029457172140845197,-0.1373093756727074
nonlinear,-3.6,0.4,0,0.19374760214810735,0.2076,Comp_prob,0.04901500613233835,0.012527483446105561
nonlinear,-3.6,0.4,0,0.19374760214810735,0.2076,NRC,0.00564304682888021,0.038055600487885366
nonlinear,-3.6,0.4,0,0.19374760214810735,0.2076,decileZ(Comp),0.06436915275404871,0.06436915275404871
nonlinear,-3.6,0.4,0,0.19374760214810735,0.2076,decileZ(NRC),0.010757709734939572,0.010757709734939572
nonlinear,-3.6,0.4,0,0.19374760214810735,0.2076,logit-frac,-0.02419855305158918,-0.10350691482020263
nonlinear,-3.6,0.4,1,0.1787562130019959,0.2032,Comp_prob,0.10008979380657926,0.02592098637252684
nonlinear,-3.6,0.4,1,0.1787562130019959,0.2032,NRC,0.03127851054112382,0.2996056301158556
nonlinear,-3.6,0.4,1,0.1787562130019959,0.2032,decileZ(Comp),0.06387524223719766,0.06387524223719766
nonlinear,-3.6,0.4,1,0.1787562130019959,0.2032,decileZ(NRC),0.10252619603853719,0.10252619603853719
nonlinear,-3.6,0.4,1,0.1787562130019959,0.2032,logit-frac,0.003257911406329988,0.014739810611232418
nonlinear,-3.6,0.4,2,0.11669599819089187,0.2116,Comp_prob,0.020488420845895663,0.0037648021035724885
nonlinear,-3.6,0.4,2,0.11669599819089187,0.2116,NRC,-0.0018190164581854478,-0.009285808265152906
nonlinear,-3.6,0.4,2,0.11669599819089187,0.2116,decileZ(Comp),-0.015346848189292297,-0.015346848189292297
nonlinear,-3.6,0.4,2,0.11669599819089187,0.2116,decileZ(NRC),0.04061985964661708,0.04061985964661708
nonlinear,-3.6,0.4,2,0.11669599819089187,0.2116,logit-frac,-0.029740536576153376,-0.08975012692673678
nonlinear,-3.6,0.4,3,0.11913943276727341,0.2188,Comp_prob,-0.009191475435486264,-0.0016706753411961407
nonlinear,-3.6,0.4,3,0.11913943276727341,0.2188,NRC,0.04065590531994671,0.24998052501786427
nonlinear,-3.6,0.4,3,0.11913943276727341,0.2188,decileZ(Comp),-0.058227141439086985,-0.058227141439086985
nonlinear,-3.6,0.4,3,0.11913943276727341,0.2188,decileZ(NRC),0.12676028004651688,0.12676028004651688
nonlinear,-3.6,0.4,3,0.11913943276727341,0.2188,logit-frac,0.02209216062741111,0.08786238028081172
nonlinear,-3.6,0.4,4,0.13448165936888587,0.2004,Comp_prob,0.06961421387139656,0.014180443596698011
nonlinear,-3.6,0.4,4,0.13448165936888587,0.2004,NRC,0.10115205146964223,0.7087134961812869
nonlinear,-3.6,0.4,4,0.13448165936888587,0.2004,decileZ(Comp),0.004177850901795938,0.004177850901795938
nonlinear,-3.6,0.4,4,0.13448165936888587,0.2004,decileZ(NRC),0.20518143454783738,0.20518143454783738
nonlinear,-3.6,0.4,4,0.13448165936888587,0.2004,logit-frac,0.10891384630025089,0.37686991052689234
nonlinear,-3.6,0.4,5,0.14791796185416325,0.2012,Comp_prob,0.054337226782714944,0.01178235642199247
nonlinear,-3.6,0.4,5,0.14791796185416325,0.2012,NRC,0.0608687953537112,0.34842137601639656
nonlinear,-3.6,0.4,5,0.14791796185416325,0.2012,decileZ(Comp),0.0816262184958976,0.0816262184958976
nonlinear,-3.6,0.4,5,0.14791796185416325,0.2012,decileZ(NRC),0.047515307762606415,0.047515307762606415
nonlinear,-3.6,0.4,5,0.14791796185416325,0.2012,logit-frac,-0.07572079133307089,-0.341036260226929
nonlinear,-3.6,0.4,6,0.09383181971980813,0.2012,Comp_prob,0.01592559265227801,0.0018876677861074595
nonlinear,-3.6,0.4,6,0.09383181971980813,0.2012,NRC,0.014210315921418318,0.05152806320307746
nonlinear,-3.6,0.4,6,0.09383181971980813,0.2012,decileZ(Comp),0.001192273099624136,0.001192273099624136
nonlinear,-3.6,0.4,6,0.09383181971980813,0.2012,decileZ(NRC),0.0778322512018519,0.0778322512018519
nonlinear,-3.6,0.4,6,0.09383181971980813,0.2012,logit-frac,-0.021479750638231293,-0.07996637968038234
nonlinear,-3.6,0.4,7,0.20206058458393436,0.19,Comp_prob,0.10213844250242114,0.027074852075103108
nonlinear,-3.6,0.4,7,0.20206058458393436,0.19,NRC,-0.027368726020373272,-0.22464190004970552
nonlinear,-3.6,0.4,7,0.20206058458393436,0.19,decileZ(Comp),0.11467304822083557,0.11467304822083557
nonlinear,-3.6,0.4,7,0.20206058458393436,0.19,decileZ(NRC),-0.003937830292705502,-0.003937830292705502
nonlinear,-3.6,0.4,7,0.20206058458393436,0.19,logit-frac,-0.09588733238790924,-0.4806015922500104
nonlinear,-3.6,0.4,8,0.09300587233876491,0.1956,Comp_prob,0.10756610330501351,0.014080464126332612
nonlinear,-3.6,0.4,8,0.09300587233876491,0.1956,NRC,0.027235608571248994,0.09984187880358186
nonlinear,-3.6,0.4,8,0.09300587233876491,0.1956,decileZ(Comp),0.046806349842995164,0.046806349842995164
nonlinear,-3.6,0.4,8,0.09300587233876491,0.1956,decileZ(NRC),0.13640104438724746,0.13640104438724746
nonlinear,-3.6,0.4,8,0.09300587233876491,0.1956,logit-frac,0.03773616191993349,0.11699913152684427
nonlinear,-3.6,0.4,9,0.06960433936406524,0.2104,Comp_prob,0.056587868494990486,0.005712474330240112
nonlinear,-3.6,0.4,9,0.06960433936406524,0.2104,NRC,0.11789363801259115,0.3732238018264111
nonlinear,-3.6,0.4,9,0.06960433936406524,0.2104,decileZ(Comp),-0.022589958132258205,-0.022589958132258205
nonlinear,-3.6,0.4,9,0.06960433936406524,0.2104,decileZ(NRC),0.1955725160145623,0.1955725160145623
nonlinear,-3.6,0.4,9,0.06960433936406524,0.2104,logit-frac,0.04032980145278119,0.11871336738220317
nonlinear,-3.6,0.4,10,0.11321347319866158,0.2036,Comp_prob,0.13101973866518823,0.021240718663712455
nonlinear,-3.6,0.4,10,0.11321347319866158,0.2036,NRC,0.08549375582655244,0.4618965892162268
nonlinear,-3.6,0.4,10,0.11321347319866158,0.2036,decileZ(Comp),0.1085128948219876,0.1085128948219876
nonlinear,-3.6,0.4,10,0.11321347319866158,0.2036,decileZ(NRC),0.12294143022475731,0.12294143022475731
nonlinear,-3.6,0.4,10,0.11321347319866158,0.2036,logit-frac,0.009201882303938265,0.039887832204240414
nonlinear,-3.6,0.4,11,0.09837120541459093,0.192,Comp_prob,0.022819239689130733,0.003234086325566852
nonlinear,-3.6,0.4,11,0.09837120541459093,0.192,NRC,0.05033562861051662,0.20875977386331585
nonlinear,-3.6,0.4,11,0.09837120541459093,0.192,decileZ(Comp),0.035309588457774335,0.035309588457774335
nonlinear,-3.6,0.4,11,0.09837120541459093,0.192,decileZ(NRC),0.09241624095816361,0.09241624095816361
nonlinear,-3.6,0.4,11,0.09837120541459093,0.192,logit-frac,0.12145175549133318,0.3731839772091429
nonlinear,-3.6,0.6,0,0.09413186456255909,0.2908,Comp_prob,0.07297048052085663,0.00964343212445083
nonlinear,-3.6,0.6,0,0.09413186456255909,0.2908,NRC,-0.10830913968874091,-0.5067799953973171
nonlinear,-3.6,0.6,0,0.09413186456255909,0.2908,decileZ(Comp),-0.021718441224722038,-0.021718441224722038
nonlinear,-3.6,0.6,0,0.09413186456255909,0.2908,decileZ(NRC),0.07697021360854298,0.07697021360854298
nonlinear,-3.6,0.6,0,0.09413186456255909,0.2908,logit-frac,-0.09955152975884,-0.3284893278566209
nonlinear,-3.6,0.6,1,0.1086102095331604,0.308,Comp_prob,0.04679227902678174,0.007587292665536739
nonlinear,-3.6,0.6,1,0.1086102095331604,0.308,NRC,0.16114247500683043,0.7068591216214495
nonlinear,-3.6,0.6,1,0.1086102095331604,0.308,decileZ(Comp),-0.027618970636183807,-0.027618970636183807
nonlinear,-3.6,0.6,1,0.1086102095331604,0.308,decileZ(NRC),0.2087630831169096,0.2087630831169096
nonlinear,-3.6,0.6,1,0.1086102095331604,0.308,logit-frac,0.03150895514264051,0.12667563902842038
nonlinear,-3.6,0.6,2,0.13414560870315953,0.3076,Comp_prob,0.1642129544629523,0.02937005361366412
nonlinear,-3.6,0.6,2,0.13414560870315953,0.3076,NRC,-0.00740845717014612,-0.042423137245544695
nonlinear,-3.6,0.6,2,0.13414560870315953,0.3076,decileZ(Comp),0.1395337423869498,0.1395337423869498
nonlinear,-3.6,0.6,2,0.13414560870315953,0.3076,decileZ(NRC),0.048165532215703744,0.048165532215703744
nonlinear,-3.6,0.6,2,0.13414560870315953,0.3076,logit-frac,-0.0682127864919089,-0.22255184444980325
nonlinear,-3.6,0.6,3,0.17242770433288004,0.2852,Comp_prob,0.0401088988582608,0.009113151341498878
nonlinear,-3.6,0.6,3,0.17242770433288004,0.2852,NRC,-0.05948056258369133,-0.43601159572811554
nonlinear,-3.6,0.6,3,0.17242770433288004,0.2852,decileZ(Comp),0.06092075076668543,0.06092075076668543
nonlinear,-3.6,0.6,3,0.17242770433288004,0.2852,decileZ(NRC),4.266718159840269e-05,4.266718159840269e-05
nonlinear,-3.6,0.6,3,0.17242770433288004,0.2852,logit-frac,0.029795310960710614,0.129836001690959
nonlinear,-3.6,0.6,4,0.17627636644286307,0.3064,Comp_prob,0.03841685058046637,0.008971087886586925
nonlinear,-3.6,0.6,4,0.17627636644286307,0.3064,NRC,0.029068778694537334,0.1777141157972103
nonlinear,-3.6,0.6,4,0.17627636644286307,0.3064,decileZ(Comp),0.005548889986718271,0.005548889986718271
nonlinear,-3.6,0.6,4,0.17627636644286307,0.3064,decileZ(NRC),0.11863598001809389,0.11863598001809389
nonlinear,-3.6,0.6,4,0.17627636644286307,0.3064,logit-frac,0.022856109324354654,0.10568390899736241
nonlinear,-3.6,0.6,5,0.10077062304304485,0.29,Comp_prob,0.001760151640854849,0.0002768808176346685
nonlinear,-3.6,0.6,5,0.10077062304304485,0.29,NRC,0.07023304493590003,0.3473576014126038
nonlinear,-3.6,0.6,5,0.10077062304304485,0.29,decileZ(Comp),-0.013654333258366841,-0.013654333258366841
nonlinear,-3.6,0.6,5,0.10077062304304485,0.29,decileZ(NRC),0.034240564938314816,0.034240564938314816
nonlinear,-3.6,0.6,5,0.10077062304304485,0.29,logit-frac,0.03945840097652774,0.14258673553077908
nonlinear,-3.6,0.6,6,0.0953937520368301,0.3152,Comp_prob,0.17554749676242926,0.02598781781115094
nonlinear,-3.6,0.6,6,0.0953937520368301,0.3152,NRC,0.07608448020776068,0.362428515421006
nonlinear,-3.6,0.6,6,0.0953937520368301,0.3152,decileZ(Comp),0.14961347049830953,0.14961347049830953
nonlinear,-3.6,0.6,6,0.0953937520368301,0.3152,decileZ(NRC),0.1659798821823389,0.1659798821823389
nonlinear,-3.6,0.6,6,0.0953937520368301,0.3152,logit-frac,0.027599468742869095,0.12332489873351143
nonlinear,-3.6,0.6,7,0.12649260563220174,0.288,Comp_prob,0.06555510336522705,0.011928403860294545
nonlinear,-3.6,0.6,7,0.12649260563220174,0.288,NRC,-0.017217836752008206,-0.09865971926767314
nonlinear,-3.6,0.6,7,0.12649260563220174,0.288,decileZ(Comp),0.07998292700869963,0.07998292700869963
nonlinear,-3.6,0.6,7,0.12649260563220174,0.288,decileZ(NRC),0.046845509111977,0.046845509111977
nonlinear,-3.6,0.6,7,0.12649260563220174,0.288,logit-frac,0.012669220263594301,0.05353137163815602
nonlinear,-3.6,0.6,8,0.09171737685118313,0.2908,Comp_prob,0.11421007842812661,0.015540585529744237
nonlinear,-3.6,0.6,8,0.09171737685118313,0.2908,NRC,0.07166651295538651,0.277820738525005
nonlinear,-3.6,0.6,8,0.09171737685118313,0.2908,decileZ(Comp),0.11463305084015474,0.11463305084015474
nonlinear,-3.6,0.6,8,0.09171737685118313,0.2908,decileZ(NRC),0.0514710281418902,0.0514710281418902
nonlinear,-3.6,0.6,8,0.09171737685118313,0.2908,logit-frac,0.034377138360735394,0.1106663956166572
nonlinear,-3.6,0.6,9,0.12337965520720787,0.2908,Comp_prob,0.06870805196200948,0.012171128817267063
nonlinear,-3.6,0.6,9,0.12337965520720787,0.2908,NRC,0.034852497992760086,0.20848131213214316
nonlinear,-3.6,0.6,9,0.12337965520720787,0.2908,decileZ(Comp),0.044565010259095636,0.044565010259095636
nonlinear,-3.6,0.6,9,0.12337965520720787,0.2908,decileZ(NRC),0.08699975594947813,0.08699975594947813
nonlinear,-3.6,0.6,9,0.12337965520720787,0.2908,logit-frac,0.017115594361465498,0.06366462172142351
nonlinear,-3.6,0.6,10,0.1371678707091564,0.298,Comp_prob,0.046246424334756696,0.009306937138797818
nonlinear,-3.6,0.6,10,0.1371678707091564,0.298,NRC,0.014252148141658908,0.07110240046860328
nonlinear,-3.6,0.6,10,0.1371678707091564,0.298,decileZ(Comp),-0.03164643006266531,-0.03164643006266531
nonlinear,-3.6,0.6,10,0.1371678707091564,0.298,decileZ(NRC),0.10075835582737423,0.10075835582737423
nonlinear,-3.6,0.6,10,0.1371678707091564,0.298,logit-frac,-0.009782725603575184,-0.04165707101191374
nonlinear,-3.6,0.6,11,0.1671597539402045,0.294,Comp_prob,0.0934663228615223,0.02159871361021566
nonlinear,-3.6,0.6,11,0.1671597539402045,0.294,NRC,0.037115874317701074,0.2611610610652959
nonlinear,-3.6,0.6,11,0.1671597539402045,0.294,decileZ(Comp),0.06088533855252791,0.06088533855252791
nonlinear,-3.6,0.6,11,0.1671597539402045,0.294,decileZ(NRC),0.07831853717853489,0.07831853717853489
nonlinear,-3.6,0.6,11,0.1671597539402045,0.294,logit-frac,0.10227212213435202,0.5271855946766868
nonlinear,-3.6,0.8,0,0.10831553633248402,0.3952,Comp_prob,0.18008735293373299,0.02758543393857011
nonlinear,-3.6,0.8,0,0.10831553633248402,0.3952,NRC,0.19078914864835994,0.9902456533735908
nonlinear,-3.6,0.8,0,0.10831553633248402,0.3952,decileZ(Comp),0.07332629174913638,0.07332629174913638
nonlinear,-3.6,0.8,0,0.10831553633248402,0.3952,decileZ(NRC),0.30535175675938653,0.30535175675938653
nonlinear,-3.6,0.8,0,0.10831553633248402,0.3952,logit-frac,0.14892919460998874,0.5534652287310499
nonlinear,-3.6,0.8,1,0.13014203782542194,0.3784,Comp_prob,0.10537767657511499,0.01966306466823213
nonlinear,-3.6,0.8,1,0.13014203782542194,0.3784,NRC,-0.07070796167848488,-0.47249888908794535
nonlinear,-3.6,0.8,1,0.13014203782542194,0.3784,decileZ(Comp),0.09814447046451426,0.09814447046451426
nonlinear,-3.6,0.8,1,0.13014203782542194,0.3784,decileZ(NRC),0.04280803140390879,0.04280803140390879
nonlinear,-3.6,0.8,1,0.13014203782542194,0.3784,logit-frac,0.00011331299584306078,0.0004722490479018293
nonlinear,-3.6,0.8,2,0.1686788987388864,0.3984,Comp_prob,0.05354359834568601,0.012857530963857701
nonlinear,-3.6,0.8,2,0.1686788987388864,0.3984,NRC,0.053872692507934895,0.4306864113768164
nonlinear,-3.6,0.8,2,0.1686788987388864,0.3984,decileZ(Comp),0.02851927512821562,0.02851927512821562
nonlinear,-3.6,0.8,2,0.1686788987388864,0.3984,decileZ(NRC),0.1507347935338143,0.1507347935338143
nonlinear,-3.6,0.8,2,0.1686788987388864,0.3984,logit-frac,0.06626640174805458,0.28798775009975014
nonlinear,-3.6,0.8,3,0.16273190424014428,0.4024,Comp_prob,0.1872832230196877,0.042873505103467345
nonlinear,-3.6,0.8,3,0.16273190424014428,0.4024,NRC,-0.048038247202236845,-0.32895939175096
nonlinear,-3.6,0.8,3,0.16273190424014428,0.4024,decileZ(Comp),0.09237846239038774,0.09237846239038774
nonlinear,-3.6,0.8,3,0.16273190424014428,0.4024,decileZ(NRC),0.10098045416737868,0.10098045416737868
nonlinear,-3.6,0.8,3,0.16273190424014428,0.4024,logit-frac,-0.02519200047808584,-0.11618131512615248
nonlinear,-3.6,0.8,4,0.11251938645523175,0.4076,Comp_prob,0.08254196081962795,0.013726129639403844
nonlinear,-3.6,0.8,4,0.11251938645523175,0.4076,NRC,-0.014180063670423067,-0.08603740602693771
nonlinear,-3.6,0.8,4,0.11251938645523175,0.4076,decileZ(Comp),0.107139491851933,0.107139491851933
nonlinear,-3.6,0.8,4,0.11251938645523175,0.4076,decileZ(NRC),0.039576126551874036,0.039576126551874036
nonlinear,-3.6,0.8,4,0.11251938645523175,0.4076,logit-frac,0.055159776357240634,0.1985551868549144
nonlinear,-3.6,0.8,5,0.1447475909807291,0.414,Comp_prob,0.0712398962258684,0.014289081051595695
nonlinear,-3.6,0.8,5,0.1447475909807291,0.414,NRC,0.0779147278443946,0.45705911789888165
nonlinear,-3.6,0.8,5,0.1447475909807291,0.414,decileZ(Comp),0.041091244403427894,0.041091244403427894
nonlinear,-3.6,0.8,5,0.1447475909807291,0.414,decileZ(NRC),0.10248141086034418,0.10248141086034418
nonlinear,-3.6,0.8,5,0.1447475909807291,0.414,logit-frac,-0.001396043476535449,-0.004927545516095644
nonlinear,-3.6,0.8,6,0.1998255824579335,0.3816,Comp_prob,0.14595797625080634,0.03889878931422399
nonlinear,-3.6,0.8,6,0.1998255824579335,0.3816,NRC,0.07704601023066024,0.5848360682377725
nonlinear,-3.6,0.8,6,0.1998255824579335,0.3816,decileZ(Comp),0.118710980160735,0.118710980160735
nonlinear,-3.6,0.8,6,0.1998255824579335,0.3816,decileZ(NRC),0.10451887827444656,0.10451887827444656
nonlinear,-3.6,0.8,6,0.1998255824579335,0.3816,logit-frac,0.048203762570120996,0.2848426215656469
nonlinear,-3.6,0.8,7,0.13594049886722284,0.3868,Comp_prob,0.038064477449439964,0.007374054836807906
nonlinear,-3.6,0.8,7,0.13594049886722284,0.3868,NRC,0.08175436523987638,0.5242407439972352
nonlinear,-3.6,0.8,7,0.13594049886722284,0.3868,decileZ(Comp),-0.05029510372488806,-0.05029510372488806
nonlinear,-3.6,0.8,7,0.13594049886722284,0.3868,decileZ(NRC),0.2278599580783407,0.2278599580783407
nonlinear,-3.6,0.8,7,0.13594049886722284,0.3868,logit-frac,0.10663224258638805,0.45092475603491405
nonlinear,-3.6,0.8,8,0.0744270836152214,0.3976,Comp_prob,0.10930984720058398,0.010830377597689279
nonlinear,-3.6,0.8,8,0.0744270836152214,0.3976,NRC,0.02395376896195118,0.08165231197782546
nonlinear,-3.6,0.8,8,0.0744270836152214,0.3976,decileZ(Comp),0.05994543664131328,0.05994543664131328
nonlinear,-3.6,0.8,8,0.0744270836152214,0.3976,decileZ(NRC),0.16694322937364758,0.16694322937364758
nonlinear,-3.6,0.8,8,0.0744270836152214,0.3976,logit-frac,0.07629910058509475,0.2417612790657095
nonlinear,-3.6,0.8,9,0.12754540807536138,0.3876,Comp_prob,0.10527654707304368,0.01914493746825139
nonlinear,-3.6,0.8,9,0.12754540807536138,0.3876,NRC,0.10239663978194599,0.5395133564209774
nonlinear,-3.6,0.8,9,0.12754540807536138,0.3876,decileZ(Comp),-0.03268469840023736,-0.03268469840023736
nonlinear,-3.6,0.8,9,0.12754540807536138,0.3876,decileZ(NRC),0.18013384672499114,0.18013384672499114
nonlinear,-3.6,0.8,9,0.12754540807536138,0.3876,logit-frac,0.01282139351126228,0.05324847206829603
nonlinear,-3.6,0.8,10,0.10156743967276007,0.4044,Comp_prob,0.09521719022010647,0.014353403923984924
nonlinear,-3.6,0.8,10,0.10156743967276007,0.4044,NRC,0.1087355156302808,0.5517293131581585
nonlinear,-3.6,0.8,10,0.10156743967276007,0.4044,decileZ(Comp),-0.03507231243104293,-0.03507231243104293
nonlinear,-3.6,0.8,10,0.10156743967276007,0.4044,decileZ(NRC),0.1929950939220313,0.1929950939220313
nonlinear,-3.6,0.8,10,0.10156743967276007,0.4044,logit-frac,-0.039281716593480925,-0.13950796020431921
nonlinear,-3.6,0.8,11,0.09503150920308247,0.404,Comp_prob,0.12600669575526877,0.01780556651778447
nonlinear,-3.6,0.8,11,0.09503150920308247,0.404,NRC,0.15974478449255197,0.6297718288026412
nonlinear,-3.6,0.8,11,0.09503150920308247,0.404,decileZ(Comp),0.0252025902133141,0.0252025902133141
nonlinear,-3.6,0.8,11,0.09503150920308247,0.404,decileZ(NRC),0.1819902294136226,0.1819902294136226
nonlinear,-3.6,0.8,11,0.09503150920308247,0.404,logit-frac,0.15769901155201765,0.6337478006044874
nonlinear,-3.6,1.0,0,0.05750602948479079,0.5004,Comp_prob,0.048758244589286154,0.0037944280144688223
nonlinear,-3.6,1.0,0,0.05750602948479079,0.5004,NRC,0.11389553752655313,0.34751714829879266
nonlinear,-3.6,1.0,0,0.05750602948479079,0.5004,decileZ(Comp),-0.1014224232330335,-0.1014224232330335
nonlinear,-3.6,1.0,0,0.05750602948479079,0.5004,decileZ(NRC),0.1893387715426208,0.1893387715426208
nonlinear,-3.6,1.0,0,0.05750602948479079,0.5004,logit-frac,0.18152966647338112,0.5935372058070131
nonlinear,-3.6,1.0,1,0.1356063774534839,0.4952,Comp_prob,0.2566289285163609,0.047599197256450676
nonlinear,-3.6,1.0,1,0.1356063774534839,0.4952,NRC,0.0774901423193522,0.4673350809269634
nonlinear,-3.6,1.0,1,0.1356063774534839,0.4952,decileZ(Comp),0.18556857769861293,0.18556857769861293
nonlinear,-3.6,1.0,1,0.1356063774534839,0.4952,decileZ(NRC),0.21649094251591883,0.21649094251591883
nonlinear,-3.6,1.0,1,0.1356063774534839,0.4952,logit-frac,0.13803139740731277,0.4906855409805526
nonlinear,-3.6,1.0,2,0.10063736772191743,0.4992,Comp_prob,0.1952849124193585,0.026726280749311885
nonlinear,-3.6,1.0,2,0.10063736772191743,0.4992,NRC,0.20777085466390371,0.7362092052352287
nonlinear,-3.6,1.0,2,0.10063736772191743,0.4992,decileZ(Comp),0.0015855655277390883,0.0015855655277390883
nonlinear,-3.6,1.0,2,0.10063736772191743,0.4992,decileZ(NRC),0.3753996960027627,0.3753996960027627
nonlinear,-3.6,1.0,2,0.10063736772191743,0.4992,logit-frac,0.04162614403179052,0.12862859179632014
nonlinear,-3.6,1.0,3,0.14520714878182234,0.4972,Comp_prob,0.13848052484946072,0.027490663237700854
nonlinear,-3.6,1.0,3,0.14520714878182234,0.4972,NRC,0.07787544201382833,0.44906447046463516
nonlinear,-3.6,1.0,3,0.14520714878182234,0.4972,decileZ(Comp),0.12792181463408736,0.12792181463408736
nonlinear,-3.6,1.0,3,0.14520714878182234,0.4972,decileZ(NRC),0.1557330812452703,0.1557330812452703
nonlinear,-3.6,1.0,3,0.14520714878182234,0.4972,logit-frac,0.07467242596704642,0.3272217322652283
nonlinear,-3.6,1.0,4,0.12379104727995584,0.4872,Comp_prob,0.13055255701401944,0.021084003726604808
nonlinear,-3.6,1.0,4,0.12379104727995584,0.4872,NRC,0.06292561218189952,0.20863541947719222
nonlinear,-3.6,1.0,4,0.12379104727995584,0.4872,decileZ(Comp),-0.01958381948329093,-0.01958381948329093
nonlinear,-3.6,1.0,4,0.12379104727995584,0.4872,decileZ(NRC),0.20722560138889756,0.20722560138889756
nonlinear,-3.6,1.0,4,0.12379104727995584,0.4872,logit-frac,0.12584785232661272,0.39729671572317804
nonlinear,-3.6,1.0,5,0.12559476362925556,0.4916,Comp_prob,0.06138872264962956,0.01152525281632611
nonlinear,-3.6,1.0,5,0.12559476362925556,0.4916,NRC,0.18552279283145093,0.9491181077108003
nonlinear,-3.6,1.0,5,0.12559476362925556,0.4916,decileZ(Comp),-0.01919997971297301,-0.01919997971297301
nonlinear,-3.6,1.0,5,0.12559476362925556,0.4916,decileZ(NRC),0.22057276867108822,0.22057276867108822
nonlinear,-3.6,1.0,5,0.12559476362925556,0.4916,logit-frac,0.22980380505345588,0.8800904522925477
nonlinear,-3.6,1.0,6,0.12834283322846737,0.51,Comp_prob,0.08535451562390053,0.015831819398792118
nonlinear,-3.6,1.0,6,0.12834283322846737,0.51,NRC,0.04379885738560369,0.21322472440513496
nonlinear,-3.6,1.0,6,0.12834283322846737,0.51,decileZ(Comp),0.06156654184146822,0.06156654184146822
nonlinear,-3.6,1.0,6,0.12834283322846737,0.51,decileZ(NRC),0.14191240777541125,0.14191240777541125
nonlinear,-3.6,1.0,6,0.12834283322846737,0.51,logit-frac,0.016287773881779172,0.07791411053380759
nonlinear,-3.6,1.0,7,0.08461626278245551,0.5052,Comp_prob,0.2161684359865934,0.02437956730989491
nonlinear,-3.6,1.0,7,0.08461626278245551,0.5052,NRC,0.15996236702495994,0.5578099914608955
nonlinear,-3.6,1.0,7,0.08461626278245551,0.5052,decileZ(Comp),0.0946372327056368,0.0946372327056368
nonlinear,-3.6,1.0,7,0.08461626278245551,0.5052,decileZ(NRC),0.3263284825938673,0.3263284825938673
nonlinear,-3.6,1.0,7,0.08461626278245551,0.5052,logit-frac,0.17499747697631451,0.5583966932354267
nonlinear,-3.6,1.0,8,0.14867959175742304,0.504,Comp_prob,0.11640359184939034,0.023402145801216002
nonlinear,-3.6,1.0,8,0.14867959175742304,0.504,NRC,-0.020549414151814296,-0.13078474927186362
nonlinear,-3.6,1.0,8,0.14867959175742304,0.504,decileZ(Comp),0.06115684424524763,0.06115684424524763
nonlinear,-3.6,1.0,8,0.14867959175742304,0.504,decileZ(NRC),0.13807626097377568,0.13807626097377568
nonlinear,-3.6,1.0,8,0.14867959175742304,0.504,logit-frac,-0.046103881219089114,-0.16519513197840263
nonlinear,-3.6,1.0,9,0.12822015136552128,0.4952,Comp_prob,0.13168074410496455,0.023567392989703156
nonlinear,-3.6,1.0,9,0.12822015136552128,0.4952,NRC,0.13319921072298668,0.643932697695388
nonlinear,-3.6,1.0,9,0.12822015136552128,0.4952,decileZ(Comp),0.05821640522150898,0.05821640522150898
nonlinear,-3.6,1.0,9,0.12822015136552128,0.4952,decileZ(NRC),0.239457216880251,0.239457216880251
nonlinear,-3.6,1.0,9,0.12822015136552128,0.4952,logit-frac,0.060246748594807845,0.21932909843014253
nonlinear,-3.6,1.0,10,0.06921943019305031,0.4912,Comp_prob,0.05501150867449749,0.005076173763098444
nonlinear,-3.6,1.0,10,0.06921943019305031,0.4912,NRC,0.11686450528513227,0.4387950532141608
nonlinear,-3.6,1.0,10,0.06921943019305031,0.4912,decileZ(Comp),0.022402540308124073,0.022402540308124073
nonlinear,-3.6,1.0,10,0.06921943019305031,0.4912,decileZ(NRC),0.20617239308095742,0.20617239308095742
nonlinear,-3.6,1.0,10,0.06921943019305031,0.4912,logit-frac,0.1223290014598585,0.4182297141512994
nonlinear,-3.6,1.0,11,0.14125684493563462,0.512,Comp_prob,0.12424824720602369,0.022838739801401744
nonlinear,-3.6,1.0,11,0.14125684493563462,0.512,NRC,-0.07523374320687772,-0.5102836758747247
nonlinear,-3.6,1.0,11,0.14125684493563462,0.512,decileZ(Comp),0.06841599529460679,0.06841599529460679
nonlinear,-3.6,1.0,11,0.14125684493563462,0.512,decileZ(NRC),0.061721983312217975,0.061721983312217975
nonlinear,-3.6,1.0,11,0.14125684493563462,0.512,logit-frac,0.027566979554795517,0.11019197889811558
nonlinear,-2.6,0.0,0,0.1964570294399866,0.0,Comp_prob,0.01663110835434052,0.003890033151069422
nonlinear,-2.6,0.0,0,0.1964570294399866,0.0,NRC,-0.017588973695755718,-0.11012560219555023
nonlinear,-2.6,0.0,0,0.1964570294399866,0.0,decileZ(Comp),0.02618308976942228,0.02618308976942228
nonlinear,-2.6,0.0,0,0.1964570294399866,0.0,decileZ(NRC),-0.0065739574775429445,-0.0065739574775429445
nonlinear,-2.6,0.0,0,0.1964570294399866,0.0,logit-frac,0.017577458813091404,0.07064717863907044
nonlinear,-2.6,0.0,1,0.26692490892110826,0.0,Comp_prob,0.0874776512987814,0.026254400932525485
nonlinear,-2.6,0.0,1,0.26692490892110826,0.0,NRC,-0.023103926187204468,-0.153342190770569
nonlinear,-2.6,0.0,1,0.26692490892110826,0.0,decileZ(Comp),0.09719839298947935,0.09719839298947935
nonlinear,-2.6,0.0,1,0.26692490892110826,0.0,decileZ(NRC),-0.03980519246221472,-0.03980519246221472
nonlinear,-2.6,0.0,1,0.26692490892110826,0.0,logit-frac,-0.02244981819180553,-0.1119132406087382
nonlinear,-2.6,0.0,2,0.2466864796643566,0.0,Comp_prob,-0.07738143757769214,-0.021549010956049927
nonlinear,-2.6,0.0,2,0.2466864796643566,0.0,NRC,0.04289190901842157,0.24887163338817492
nonlinear,-2.6,0.0,2,0.2466864796643566,0.0,decileZ(Comp),-0.023593299589805695,-0.023593299589805695
nonlinear,-2.6,0.0,2,0.2466864796643566,0.0,decileZ(NRC),-0.045785528771818754,-0.045785528771818754
nonlinear,-2.6,0.0,2,0.2466864796643566,0.0,logit-frac,0.07696321217484373,0.3215311943297175
nonlinear,-2.6,0.0,3,0.2243640270819227,0.0,Comp_prob,0.013585013696996016,0.0032852225066919358
nonlinear,-2.6,0.0,3,0.2243640270819227,0.0,NRC,-0.06128325438847835,-0.3077406045728485
nonlinear,-2.6,0.0,3,0.2243640270819227,0.0,decileZ(Comp),0.025508359971383412,0.025508359971383412
nonlinear,-2.6,0.0,3,0.2243640270819227,0.0,decileZ(NRC),-0.07856428879950225,-0.07856428879950225
nonlinear,-2.6,0.0,3,0.2243640270819227,0.0,logit-frac,-0.10232015035758549,-0.40379726582226344
nonlinear,-2.6,0.0,4,0.10763604170690105,0.0,Comp_prob,-0.059661277786210845,-0.005841543665737348
nonlinear,-2.6,0.0,4,0.10763604170690105,0.0,NRC,0.025616280887473083,0.08398860131641112
nonlinear,-2.6,0.0,4,0.10763604170690105,0.0,decileZ(Comp),-0.12778790975117865,-0.12778790975117865
nonlinear,-2.6,0.0,4,0.10763604170690105,0.0,decileZ(NRC),-0.03722021961486073,-0.03722021961486073
nonlinear,-2.6,0.0,4,0.10763604170690105,0.0,logit-frac,0.02359291656854798,0.07648480148625159
nonlinear,-2.6,0.0,5,0.18257708492889466,0.0,Comp_prob,-0.014890051943601025,-0.0030930879046636856
nonlinear,-2.6,0.0,5,0.18257708492889466,0.0,NRC,0.053161943042401856,0.24653292615049371
nonlinear,-2.6,0.0,5,0.18257708492889466,0.0,decileZ(Comp),-0.0338193051504021,-0.0338193051504021
nonlinear,-2.6,0.0,5,0.18257708492889466,0.0,decileZ(NRC),0.061299835643504746,0.061299835643504746
nonlinear,-2.6,0.0,5,0.18257708492889466,0.0,logit-frac,-0.09012075838302307,-0.32997882573527837
nonlinear,-2.6,0.0,6,0.19172693835138058,0.0,Comp_prob,-0.03056909067662149,-0.0072991658793715095
nonlinear,-2.6,0.0,6,0.19172693835138058,0.0,NRC,0.09815777052214586,0.5080750046114224
nonlinear,-2.6,0.0,6,0.19172693835138058,0.0,decileZ(Comp),-0.02046520274636472,-0.02046520274636472
nonlinear,-2.6,0.0,6,0.19172693835138058,0.0,decileZ(NRC),0.04520261044965479,0.04520261044965479
nonlinear,-2.6,0.0,6,0.19172693835138058,0.0,logit-frac,0.02272807821056124,0.09416775014846535
nonlinear,-2.6,0.0,7,0.13499167089154518,0.0,Comp_prob,0.032630162862652724,0.005007171782118434
nonlinear,-2.6,0.0,7,0.13499167089154518,0.0,NRC,-0.028987896796731732,-0.1020222546029309
nonlinear,-2.6,0.0,7,0.13499167089154518,0.0,decileZ(Comp),-0.045320193458352004,-0.045320193458352004
nonlinear,-2.6,0.0,7,0.13499167089154518,0.0,decileZ(NRC),-0.018475778598193947,-0.018475778598193947
nonlinear,-2.6,0.0,7,0.13499167089154518,0.0,logit-frac,0.008561156995049593,0.029390669099957467
nonlinear,-2.6,0.0,8,0.22323269081846456,0.0,Comp_prob,0.05471063154422014,0.014710648271087035
nonlinear,-2.6,0.0,8,0.22323269081846456,0.0,NRC,0.033855920126933815,0.21357816547636554
nonlinear,-2.6,0.0,8,0.22323269081846456,0.0,decileZ(Comp),0.004166928429659961,0.004166928429659961
nonlinear,-2.6,0.0,8,0.22323269081846456,0.0,decileZ(NRC),0.05875861697362733,0.05875861697362733
nonlinear,-2.6,0.0,8,0.22323269081846456,0.0,logit-frac,0.0077617756164730664,0.03130171312632224
nonlinear,-2.6,0.0,9,0.21631586253058305,0.0,Comp_prob,0.10653936431064215,0.026955990108459477
nonlinear,-2.6,0.0,9,0.21631586253058305,0.0,NRC,-0.05042679222675778,-0.3050477759573808
nonlinear,-2.6,0.0,9,0.21631586253058305,0.0,decileZ(Comp),0.0734076180280496,0.0734076180280496
nonlinear,-2.6,0.0,9,0.21631586253058305,0.0,decileZ(NRC),0.00031757534914689245,0.00031757534914689245
nonlinear,-2.6,0.0,9,0.21631586253058305,0.0,logit-frac,-0.037889168669777804,-0.1696101066305789
nonlinear,-2.6,0.0,10,0.20211093957720186,0.0,Comp_prob,0.07323762256619805,0.018147315379472617
nonlinear,-2.6,0.0,10,0.20211093957720186,0.0,NRC,-0.03606427630376537,-0.21022999475165471
nonlinear,-2.6,0.0,10,0.20211093957720186,0.0,decileZ(Comp),0.015058928995260788,0.015058928995260788
nonlinear,-2.6,0.0,10,0.20211093957720186,0.0,decileZ(NRC),0.011359545412478396,0.011359545412478396
nonlinear,-2.6,0.0,10,0.20211093957720186,0.0,logit-frac,-0.021606397455085233,-0.06914244553681409
nonlinear,-2.6,0.0,11,0.22917664135560736,0.0,Comp_prob,-0.011777778106805612,-0.003343154399363113
nonlinear,-2.6,0.0,11,0.22917664135560736,0.0,NRC,0.014955227055043492,0.1174473273820098
nonlinear,-2.6,0.0,11,0.22917664135560736,0.0,decileZ(Comp),-0.03224854257540681,-0.03224854257540681
nonlinear,-2.6,0.0,11,0.22917664135560736,0.0,decileZ(NRC),0.0026129433457210416,0.0026129433457210416
nonlinear,-2.6,0.0,11,0.22917664135560736,0.0,logit-frac,0.03929026225047162,0.1747779105042203
nonlinear,-2.6,0.2,0,0.22503649519356905,0.1,Comp_prob,0.03695160813886336,0.009963719145577872
nonlinear,-2.6,0.2,0,0.22503649519356905,0.1,NRC,0.011765963268537618,0.0591898561100902
nonlinear,-2.6,0.2,0,0.22503649519356905,0.1,decileZ(Comp),0.06545401606204597,0.06545401606204597
nonlinear,-2.6,0.2,0,0.22503649519356905,0.1,decileZ(NRC),-0.007403569614676938,-0.007403569614676938
nonlinear,-2.6,0.2,0,0.22503649519356905,0.1,logit-frac,0.03704192521536919,0.14096929386868284
nonlinear,-2.6,0.2,1,0.18652260269513973,0.0996,Comp_prob,0.0272612105988196,0.005735467289124191
nonlinear,-2.6,0.2,1,0.18652260269513973,0.0996,NRC,0.08772247336087693,0.32798027294083176
nonlinear,-2.6,0.2,1,0.18652260269513973,0.0996,decileZ(Comp),-0.03955067363704535,-0.03955067363704535
nonlinear,-2.6,0.2,1,0.18652260269513973,0.0996,decileZ(NRC),0.11823573278834659,0.11823573278834659
nonlinear,-2.6,0.2,1,0.18652260269513973,0.0996,logit-frac,0.004159020786588623,0.014838219291024968
nonlinear,-2.6,0.2,2,0.18778125254505124,0.1016,Comp_prob,-0.007980122153028162,-0.0016663272523290834
nonlinear,-2.6,0.2,2,0.18778125254505124,0.1016,NRC,0.047066426011089665,0.1944181771535276
nonlinear,-2.6,0.2,2,0.18778125254505124,0.1016,decileZ(Comp),-0.07355075190834051,-0.07355075190834051
nonlinear,-2.6,0.2,2,0.18778125254505124,0.1016,decileZ(NRC),0.04033535868785469,0.04033535868785469
nonlinear,-2.6,0.2,2,0.18778125254505124,0.1016,logit-frac,-0.013798353301476761,-0.04917381367208706
nonlinear,-2.6,0.2,3,0.15861450822988363,0.1052,Comp_prob,-0.03847928807114928,-0.0072910483457387446
nonlinear,-2.6,0.2,3,0.15861450822988363,0.1052,NRC,0.03434202040766069,0.13939753985992798
nonlinear,-2.6,0.2,3,0.15861450822988363,0.1052,decileZ(Comp),0.0011656681698391652,0.0011656681698391652
nonlinear,-2.6,0.2,3,0.15861450822988363,0.1052,decileZ(NRC),-0.038762885078837885,-0.03876288507883788
nonlinear,-2.6,0.2,3,0.15861450822988363,0.1052,logit-frac,0.026596891000551473,0.08807710002233682
nonlinear,-2.6,0.2,4,0.20466485037651164,0.1092,Comp_prob,-0.059708898124029776,-0.014401898559354517
nonlinear,-2.6,0.2,4,0.20466485037651164,0.1092,NRC,-0.03728872299492773,-0.221394725777053
nonlinear,-2.6,0.2,4,0.20466485037651164,0.1092,decileZ(Comp),-0.07589376051083656,-0.07589376051083656
nonlinear,-2.6,0.2,4,0.20466485037651164,0.1092,decileZ(NRC),0.007335818527530385,0.007335818527530385
nonlinear,-2.6,0.2,4,0.20466485037651164,0.1092,logit-frac,-0.0005353028925708832,-0.0022655353502523123
nonlinear,-2.6,0.2,5,0.1848864433877387,0.1092,Comp_prob,0.06423653908908109,0.013437155472722718
nonlinear,-2.6,0.2,5,0.1848864433877387,0.1092,NRC,-0.0608286939185146,-0.2370271281751194
nonlinear,-2.6,0.2,5,0.1848864433877387,0.1092,decileZ(Comp),0.037956957700442356,0.037956957700442356
nonlinear,-2.6,0.2,5,0.1848864433877387,0.1092,decileZ(NRC),-0.05297069979894062,-0.05297069979894062
nonlinear,-2.6,0.2,5,0.1848864433877387,0.1092,logit-frac,-0.06351003571698356,-0.2194886791759071
nonlinear,-2.6,0.2,6,0.2596186250406328,0.0984,Comp_prob,0.08922868412424065,0.026889133011905972
nonlinear,-2.6,0.2,6,0.2596186250406328,0.0984,NRC,-0.0749063285446672,-0.542743102469956
nonlinear,-2.6,0.2,6,0.2596186250406328,0.0984,decileZ(Comp),0.06765168496121203,0.06765168496121203
nonlinear,-2.6,0.2,6,0.2596186250406328,0.0984,decileZ(NRC),-0.013807325842507916,-0.013807325842507916
nonlinear,-2.6,0.2,6,0.2596186250406328,0.0984,logit-frac,-0.05641609709651193,-0.2701388681921539
nonlinear,-2.6,0.2,7,0.21811170624754905,0.0992,Comp_prob,-0.04816731861579688,-0.012327586224237432
nonlinear,-2.6,0.2,7,0.21811170624754905,0.0992,NRC,-0.027208485551042834,-0.17099487771165045
nonlinear,-2.6,0.2,7,0.21811170624754905,0.0992,decileZ(Comp),-0.005140700158854733,-0.005140700158854733
nonlinear,-2.6,0.2,7,0.21811170624754905,0.0992,decileZ(NRC),-0.04517580539548583,-0.04517580539548583
nonlinear,-2.6,0.2,7,0.21811170624754905,0.0992,logit-frac,-0.019933393392494433,-0.07401085231416471
nonlinear,-2.6,0.2,8,0.1686900910755581,0.0972,Comp_prob,-0.08512953176636781,-0.016499442114761162
nonlinear,-2.6,0.2,8,0.1686900910755581,0.0972,NRC,0.05507399227540612,0.3517668934320214
nonlinear,-2.6,0.2,8,0.1686900910755581,0.0972,decileZ(Comp),-0.10474533235779854,-0.10474533235779854
nonlinear,-2.6,0.2,8,0.1686900910755581,0.0972,decileZ(NRC),0.0020224048456625073,0.0020224048456625073
nonlinear,-2.6,0.2,8,0.1686900910755581,0.0972,logit-frac,-0.022444495372245906,-0.09291992926222092
nonlinear,-2.6,0.2,9,0.19209131632161058,0.1076,Comp_prob,0.09428716141127526,0.021471731041234884
nonlinear,-2.6,0.2,9,0.19209131632161058,0.1076,NRC,0.09945670333829003,0.5049775836305579
nonlinear,-2.6,0.2,9,0.19209131632161058,0.1076,decileZ(Comp),0.08755543762836115,0.08755543762836115
nonlinear,-2.6,0.2,9,0.19209131632161058,0.1076,decileZ(NRC),0.09527711112716106,0.09527711112716106
nonlinear,-2.6,0.2,9,0.19209131632161058,0.1076,logit-frac,0.06640246430746585,0.2557801896761945
nonlinear,-2.6,0.2,10,0.2087813255856663,0.1056,Comp_prob,0.044442882338448564,0.010693827043388296
nonlinear,-2.6,0.2,10,0.2087813255856663,0.1056,NRC,0.10560159999439526,0.6020880794577113
nonlinear,-2.6,0.2,10,0.2087813255856663,0.1056,decileZ(Comp),0.032458099614459134,0.03245809961445913
nonlinear,-2.6,0.2,10,0.2087813255856663,0.1056,decileZ(NRC),0.15395685941735937,0.15395685941735937
nonlinear,-2.6,0.2,10,0.2087813255856663,0.1056,logit-frac,0.058782346873723766,0.23618119389773795
nonlinear,-2.6,0.2,11,0.24129485322242936,0.0964,Comp_prob,0.08451243047035677,0.024266502816882335
nonlinear,-2.6,0.2,11,0.24129485322242936,0.0964,NRC,0.04443506184430894,0.30978038667415564
nonlinear,-2.6,0.2,11,0.24129485322242936,0.0964,decileZ(Comp),0.046604865117494114,0.046604865117494114
nonlinear,-2.6,0.2,11,0.24129485322242936,0.0964,decileZ(NRC),0.07957108423515771,0.07957108423515771
nonlinear,-2.6,0.2,11,0.24129485322242936,0.0964,logit-frac,-0.029457172140845197,-0.1373093756727074
nonlinear,-2.6,0.4,0,0.2657581905437603,0.2076,Comp_prob,0.05549416429318306,0.016076717167036823
nonlinear,-2.6,0.4,0,0.2657581905437603,0.2076,NRC,-0.010872466257763475,-0.06625129682621833
nonlinear,-2.6,0.4,0,0.2657581905437603,0.2076,decileZ(Comp),0.06807853300473493,0.06807853300473493
nonlinear,-2.6,0.4,0,0.2657581905437603,0.2076,decileZ(NRC),0.01558213008764147,0.01558213008764147
nonlinear,-2.6,0.4,0,0.2657581905437603,0.2076,logit-frac,-0.02419855305158918,-0.10350691482020263
nonlinear,-2.6,0.4,1,0.2515837615387475,0.2032,Comp_prob,0.060234407617428286,0.018128544541451887
nonlinear,-2.6,0.4,1,0.2515837615387475,0.2032,NRC,-0.015881677852260464,-0.11389698565753992
nonlinear,-2.6,0.4,1,0.2515837615387475,0.2032,decileZ(Comp),0.05554052675072795,0.05554052675072795
nonlinear,-2.6,0.4,1,0.2515837615387475,0.2032,decileZ(NRC),0.04130057912838604,0.04130057912838604
nonlinear,-2.6,0.4,1,0.2515837615387475,0.2032,logit-frac,0.003257911406330012,0.014739810611232529
nonlinear,-2.6,0.4,2,0.194663565501239,0.2116,Comp_prob,-0.007807977815069227,-0.0018774548486454948
nonlinear,-2.6,0.4,2,0.194663565501239,0.2116,NRC,-0.0010185210512873703,-0.0044686844940987624
nonlinear,-2.6,0.4,2,0.194663565501239,0.2116,decileZ(Comp),-0.009611095784427702,-0.009611095784427702
nonlinear,-2.6,0.4,2,0.194663565501239,0.2116,decileZ(NRC),0.03186352939375449,0.03186352939375449
nonlinear,-2.6,0.4,2,0.194663565501239,0.2116,logit-frac,-0.029740536576153387,-0.08975012692673678
nonlinear,-2.6,0.4,3,0.1998461878576969,0.2188,Comp_prob,0.004325057879069052,0.0010150012415026041
nonlinear,-2.6,0.4,3,0.1998461878576969,0.2188,NRC,0.017886717568247074,0.10515020821263493
nonlinear,-2.6,0.4,3,0.1998461878576969,0.2188,decileZ(Comp),-0.031078383741496324,-0.031078383741496324
nonlinear,-2.6,0.4,3,0.1998461878576969,0.2188,decileZ(NRC),0.15139008496308623,0.15139008496308623
nonlinear,-2.6,0.4,3,0.1998461878576969,0.2188,logit-frac,0.02209216062741115,0.08786238028081189
nonlinear,-2.6,0.4,4,0.21051601471910827,0.2004,Comp_prob,0.04303356538486783,0.01094838670190432
nonlinear,-2.6,0.4,4,0.21051601471910827,0.2004,NRC,0.1665487278587512,1.0866359066795275
nonlinear,-2.6,0.4,4,0.21051601471910827,0.2004,decileZ(Comp),0.019959488607930925,0.019959488607930925
nonlinear,-2.6,0.4,4,0.21051601471910827,0.2004,decileZ(NRC),0.23369449601975323,0.23369449601975323
nonlinear,-2.6,0.4,4,0.21051601471910827,0.2004,logit-frac,0.10891384630025096,0.3768699105268925
nonlinear,-2.6,0.4,5,0.22750320450236933,0.2012,Comp_prob,0.036356502308557276,0.00956679280366577
nonlinear,-2.6,0.4,5,0.22750320450236933,0.2012,NRC,-0.032775349363684744,-0.20222524957285337
nonlinear,-2.6,0.4,5,0.22750320450236933,0.2012,decileZ(Comp),0.06550016218518609,0.06550016218518609
nonlinear,-2.6,0.4,5,0.22750320450236933,0.2012,decileZ(NRC),0.0074134336867360115,0.0074134336867360115
nonlinear,-2.6,0.4,5,0.22750320450236933,0.2012,logit-frac,-0.07572079133307089,-0.341036260226929
nonlinear,-2.6,0.4,6,0.17286505400525753,0.2012,Comp_prob,-0.005019392928051024,-0.0008754235795007913
nonlinear,-2.6,0.4,6,0.17286505400525753,0.2012,NRC,0.04385656035078394,0.17033223564377398
nonlinear,-2.6,0.4,6,0.17286505400525753,0.2012,decileZ(Comp),-0.013876387694358906,-0.013876387694358904
nonlinear,-2.6,0.4,6,0.17286505400525753,0.2012,decileZ(NRC),0.05664266870235546,0.05664266870235546
nonlinear,-2.6,0.4,6,0.17286505400525753,0.2012,logit-frac,-0.021479750638231203,-0.079966379680382
nonlinear,-2.6,0.4,7,0.2758669662265826,0.19,Comp_prob,0.07844296547379838,0.023603987872946944
nonlinear,-2.6,0.4,7,0.2758669662265826,0.19,NRC,-0.016297704938559292,-0.09982738949629055
nonlinear,-2.6,0.4,7,0.2758669662265826,0.19,decileZ(Comp),0.07889534726905684,0.07889534726905684
nonlinear,-2.6,0.4,7,0.2758669662265826,0.19,decileZ(NRC),0.007502091898918088,0.007502091898918088
nonlinear,-2.6,0.4,7,0.2758669662265826,0.19,logit-frac,-0.09588733238790925,-0.48060159225001053
nonlinear,-2.6,0.4,8,0.16972225272193686,0.1956,Comp_prob,0.11779242502203448,0.022381906669820102
nonlinear,-2.6,0.4,8,0.16972225272193686,0.1956,NRC,0.040772632628637506,0.1680784356127527
nonlinear,-2.6,0.4,8,0.16972225272193686,0.1956,decileZ(Comp),0.03462328028419116,0.03462328028419116
nonlinear,-2.6,0.4,8,0.16972225272193686,0.1956,decileZ(NRC),0.13432884379445223,0.13432884379445223
nonlinear,-2.6,0.4,8,0.16972225272193686,0.1956,logit-frac,0.037736161919933446,0.11699913152684416
nonlinear,-2.6,0.4,9,0.14046143560422977,0.2104,Comp_prob,0.05978547770443128,0.009460100310714165
nonlinear,-2.6,0.4,9,0.14046143560422977,0.2104,NRC,0.04538725454280811,0.16399889377354382
nonlinear,-2.6,0.4,9,0.14046143560422977,0.2104,decileZ(Comp),-0.03096529708176827,-0.03096529708176827
nonlinear,-2.6,0.4,9,0.14046143560422977,0.2104,decileZ(NRC),0.14424396195800154,0.14424396195800154
nonlinear,-2.6,0.4,9,0.14046143560422977,0.2104,logit-frac,0.04032980145278118,0.11871336738220317
nonlinear,-2.6,0.4,10,0.19475873101408953,0.2036,Comp_prob,0.09879856463888263,0.02225824523864753
nonlinear,-2.6,0.4,10,0.19475873101408953,0.2036,NRC,0.050029787959636564,0.27654987159110855
nonlinear,-2.6,0.4,10,0.19475873101408953,0.2036,decileZ(Comp),0.12457897324364395,0.12457897324364395
nonlinear,-2.6,0.4,10,0.19475873101408953,0.2036,decileZ(NRC),0.10559743521310377,0.10559743521310377
nonlinear,-2.6,0.4,10,0.19475873101408953,0.2036,logit-frac,0.009201882303938265,0.039887832204240414
nonlinear,-2.6,0.4,11,0.1753876619447388,0.192,Comp_prob,0.034149929502979536,0.006794874946420643
nonlinear,-2.6,0.4,11,0.1753876619447388,0.192,NRC,0.09416652258463792,0.4439019855667509
nonlinear,-2.6,0.4,11,0.1753876619447388,0.192,decileZ(Comp),0.04551679078472714,0.04551679078472714
nonlinear,-2.6,0.4,11,0.1753876619447388,0.192,decileZ(NRC),0.10633658588471004,0.10633658588471004
nonlinear,-2.6,0.4,11,0.1753876619447388,0.192,logit-frac,0.12145175549133312,0.3731839772091428
nonlinear,-2.6,0.6,0,0.1715017662732736,0.2908,Comp_prob,0.04511118227540887,0.008493827463261128
nonlinear,-2.6,0.6,0,0.1715017662732736,0.2908,NRC,-0.11347107284334933,-0.5438968953535869
nonlinear,-2.6,0.6,0,0.1715017662732736,0.2908,decileZ(Comp),-0.03087023844150838,-0.03087023844150838
nonlinear,-2.6,0.6,0,0.1715017662732736,0.2908,decileZ(NRC),0.02438680577427948,0.02438680577427948
nonlinear,-2.6,0.6,0,0.1715017662732736,0.2908,logit-frac,-0.09955152975883992,-0.32848932785662066
nonlinear,-2.6,0.6,1,0.18671202559955546,0.308,Comp_prob,0.018406438248146896,0.003977382555304854
nonlinear,-2.6,0.6,1,0.18671202559955546,0.308,NRC,0.10001050569046027,0.5422232392108775
nonlinear,-2.6,0.6,1,0.18671202559955546,0.308,decileZ(Comp),-0.027239124908437516,-0.027239124908437516
nonlinear,-2.6,0.6,1,0.18671202559955546,0.308,decileZ(NRC),0.16173477725110708,0.16173477725110708
nonlinear,-2.6,0.6,1,0.18671202559955546,0.308,logit-frac,0.031508955142640536,0.1266756390284205
nonlinear,-2.6,0.6,2,0.21611332698630914,0.3076,Comp_prob,0.1614412971928171,0.0374707616935055
nonlinear,-2.6,0.6,2,0.21611332698630914,0.3076,NRC,-0.0651821834461708,-0.31991584654596933
nonlinear,-2.6,0.6,2,0.21611332698630914,0.3076,decileZ(Comp),0.1516439157965871,0.1516439157965871
nonlinear,-2.6,0.6,2,0.21611332698630914,0.3076,decileZ(NRC),-0.018959919441704307,-0.018959919441704307
nonlinear,-2.6,0.6,2,0.21611332698630914,0.3076,logit-frac,-0.06821278649190887,-0.22255184444980314
nonlinear,-2.6,0.6,3,0.24954933522036044,0.2852,Comp_prob,0.04883517107957502,0.0130482644871689
nonlinear,-2.6,0.6,3,0.24954933522036044,0.2852,NRC,-0.038117455597033764,-0.269570535394723
nonlinear,-2.6,0.6,3,0.24954933522036044,0.2852,decileZ(Comp),0.05494245385096448,0.05494245385096448
nonlinear,-2.6,0.6,3,0.24954933522036044,0.2852,decileZ(NRC),0.01923653110745902,0.01923653110745902
nonlinear,-2.6,0.6,3,0.24954933522036044,0.2852,logit-frac,0.029795310960710537,0.12983600169095866
nonlinear,-2.6,0.6,4,0.25197951174711736,0.3064,Comp_prob,0.028607866744176712,0.0079206992157849
nonlinear,-2.6,0.6,4,0.25197951174711736,0.3064,NRC,0.07764620165267866,0.43521980382308145
nonlinear,-2.6,0.6,4,0.25197951174711736,0.3064,decileZ(Comp),-0.01719211039890486,-0.01719211039890486
nonlinear,-2.6,0.6,4,0.25197951174711736,0.3064,decileZ(NRC),0.11937223304970516,0.11937223304970516
nonlinear,-2.6,0.6,4,0.25197951174711736,0.3064,logit-frac,0.022856109324354678,0.10568390899736252
nonlinear,-2.6,0.6,5,0.1765631422530057,0.29,Comp_prob,-0.013487720613795672,-0.0028004088615476708
nonlinear,-2.6,0.6,5,0.1765631422530057,0.29,NRC,0.1308777443990992,0.5972701961875286
nonlinear,-2.6,0.6,5,0.1765631422530057,0.29,decileZ(Comp),-0.009535100692900832,-0.009535100692900832
nonlinear,-2.6,0.6,5,0.1765631422530057,0.29,decileZ(NRC),0.08731477674565363,0.08731477674565363
nonlinear,-2.6,0.6,5,0.1765631422530057,0.29,logit-frac,0.039458400976527745,0.14258673553077908
nonlinear,-2.6,0.6,6,0.17235181323572427,0.3152,Comp_prob,0.1557006475839183,0.03192639513757731
nonlinear,-2.6,0.6,6,0.17235181323572427,0.3152,NRC,0.06122352668680332,0.37014793694146253
nonlinear,-2.6,0.6,6,0.17235181323572427,0.3152,decileZ(Comp),0.13735266166932975,0.13735266166932975
nonlinear,-2.6,0.6,6,0.17235181323572427,0.3152,decileZ(NRC),0.12598062958011647,0.12598062958011647
nonlinear,-2.6,0.6,6,0.17235181323572427,0.3152,logit-frac,0.027599468742869126,0.1233248987335116
nonlinear,-2.6,0.6,7,0.2062334095936047,0.288,Comp_prob,0.04919205233300787,0.011220420662198992
nonlinear,-2.6,0.6,7,0.2062334095936047,0.288,NRC,-0.028541115524636538,-0.17027764612196128
nonlinear,-2.6,0.6,7,0.2062334095936047,0.288,decileZ(Comp),0.05038583944627159,0.05038583944627159
nonlinear,-2.6,0.6,7,0.2062334095936047,0.288,decileZ(NRC),0.07737522333327375,0.07737522333327375
nonlinear,-2.6,0.6,7,0.2062334095936047,0.288,logit-frac,0.012669220263594419,0.05353137163815652
nonlinear,-2.6,0.6,8,0.1651627658409515,0.2908,Comp_prob,0.1094310874026238,0.02043118368042949
nonlinear,-2.6,0.6,8,0.1651627658409515,0.2908,NRC,0.01960300486581981,0.0846437639818769
nonlinear,-2.6,0.6,8,0.1651627658409515,0.2908,decileZ(Comp),0.10610387569194754,0.10610387569194754
nonlinear,-2.6,0.6,8,0.1651627658409515,0.2908,decileZ(NRC),0.0366602398592278,0.0366602398592278
nonlinear,-2.6,0.6,8,0.1651627658409515,0.2908,logit-frac,0.03437713836073543,0.11066639561665731
nonlinear,-2.6,0.6,9,0.2063142548993898,0.2908,Comp_prob,0.06462014491939506,0.014866195800939222
nonlinear,-2.6,0.6,9,0.2063142548993898,0.2908,NRC,0.035839121549017285,0.1680176840692701
nonlinear,-2.6,0.6,9,0.2063142548993898,0.2908,decileZ(Comp),0.05427638087370967,0.05427638087370967
nonlinear,-2.6,0.6,9,0.2063142548993898,0.2908,decileZ(NRC),0.08877020229147693,0.08877020229147693
nonlinear,-2.6,0.6,9,0.2063142548993898,0.2908,logit-frac,0.017115594361465498,0.06366462172142351
nonlinear,-2.6,0.6,10,0.21781230068863278,0.298,Comp_prob,0.014681822490000189,0.003634725585362125
nonlinear,-2.6,0.6,10,0.21781230068863278,0.298,NRC,0.025889025121470042,0.15776576481095728
nonlinear,-2.6,0.6,10,0.21781230068863278,0.298,decileZ(Comp),-0.029893133581492044,-0.029893133581492044
nonlinear,-2.6,0.6,10,0.21781230068863278,0.298,decileZ(NRC),0.10547207420529013,0.10547207420529013
nonlinear,-2.6,0.6,10,0.21781230068863278,0.298,logit-frac,-0.009782725603575236,-0.04165707101191396
nonlinear,-2.6,0.6,11,0.24729385362301817,0.294,Comp_prob,0.0619189098369533,0.017137039934417012
nonlinear,-2.6,0.6,11,0.24729385362301817,0.294,NRC,0.10089468646977519,0.6824172389656532
nonlinear,-2.6,0.6,11,0.24729385362301817,0.294,decileZ(Comp),0.0571168783577371,0.0571168783577371
nonlinear,-2.6,0.6,11,0.24729385362301817,0.294,decileZ(NRC),0.05085973653473192,0.05085973653473192
nonlinear,-2.6,0.6,11,0.24729385362301817,0.294,logit-frac,0.10227212213435201,0.5271855946766868
nonlinear,-2.6,0.8,0,0.18854360752272287,0.3952,Comp_prob,0.1841039588574404,0.03750930716556726
nonlinear,-2.6,0.8,0,0.18854360752272287,0.3952,NRC,0.13077489350045485,0.5634408854515588
nonlinear,-2.6,0.8,0,0.18854360752272287,0.3952,decileZ(Comp),0.09721077778881745,0.09721077778881745
nonlinear,-2.6,0.8,0,0.18854360752272287,0.3952,decileZ(NRC),0.27022981889664754,0.27022981889664754
nonlinear,-2.6,0.8,0,0.18854360752272287,0.3952,logit-frac,0.14892919460998869,0.5534652287310496
nonlinear,-2.6,0.8,1,0.2053353719331472,0.3784,Comp_prob,0.0855786057669929,0.019858380153260854
nonlinear,-2.6,0.8,1,0.2053353719331472,0.3784,NRC,0.0220457050722163,0.12871917197081173
nonlinear,-2.6,0.8,1,0.2053353719331472,0.3784,decileZ(Comp),0.08304913167552087,0.08304913167552087
nonlinear,-2.6,0.8,1,0.2053353719331472,0.3784,decileZ(NRC),0.03740693559655357,0.03740693559655357
nonlinear,-2.6,0.8,1,0.2053353719331472,0.3784,logit-frac,0.0001133129958430874,0.00047224904790194033
nonlinear,-2.6,0.8,2,0.2448547064949453,0.3984,Comp_prob,0.03908086179207013,0.010773968113372757
nonlinear,-2.6,0.8,2,0.2448547064949453,0.3984,NRC,0.04812175900324492,0.31390784470054267
nonlinear,-2.6,0.8,2,0.2448547064949453,0.3984,decileZ(Comp),0.020747690149853705,0.020747690149853705
nonlinear,-2.6,0.8,2,0.2448547064949453,0.3984,decileZ(NRC),0.14805673407152178,0.14805673407152178
nonlinear,-2.6,0.8,2,0.2448547064949453,0.3984,logit-frac,0.06626640174805459,0.28798775009975014
nonlinear,-2.6,0.8,3,0.2389901755267879,0.4024,Comp_prob,0.18481302611862696,0.04983588845992388
nonlinear,-2.6,0.8,3,0.2389901755267879,0.4024,NRC,-0.08580146074006044,-0.4408066046355186
nonlinear,-2.6,0.8,3,0.2389901755267879,0.4024,decileZ(Comp),0.1422123542652765,0.1422123542652765
nonlinear,-2.6,0.8,3,0.2389901755267879,0.4024,decileZ(NRC),0.05806641507800471,0.05806641507800471
nonlinear,-2.6,0.8,3,0.2389901755267879,0.4024,logit-frac,-0.025192000478085723,-0.11618131512615193
nonlinear,-2.6,0.8,4,0.1913373131736916,0.4076,Comp_prob,0.1057461648621713,0.02307370704187784
nonlinear,-2.6,0.8,4,0.1913373131736916,0.4076,NRC,0.023897288408681314,0.13726919642671798
nonlinear,-2.6,0.8,4,0.1913373131736916,0.4076,decileZ(Comp),0.10671970975522062,0.10671970975522062
nonlinear,-2.6,0.8,4,0.1913373131736916,0.4076,decileZ(NRC),0.07340309820489246,0.07340309820489246
nonlinear,-2.6,0.8,4,0.1913373131736916,0.4076,logit-frac,0.055159776357240606,0.1985551868549143
nonlinear,-2.6,0.8,5,0.2216729667947106,0.414,Comp_prob,0.014781615312040442,0.0035663458145281136
nonlinear,-2.6,0.8,5,0.2216729667947106,0.414,NRC,0.002372467308716626,0.011923168359524339
nonlinear,-2.6,0.8,5,0.2216729667947106,0.414,decileZ(Comp),0.01620761269188058,0.01620761269188058
nonlinear,-2.6,0.8,5,0.2216729667947106,0.414,decileZ(NRC),0.11288494750529383,0.11288494750529383
nonlinear,-2.6,0.8,5,0.2216729667947106,0.414,logit-frac,-0.0013960434765354645,-0.004927545516095699
nonlinear,-2.6,0.8,6,0.2759341144222823,0.3816,Comp_prob,0.1267075570167879,0.038143323752161104
nonlinear,-2.6,0.8,6,0.2759341144222823,0.3816,NRC,0.05710193364314763,0.46404437525923814
nonlinear,-2.6,0.8,6,0.2759341144222823,0.3816,decileZ(Comp),0.12949865803179977,0.12949865803179977
nonlinear,-2.6,0.8,6,0.2759341144222823,0.3816,decileZ(NRC),0.1095190078397952,0.10951900783979518
nonlinear,-2.6,0.8,6,0.2759341144222823,0.3816,logit-frac,0.048203762570120996,0.2848426215656469
nonlinear,-2.6,0.8,7,0.21204463585234126,0.3868,Comp_prob,0.01875611790732554,0.004502762752790171
nonlinear,-2.6,0.8,7,0.21204463585234126,0.3868,NRC,0.09241928740507367,0.5801489474014543
nonlinear,-2.6,0.8,7,0.21204463585234126,0.3868,decileZ(Comp),-0.03355352404536679,-0.03355352404536679
nonlinear,-2.6,0.8,7,0.21204463585234126,0.3868,decileZ(NRC),0.20425903680568802,0.20425903680568802
nonlinear,-2.6,0.8,7,0.21204463585234126,0.3868,logit-frac,0.10663224258638787,0.45092475603491317
nonlinear,-2.6,0.8,8,0.14727004608880415,0.3976,Comp_prob,0.09720704022349179,0.015060459954926251
nonlinear,-2.6,0.8,8,0.14727004608880415,0.3976,NRC,0.05296599791954718,0.21179860249243132
nonlinear,-2.6,0.8,8,0.14727004608880415,0.3976,decileZ(Comp),0.04031279279075464,0.04031279279075464
nonlinear,-2.6,0.8,8,0.14727004608880415,0.3976,decileZ(NRC),0.16671919291309584,0.16671919291309584
nonlinear,-2.6,0.8,8,0.14727004608880415,0.3976,logit-frac,0.0762991005850947,0.24176127906570938
nonlinear,-2.6,0.8,9,0.2080375025289797,0.3876,Comp_prob,0.05983932761695871,0.013839590950855704
nonlinear,-2.6,0.8,9,0.2080375025289797,0.3876,NRC,0.05738942819308515,0.3188693900086812
nonlinear,-2.6,0.8,9,0.2080375025289797,0.3876,decileZ(Comp),0.004400171898353117,0.004400171898353117
nonlinear,-2.6,0.8,9,0.2080375025289797,0.3876,decileZ(NRC),0.13199036112349816,0.13199036112349816
nonlinear,-2.6,0.8,9,0.2080375025289797,0.3876,logit-frac,0.012821393511262246,0.05324847206829586
nonlinear,-2.6,0.8,10,0.1779786023317803,0.4044,Comp_prob,0.09791532543396946,0.01975098898913824
nonlinear,-2.6,0.8,10,0.1779786023317803,0.4044,NRC,-0.014210356783716072,-0.05795560775819275
nonlinear,-2.6,0.8,10,0.1779786023317803,0.4044,decileZ(Comp),0.0010028237551255263,0.0010028237551255263
nonlinear,-2.6,0.8,10,0.1779786023317803,0.4044,decileZ(NRC),0.11912496104641991,0.11912496104641991
nonlinear,-2.6,0.8,10,0.1779786023317803,0.4044,logit-frac,-0.0392817165934809,-0.1395079602043191
nonlinear,-2.6,0.8,11,0.1714001820161509,0.404,Comp_prob,0.12521925675515055,0.024753096028036315
nonlinear,-2.6,0.8,11,0.1714001820161509,0.404,NRC,0.14769730102842155,0.8564180806678969
nonlinear,-2.6,0.8,11,0.1714001820161509,0.404,decileZ(Comp),0.04185974980297346,0.04185974980297346
nonlinear,-2.6,0.8,11,0.1714001820161509,0.404,decileZ(NRC),0.1903881034596363,0.1903881034596363
nonlinear,-2.6,0.8,11,0.1714001820161509,0.404,logit-frac,0.15769901155201763,0.6337478006044873
nonlinear,-2.6,1.0,0,0.12340170712967478,0.5004,Comp_prob,0.03872580960144696,0.0049915626009006675
nonlinear,-2.6,1.0,0,0.12340170712967478,0.5004,NRC,0.17297263204557048,0.6844212320217349
nonlinear,-2.6,1.0,0,0.12340170712967478,0.5004,decileZ(Comp),-0.10788088703109121,-0.10788088703109121
nonlinear,-2.6,1.0,0,0.12340170712967478,0.5004,decileZ(NRC),0.19918323281396988,0.19918323281396988
nonlinear,-2.6,1.0,0,0.12340170712967478,0.5004,logit-frac,0.1815296664733811,0.593537205807013
nonlinear,-2.6,1.0,1,0.2118087337819415,0.4952,Comp_prob,0.2199177317014088,0.05047416214371524
nonlinear,-2.6,1.0,1,0.2118087337819415,0.4952,NRC,0.11018188944564278,0.7446986852960746
nonlinear,-2.6,1.0,1,0.2118087337819415,0.4952,decileZ(Comp),0.17034149698544127,0.17034149698544127
nonlinear,-2.6,1.0,1,0.2118087337819415,0.4952,decileZ(NRC),0.19134173169388,0.19134173169388
nonlinear,-2.6,1.0,1,0.2118087337819415,0.4952,logit-frac,0.13803139740731277,0.4906855409805526
nonlinear,-2.6,1.0,2,0.1781474794748253,0.4992,Comp_prob,0.1568855431372364,0.02926319971938533
nonlinear,-2.6,1.0,2,0.1781474794748253,0.4992,NRC,0.11756494994856498,0.47835720833954
nonlinear,-2.6,1.0,2,0.1781474794748253,0.4992,decileZ(Comp),-0.007245755005145947,-0.007245755005145947
nonlinear,-2.6,1.0,2,0.1781474794748253,0.4992,decileZ(NRC),0.3585145160818585,0.3585145160818585
nonlinear,-2.6,1.0,2,0.1781474794748253,0.4992,logit-frac,0.04162614403179055,0.12862859179632025
nonlinear,-2.6,1.0,3,0.2230660329401892,0.4972,Comp_prob,0.09666321386451951,0.023126418627241373
nonlinear,-2.6,1.0,3,0.2230660329401892,0.4972,NRC,0.07872981828940835,0.4538438622633987
nonlinear,-2.6,1.0,3,0.2230660329401892,0.4972,decileZ(Comp),0.09069683056898833,0.09069683056898833
nonlinear,-2.6,1.0,3,0.2230660329401892,0.4972,decileZ(NRC),0.14274333584863508,0.14274333584863508
nonlinear,-2.6,1.0,3,0.2230660329401892,0.4972,logit-frac,0.07467242596704646,0.3272217322652285
nonlinear,-2.6,1.0,4,0.20644243691294215,0.4872,Comp_prob,0.1306950229713012,0.02681345332720029
nonlinear,-2.6,1.0,4,0.20644243691294215,0.4872,NRC,0.13042962459968402,0.5950378188052647
nonlinear,-2.6,1.0,4,0.20644243691294215,0.4872,decileZ(Comp),0.027405806850002705,0.027405806850002705
nonlinear,-2.6,1.0,4,0.20644243691294215,0.4872,decileZ(NRC),0.23221772672563523,0.23221772672563523
nonlinear,-2.6,1.0,4,0.20644243691294215,0.4872,logit-frac,0.1258478523266127,0.39729671572317793
nonlinear,-2.6,1.0,5,0.20271126015226978,0.4916,Comp_prob,-0.002672614789680071,-0.000616449220114855
nonlinear,-2.6,1.0,5,0.20271126015226978,0.4916,NRC,0.19372918757417412,1.1525668258245676
nonlinear,-2.6,1.0,5,0.20271126015226978,0.4916,decileZ(Comp),-0.032983417165951934,-0.032983417165951934
nonlinear,-2.6,1.0,5,0.20271126015226978,0.4916,decileZ(NRC),0.18927256154746175,0.18927256154746175
nonlinear,-2.6,1.0,5,0.20271126015226978,0.4916,logit-frac,0.22980380505345593,0.8800904522925482
nonlinear,-2.6,1.0,6,0.20836862627584032,0.51,Comp_prob,0.07847082626135253,0.018105375874398782
nonlinear,-2.6,1.0,6,0.20836862627584032,0.51,NRC,0.01981368370791399,0.10783793406232306
nonlinear,-2.6,1.0,6,0.20836862627584032,0.51,decileZ(Comp),0.05070807056019152,0.05070807056019152
nonlinear,-2.6,1.0,6,0.20836862627584032,0.51,decileZ(NRC),0.14688311564448991,0.14688311564448991
nonlinear,-2.6,1.0,6,0.20836862627584032,0.51,logit-frac,0.016287773881779075,0.07791411053380715
nonlinear,-2.6,1.0,7,0.1596929552337727,0.5052,Comp_prob,0.1974595572909666,0.032268157743302
nonlinear,-2.6,1.0,7,0.1596929552337727,0.5052,NRC,0.13996224972655272,0.5475062024377979
nonlinear,-2.6,1.0,7,0.1596929552337727,0.5052,decileZ(Comp),0.1010876045818024,0.1010876045818024
nonlinear,-2.6,1.0,7,0.1596929552337727,0.5052,decileZ(NRC),0.3083070271788161,0.3083070271788161
nonlinear,-2.6,1.0,7,0.1596929552337727,0.5052,logit-frac,0.1749974769763145,0.5583966932354265
nonlinear,-2.6,1.0,8,0.22497996202886553,0.504,Comp_prob,0.08113857103585766,0.019197175075724958
nonlinear,-2.6,1.0,8,0.22497996202886553,0.504,NRC,0.026083220294625665,0.13767524531889364
nonlinear,-2.6,1.0,8,0.22497996202886553,0.504,decileZ(Comp),0.022800652658041758,0.022800652658041758
nonlinear,-2.6,1.0,8,0.22497996202886553,0.504,decileZ(NRC),0.13470879141496994,0.13470879141496994
nonlinear,-2.6,1.0,8,0.22497996202886553,0.504,logit-frac,-0.046103881219089114,-0.16519513197840263
nonlinear,-2.6,1.0,9,0.2094730113004607,0.4952,Comp_prob,0.1198411894730488,0.027335866347892347
nonlinear,-2.6,1.0,9,0.2094730113004607,0.4952,NRC,0.11599028932737239,0.6904635975315261
nonlinear,-2.6,1.0,9,0.2094730113004607,0.4952,decileZ(Comp),0.06762281389638078,0.06762281389638078
nonlinear,-2.6,1.0,9,0.2094730113004607,0.4952,decileZ(NRC),0.21626220728929257,0.21626220728929257
nonlinear,-2.6,1.0,9,0.2094730113004607,0.4952,logit-frac,0.060246748594807886,0.2193290984301427
nonlinear,-2.6,1.0,10,0.14091690711138075,0.4912,Comp_prob,0.07413095287262995,0.010790700422584181
nonlinear,-2.6,1.0,10,0.14091690711138075,0.4912,NRC,0.11288806760174867,0.5151661802445461
nonlinear,-2.6,1.0,10,0.14091690711138075,0.4912,decileZ(Comp),0.025870858917543413,0.025870858917543413
nonlinear,-2.6,1.0,10,0.14091690711138075,0.4912,decileZ(NRC),0.19084744253114577,0.19084744253114577
nonlinear,-2.6,1.0,10,0.14091690711138075,0.4912,logit-frac,0.12232900145985863,0.41822971415129984
nonlinear,-2.6,1.0,11,0.22186696177814433,0.512,Comp_prob,0.11028560851325517,0.02503015630048404
nonlinear,-2.6,1.0,11,0.22186696177814433,0.512,NRC,0.004718453630818064,0.028978693236763386
nonlinear,-2.6,1.0,11,0.22186696177814433,0.512,decileZ(Comp),0.056784206978372796,0.056784206978372796
nonlinear,-2.6,1.0,11,0.22186696177814433,0.512,decileZ(NRC),0.06227844868320938,0.06227844868320938
nonlinear,-2.6,1.0,11,0.22186696177814433,0.512,logit-frac,0.027566979554795555,0.11019197889811574
nonlinear,-1.8,0.0,0,0.2768773450669714,0.0,Comp_prob,0.001356899867157788,0.00037205108530084796
nonlinear,-1.8,0.0,0,0.2768773450669714,0.0,NRC,-0.020492172967837848,-0.10107633899822299
nonlinear,-1.8,0.0,0,0.2768773450669714,0.0,decileZ(Comp),-0.0011865258225521938,-0.0011865258225521938
nonlinear,-1.8,0.0,0,0.2768773450669714,0.0,decileZ(NRC),-0.02604029457484898,-0.02604029457484898
nonlinear,-1.8,0.0,0,0.2768773450669714,0.0,logit-frac,0.017577458813090814,0.070647178639068
nonlinear,-1.8,0.0,1,0.33374908582060653,0.0,Comp_prob,0.08266448480333718,0.026809298736667625
nonlinear,-1.8,0.0,1,0.33374908582060653,0.0,NRC,-0.038654628821572855,-0.23296698721704623
nonlinear,-1.8,0.0,1,0.33374908582060653,0.0,decileZ(Comp),0.09463182974873662,0.09463182974873662
nonlinear,-1.8,0.0,1,0.33374908582060653,0.0,decileZ(NRC),-0.05476187705367764,-0.05476187705367764
nonlinear,-1.8,0.0,1,0.33374908582060653,0.0,logit-frac,-0.02244981819180554,-0.1119132406087383
nonlinear,-1.8,0.0,2,0.32018375846246144,0.0,Comp_prob,-0.06630934204492164,-0.020339860439416265
nonlinear,-1.8,0.0,2,0.32018375846246144,0.0,NRC,-0.016133809949919392,-0.08120610034943893
nonlinear,-1.8,0.0,2,0.32018375846246144,0.0,decileZ(Comp),-0.028499434156054475,-0.028499434156054475
nonlinear,-1.8,0.0,2,0.32018375846246144,0.0,decileZ(NRC),-0.05851061951458298,-0.05851061951458298
nonlinear,-1.8,0.0,2,0.32018375846246144,0.0,logit-frac,0.07696321217484363,0.3215311943297172
nonlinear,-1.8,0.0,3,0.30507115189493145,0.0,Comp_prob,0.02127123610536894,0.005836769888718937
nonlinear,-1.8,0.0,3,0.30507115189493145,0.0,NRC,-0.06036168788140987,-0.2750724581152102
nonlinear,-1.8,0.0,3,0.30507115189493145,0.0,decileZ(Comp),0.026775722685919347,0.026775722685919347
nonlinear,-1.8,0.0,3,0.30507115189493145,0.0,decileZ(NRC),-0.05462593079621193,-0.05462593079621193
nonlinear,-1.8,0.0,3,0.30507115189493145,0.0,logit-frac,-0.10232015035758568,-0.40379726582226466
nonlinear,-1.8,0.0,4,0.19263995961935168,0.0,Comp_prob,-0.06111761872588796,-0.008807545725816674
nonlinear,-1.8,0.0,4,0.19263995961935168,0.0,NRC,0.0035978056189597046,0.013812227486746154
nonlinear,-1.8,0.0,4,0.19263995961935168,0.0,decileZ(Comp),-0.11356069136631668,-0.11356069136631668
nonlinear,-1.8,0.0,4,0.19263995961935168,0.0,decileZ(NRC),-0.05030005902533996,-0.05030005902533996
nonlinear,-1.8,0.0,4,0.19263995961935168,0.0,logit-frac,0.023592916568548096,0.07648480148625192
nonlinear,-1.8,0.0,5,0.26853905716327275,0.0,Comp_prob,-0.01753253609758555,-0.004429119210615097
nonlinear,-1.8,0.0,5,0.26853905716327275,0.0,NRC,-0.04011658398140871,-0.20430492865301797
nonlinear,-1.8,0.0,5,0.26853905716327275,0.0,decileZ(Comp),-0.00017523536711541027,-0.00017523536711541027
nonlinear,-1.8,0.0,5,0.26853905716327275,0.0,decileZ(NRC),0.0136053576031838,0.0136053576031838
nonlinear,-1.8,0.0,5,0.26853905716327275,0.0,logit-frac,-0.0901207583830227,-0.3299788257352771
nonlinear,-1.8,0.0,6,0.27212644467695823,0.0,Comp_prob,-0.043455146798211136,-0.012146387260063701
nonlinear,-1.8,0.0,6,0.27212644467695823,0.0,NRC,0.014141601460562717,0.07475998748166213
nonlinear,-1.8,0.0,6,0.27212644467695823,0.0,decileZ(Comp),-0.034272581654718096,-0.034272581654718096
nonlinear,-1.8,0.0,6,0.27212644467695823,0.0,decileZ(NRC),0.018307249515071518,0.018307249515071518
nonlinear,-1.8,0.0,6,0.27212644467695823,0.0,logit-frac,0.02272807821056103,0.09416775014846457
nonlinear,-1.8,0.0,7,0.22085127570617388,0.0,Comp_prob,0.04339628937432843,0.009028300379784738
nonlinear,-1.8,0.0,7,0.22085127570617388,0.0,NRC,-0.008945981118634596,-0.03892936416769788
nonlinear,-1.8,0.0,7,0.22085127570617388,0.0,decileZ(Comp),-0.007183982127267217,-0.007183982127267217
nonlinear,-1.8,0.0,7,0.22085127570617388,0.0,decileZ(NRC),-0.014019173143840583,-0.014019173143840583
nonlinear,-1.8,0.0,7,0.22085127570617388,0.0,logit-frac,0.00856115699505,0.02939066909995891
nonlinear,-1.8,0.0,8,0.2998392013090036,0.0,Comp_prob,0.040898671614667634,0.012321094649513815
nonlinear,-1.8,0.0,8,0.2998392013090036,0.0,NRC,0.01685767018019145,0.09744111335729877
nonlinear,-1.8,0.0,8,0.2998392013090036,0.0,decileZ(Comp),0.022549782412129793,0.022549782412129793
nonlinear,-1.8,0.0,8,0.2998392013090036,0.0,decileZ(NRC),0.04920361365424178,0.04920361365424178
nonlinear,-1.8,0.0,8,0.2998392013090036,0.0,logit-frac,0.007761775616473051,0.03130171312632213
nonlinear,-1.8,0.0,9,0.29633889363038385,0.0,Comp_prob,0.1145438728056036,0.03311662657520405
nonlinear,-1.8,0.0,9,0.29633889363038385,0.0,NRC,-0.05360045549699929,-0.28884260567777165
nonlinear,-1.8,0.0,9,0.29633889363038385,0.0,decileZ(Comp),0.08294978364786221,0.08294978364786221
nonlinear,-1.8,0.0,9,0.29633889363038385,0.0,decileZ(NRC),-0.039973192542836794,-0.039973192542836794
nonlinear,-1.8,0.0,9,0.29633889363038385,0.0,logit-frac,-0.03788916866977775,-0.16961010663057866
nonlinear,-1.8,0.0,10,0.28046315907981906,0.0,Comp_prob,0.06619652603396278,0.018856361478670668
nonlinear,-1.8,0.0,10,0.28046315907981906,0.0,NRC,-0.05778583473333607,-0.26892443683261136
nonlinear,-1.8,0.0,10,0.28046315907981906,0.0,decileZ(Comp),0.02569339067737049,0.02569339067737049
nonlinear,-1.8,0.0,10,0.28046315907981906,0.0,decileZ(NRC),0.03227032519914057,0.03227032519914057
nonlinear,-1.8,0.0,10,0.28046315907981906,0.0,logit-frac,-0.02160639745508554,-0.06914244553681503
nonlinear,-1.8,0.0,11,0.3029902043851548,0.0,Comp_prob,-0.0002689137535023011,-8.421897978250215e-05
nonlinear,-1.8,0.0,11,0.3029902043851548,0.0,NRC,-0.0032616607928077704,-0.020102174919281568
nonlinear,-1.8,0.0,11,0.3029902043851548,0.0,decileZ(Comp),-0.016426191250489754,-0.016426191250489754
nonlinear,-1.8,0.0,11,0.3029902043851548,0.0,decileZ(NRC),0.0158715555503285,0.0158715555503285
nonlinear,-1.8,0.0,11,0.3029902043851548,0.0,logit-frac,0.03929026225047201,0.1747779105042221
nonlinear,-1.8,0.2,0,0.30024788793959417,0.1,Comp_prob,0.03880371869910981,0.01163782386637973
nonlinear,-1.8,0.2,0,0.30024788793959417,0.1,NRC,0.010556439775559104,0.05112041424293701
nonlinear,-1.8,0.2,0,0.30024788793959417,0.1,decileZ(Comp),0.0693581481827188,0.0693581481827188
nonlinear,-1.8,0.2,0,0.30024788793959417,0.1,decileZ(NRC),-0.00937822174060911,-0.00937822174060911
nonlinear,-1.8,0.2,0,0.30024788793959417,0.1,logit-frac,0.037041925215369156,0.14096929386868262
nonlinear,-1.8,0.2,1,0.27515871781010376,0.0996,Comp_prob,0.03363555372766391,0.008776878824356654
nonlinear,-1.8,0.2,1,0.27515871781010376,0.0996,NRC,0.05132990685426088,0.19631153905537646
nonlinear,-1.8,0.2,1,0.27515871781010376,0.0996,decileZ(Comp),-0.029644773770060497,-0.029644773770060497
nonlinear,-1.8,0.2,1,0.27515871781010376,0.0996,decileZ(NRC),0.10251444553205238,0.10251444553205238
nonlinear,-1.8,0.2,1,0.27515871781010376,0.0996,logit-frac,0.004159020786588452,0.014838219291024357
nonlinear,-1.8,0.2,2,0.2713335287377504,0.1016,Comp_prob,-0.01596854158737728,-0.003969926380615878
nonlinear,-1.8,0.2,2,0.2713335287377504,0.1016,NRC,0.03234011738721551,0.16746884815051488
nonlinear,-1.8,0.2,2,0.2713335287377504,0.1016,decileZ(Comp),-0.08428649573886679,-0.08428649573886679
nonlinear,-1.8,0.2,2,0.2713335287377504,0.1016,decileZ(NRC),0.03232734699774609,0.03232734699774609
nonlinear,-1.8,0.2,2,0.2713335287377504,0.1016,logit-frac,-0.013798353301476421,-0.04917381367208584
nonlinear,-1.8,0.2,3,0.243864183978769,0.1052,Comp_prob,-0.054585918813681765,-0.012747303878746247
nonlinear,-1.8,0.2,3,0.243864183978769,0.1052,NRC,0.025554839859739286,0.0959939835550555
nonlinear,-1.8,0.2,3,0.243864183978769,0.1052,decileZ(Comp),-0.035521791340307286,-0.035521791340307286
nonlinear,-1.8,0.2,3,0.243864183978769,0.1052,decileZ(NRC),-0.047887430865810876,-0.047887430865810876
nonlinear,-1.8,0.2,3,0.243864183978769,0.1052,logit-frac,0.02659689100055138,0.08807710002233654
nonlinear,-1.8,0.2,4,0.28214425726954206,0.1092,Comp_prob,-0.08542994906609361,-0.023678550877439475
nonlinear,-1.8,0.2,4,0.28214425726954206,0.1092,NRC,0.013460283577910905,0.07297344733554689
nonlinear,-1.8,0.2,4,0.28214425726954206,0.1092,decileZ(Comp),-0.08285477619656346,-0.08285477619656346
nonlinear,-1.8,0.2,4,0.28214425726954206,0.1092,decileZ(NRC),0.034713640326562115,0.034713640326562115
nonlinear,-1.8,0.2,4,0.28214425726954206,0.1092,logit-frac,-0.0005353028925706997,-0.002265535350251535
nonlinear,-1.8,0.2,5,0.26953059808694574,0.1092,Comp_prob,0.07998017230013954,0.02000198892392501
nonlinear,-1.8,0.2,5,0.26953059808694574,0.1092,NRC,-0.09423300213555426,-0.40228459771187863
nonlinear,-1.8,0.2,5,0.26953059808694574,0.1092,decileZ(Comp),0.04010057490368277,0.04010057490368277
nonlinear,-1.8,0.2,5,0.26953059808694574,0.1092,decileZ(NRC),-0.07552745598610051,-0.0755274559861005
nonlinear,-1.8,0.2,5,0.26953059808694574,0.1092,logit-frac,-0.06351003571698345,-0.21948867917590675
nonlinear,-1.8,0.2,6,0.3268926113400172,0.0984,Comp_prob,0.057358668648949826,0.01875740680593102
nonlinear,-1.8,0.2,6,0.3268926113400172,0.0984,NRC,-0.0870850195931784,-0.5079247398806972
nonlinear,-1.8,0.2,6,0.3268926113400172,0.0984,decileZ(Comp),0.04985074772921774,0.049850747729217736
nonlinear,-1.8,0.2,6,0.3268926113400172,0.0984,decileZ(NRC),0.0007558530131820743,0.0007558530131820743
nonlinear,-1.8,0.2,6,0.3268926113400172,0.0984,logit-frac,-0.05641609709651191,-0.2701388681921539
nonlinear,-1.8,0.2,7,0.2987031813893069,0.0992,Comp_prob,-0.05642301215603419,-0.016371281108930477
nonlinear,-1.8,0.2,7,0.2987031813893069,0.0992,NRC,-0.02684026727098979,-0.11355003702103184
nonlinear,-1.8,0.2,7,0.2987031813893069,0.0992,decileZ(Comp),-0.027671964727807787,-0.027671964727807787
nonlinear,-1.8,0.2,7,0.2987031813893069,0.0992,decileZ(NRC),-0.012028570578020977,-0.012028570578020977
nonlinear,-1.8,0.2,7,0.2987031813893069,0.0992,logit-frac,-0.019933393392494565,-0.07401085231416515
nonlinear,-1.8,0.2,8,0.25277397962134,0.0972,Comp_prob,-0.09168636019003662,-0.0218335454428341
nonlinear,-1.8,0.2,8,0.25277397962134,0.0972,NRC,0.005984722806805911,0.034116120686323304
nonlinear,-1.8,0.2,8,0.25277397962134,0.0972,decileZ(Comp),-0.10419302394398723,-0.10419302394398723
nonlinear,-1.8,0.2,8,0.25277397962134,0.0972,decileZ(NRC),-0.011904235246158124,-0.011904235246158124
nonlinear,-1.8,0.2,8,0.25277397962134,0.0972,logit-frac,-0.022444495372245805,-0.09291992926222048
nonlinear,-1.8,0.2,9,0.2724467997686016,0.1076,Comp_prob,0.07658197895832698,0.020339651997628605
nonlinear,-1.8,0.2,9,0.2724467997686016,0.1076,NRC,0.07280842412249146,0.37469971437026883
nonlinear,-1.8,0.2,9,0.2724467997686016,0.1076,decileZ(Comp),0.09319385829631674,0.09319385829631674
nonlinear,-1.8,0.2,9,0.2724467997686016,0.1076,decileZ(NRC),0.07889024207586413,0.07889024207586413
nonlinear,-1.8,0.2,9,0.2724467997686016,0.1076,logit-frac,0.06640246430746669,0.2557801896761972
nonlinear,-1.8,0.2,10,0.28570582924827376,0.1056,Comp_prob,0.025167254636330245,0.0068876052797862165
nonlinear,-1.8,0.2,10,0.28570582924827376,0.1056,NRC,0.10796661887689167,0.6899006341282921
nonlinear,-1.8,0.2,10,0.28570582924827376,0.1056,decileZ(Comp),0.038818349570602484,0.038818349570602484
nonlinear,-1.8,0.2,10,0.28570582924827376,0.1056,decileZ(NRC),0.13833546992571094,0.13833546992571094
nonlinear,-1.8,0.2,10,0.28570582924827376,0.1056,logit-frac,0.058782346873724,0.23618119389773895
nonlinear,-1.8,0.2,11,0.3147395757516267,0.0964,Comp_prob,0.0657915334556662,0.02082295415942067
nonlinear,-1.8,0.2,11,0.3147395757516267,0.0964,NRC,0.04334657933176892,0.2389934977706628
nonlinear,-1.8,0.2,11,0.3147395757516267,0.0964,decileZ(Comp),0.05080107777201572,0.05080107777201572
nonlinear,-1.8,0.2,11,0.3147395757516267,0.0964,decileZ(NRC),0.09972418514960484,0.09972418514960484
nonlinear,-1.8,0.2,11,0.3147395757516267,0.0964,logit-frac,-0.029457172140844808,-0.13730937567270562
nonlinear,-1.8,0.4,0,0.3323312372463935,0.2076,Comp_prob,0.053415436145524825,0.01668565454811275
nonlinear,-1.8,0.4,0,0.3323312372463935,0.2076,NRC,-0.004293562206325741,-0.02636270526225548
nonlinear,-1.8,0.4,0,0.3323312372463935,0.2076,decileZ(Comp),0.06581071803813457,0.06581071803813457
nonlinear,-1.8,0.4,0,0.3323312372463935,0.2076,decileZ(NRC),0.0025732056719324423,0.0025732056719324423
nonlinear,-1.8,0.4,0,0.3323312372463935,0.2076,logit-frac,-0.024198553051588936,-0.10350691482020152
nonlinear,-1.8,0.4,1,0.3185088637647701,0.2032,Comp_prob,0.027701351708880575,0.009077296498835551
nonlinear,-1.8,0.4,1,0.3185088637647701,0.2032,NRC,0.008031361551250223,0.039403245651664864
nonlinear,-1.8,0.4,1,0.3185088637647701,0.2032,decileZ(Comp),0.035668253587585526,0.035668253587585526
nonlinear,-1.8,0.4,1,0.3185088637647701,0.2032,decileZ(NRC),0.024126281328246596,0.024126281328246596
nonlinear,-1.8,0.4,1,0.3185088637647701,0.2032,logit-frac,0.003257911406330234,0.014739810611233528
nonlinear,-1.8,0.4,2,0.2756551769631871,0.2116,Comp_prob,-0.039838354715886086,-0.011222832464641674
nonlinear,-1.8,0.4,2,0.2756551769631871,0.2116,NRC,-0.028385268038011783,-0.10765157369396894
nonlinear,-1.8,0.4,2,0.2756551769631871,0.2116,decileZ(Comp),-0.027095413433250337,-0.027095413433250337
nonlinear,-1.8,0.4,2,0.2756551769631871,0.2116,decileZ(NRC),0.026904755105982878,0.026904755105982878
nonlinear,-1.8,0.4,2,0.2756551769631871,0.2116,logit-frac,-0.029740536576153182,-0.08975012692673612
nonlinear,-1.8,0.4,3,0.28210995262270133,0.2188,Comp_prob,-0.004693361124887178,-0.001265877922490083
nonlinear,-1.8,0.4,3,0.28210995262270133,0.2188,NRC,-0.01593112841399737,-0.0858786036495367
nonlinear,-1.8,0.4,3,0.28210995262270133,0.2188,decileZ(Comp),-0.022113224760919373,-0.022113224760919373
nonlinear,-1.8,0.4,3,0.28210995262270133,0.2188,decileZ(NRC),0.0870028435796524,0.0870028435796524
nonlinear,-1.8,0.4,3,0.28210995262270133,0.2188,logit-frac,0.022092160627411154,0.08786238028081195
nonlinear,-1.8,0.4,4,0.28556854514817426,0.2004,Comp_prob,0.022865228306310954,0.006613174924982548
nonlinear,-1.8,0.4,4,0.28556854514817426,0.2004,NRC,0.06764303052468461,0.3823461361432919
nonlinear,-1.8,0.4,4,0.28556854514817426,0.2004,decileZ(Comp),0.01151800753002421,0.01151800753002421
nonlinear,-1.8,0.4,4,0.28556854514817426,0.2004,decileZ(NRC),0.1793140608156354,0.1793140608156354
nonlinear,-1.8,0.4,4,0.28556854514817426,0.2004,logit-frac,0.10891384630025103,0.37686991052689306
nonlinear,-1.8,0.4,5,0.30431389065780057,0.2012,Comp_prob,0.021925988121172763,0.0064576332171969834
nonlinear,-1.8,0.4,5,0.30431389065780057,0.2012,NRC,-0.09280698977424125,-0.5565956161356737
nonlinear,-1.8,0.4,5,0.30431389065780057,0.2012,decileZ(Comp),0.047540044828611086,0.047540044828611086
nonlinear,-1.8,0.4,5,0.30431389065780057,0.2012,decileZ(NRC),0.03238480004971866,0.03238480004971866
nonlinear,-1.8,0.4,5,0.30431389065780057,0.2012,logit-frac,-0.07572079133307075,-0.34103626022692823
nonlinear,-1.8,0.4,6,0.25836695712096347,0.2012,Comp_prob,-0.0267412050886052,-0.005716404051595347
nonlinear,-1.8,0.4,6,0.25836695712096347,0.2012,NRC,-0.01704666186633563,-0.08861862041676116
nonlinear,-1.8,0.4,6,0.25836695712096347,0.2012,decileZ(Comp),-0.04432877025149939,-0.04432877025149939
nonlinear,-1.8,0.4,6,0.25836695712096347,0.2012,decileZ(NRC),0.01597568480574724,0.01597568480574724
nonlinear,-1.8,0.4,6,0.25836695712096347,0.2012,logit-frac,-0.021479750638231328,-0.07996637968038234
nonlinear,-1.8,0.4,7,0.3409731310708304,0.19,Comp_prob,0.057574889703450156,0.018685891925165583
nonlinear,-1.8,0.4,7,0.3409731310708304,0.19,NRC,-0.08790743405109812,-0.4734727091743196
nonlinear,-1.8,0.4,7,0.3409731310708304,0.19,decileZ(Comp),0.058175188285562465,0.058175188285562465
nonlinear,-1.8,0.4,7,0.3409731310708304,0.19,decileZ(NRC),0.01418477529871439,0.01418477529871439
nonlinear,-1.8,0.4,7,0.3409731310708304,0.19,logit-frac,-0.09588733238790945,-0.4806015922500113
nonlinear,-1.8,0.4,8,0.25295910448449904,0.1956,Comp_prob,0.11544300207658438,0.02718633903791691
nonlinear,-1.8,0.4,8,0.25295910448449904,0.1956,NRC,0.0016450562721837113,0.006728797408957488
nonlinear,-1.8,0.4,8,0.25295910448449904,0.1956,decileZ(Comp),0.05343193273638173,0.05343193273638173
nonlinear,-1.8,0.4,8,0.25295910448449904,0.1956,decileZ(NRC),0.14046874970877307,0.14046874970877307
nonlinear,-1.8,0.4,8,0.25295910448449904,0.1956,logit-frac,0.037736161919933474,0.11699913152684427
nonlinear,-1.8,0.4,9,0.22611727496110426,0.2104,Comp_prob,0.054507721236030614,0.01125757470213578
nonlinear,-1.8,0.4,9,0.22611727496110426,0.2104,NRC,0.015545795796871001,0.0620022008199429
nonlinear,-1.8,0.4,9,0.22611727496110426,0.2104,decileZ(Comp),-0.016999915686408705,-0.016999915686408705
nonlinear,-1.8,0.4,9,0.22611727496110426,0.2104,decileZ(NRC),0.13658757460777166,0.13658757460777166
nonlinear,-1.8,0.4,9,0.22611727496110426,0.2104,logit-frac,0.04032980145278155,0.11871336738220428
nonlinear,-1.8,0.4,10,0.277300149065428,0.2036,Comp_prob,0.0736978875930081,0.01971887360627923
nonlinear,-1.8,0.4,10,0.277300149065428,0.2036,NRC,0.03831355666023792,0.24709565592854799
nonlinear,-1.8,0.4,10,0.277300149065428,0.2036,decileZ(Comp),0.08724622046231711,0.08724622046231711
nonlinear,-1.8,0.4,10,0.277300149065428,0.2036,decileZ(NRC),0.0414259797150595,0.0414259797150595
nonlinear,-1.8,0.4,10,0.277300149065428,0.2036,logit-frac,0.009201882303938338,0.03988783220424075
nonlinear,-1.8,0.4,11,0.2585820222859521,0.192,Comp_prob,0.04245707466003186,0.010196438672774626
nonlinear,-1.8,0.4,11,0.2585820222859521,0.192,NRC,0.09285439021770639,0.36101173751057547
nonlinear,-1.8,0.4,11,0.2585820222859521,0.192,decileZ(Comp),0.04697321677437482,0.04697321677437482
nonlinear,-1.8,0.4,11,0.2585820222859521,0.192,decileZ(NRC),0.11283109320068727,0.11283109320068727
nonlinear,-1.8,0.4,11,0.2585820222859521,0.192,logit-frac,0.12145175549133337,0.3731839772091434
nonlinear,-1.8,0.6,0,0.25552320678172963,0.2908,Comp_prob,0.00940741666156508,0.0021473419962659574
nonlinear,-1.8,0.6,0,0.25552320678172963,0.2908,NRC,-0.07943391403459242,-0.4358445800933236
nonlinear,-1.8,0.6,0,0.25552320678172963,0.2908,decileZ(Comp),-0.034934810892877255,-0.034934810892877255
nonlinear,-1.8,0.6,0,0.25552320678172963,0.2908,decileZ(NRC),-0.016192789093717828,-0.016192789093717828
nonlinear,-1.8,0.6,0,0.25552320678172963,0.2908,logit-frac,-0.09955152975883988,-0.32848932785662033
nonlinear,-1.8,0.6,1,0.26917494048234447,0.308,Comp_prob,-0.008847237202489847,-0.0022540057793014306
nonlinear,-1.8,0.6,1,0.26917494048234447,0.308,NRC,0.040746953164998906,0.19163144728298354
nonlinear,-1.8,0.6,1,0.26917494048234447,0.308,decileZ(Comp),-0.033301043602340714,-0.033301043602340714
nonlinear,-1.8,0.6,1,0.26917494048234447,0.308,decileZ(NRC),0.10070370556310834,0.10070370556310834
nonlinear,-1.8,0.6,1,0.26917494048234447,0.308,logit-frac,0.0315089551426402,0.12667563902841927
nonlinear,-1.8,0.6,2,0.296171639116808,0.3076,Comp_prob,0.13960785300222978,0.037693111521962835
nonlinear,-1.8,0.6,2,0.296171639116808,0.3076,NRC,-0.08120018137920211,-0.3183650061749559
nonlinear,-1.8,0.6,2,0.296171639116808,0.3076,decileZ(Comp),0.13665173067276976,0.13665173067276976
nonlinear,-1.8,0.6,2,0.296171639116808,0.3076,decileZ(NRC),-0.016919936633405453,-0.016919936633405453
nonlinear,-1.8,0.6,2,0.296171639116808,0.3076,logit-frac,-0.06821278649190893,-0.22255184444980325
nonlinear,-1.8,0.6,3,0.31930450231496327,0.2852,Comp_prob,0.050328820442028355,0.014661590273872014
nonlinear,-1.8,0.6,3,0.31930450231496327,0.2852,NRC,-0.03701068613760401,-0.19147066004852942
nonlinear,-1.8,0.6,3,0.31930450231496327,0.2852,decileZ(Comp),0.02109001860464388,0.02109001860464388
nonlinear,-1.8,0.6,3,0.31930450231496327,0.2852,decileZ(NRC),0.014867496764668198,0.014867496764668198
nonlinear,-1.8,0.6,3,0.31930450231496327,0.2852,logit-frac,0.029795310960710523,0.12983600169095855
nonlinear,-1.8,0.6,4,0.3206129332294567,0.3064,Comp_prob,0.019035248911871614,0.005796254440193577
nonlinear,-1.8,0.6,4,0.3206129332294567,0.3064,NRC,0.03296913103688411,0.23116072747559613
nonlinear,-1.8,0.6,4,0.3206129332294567,0.3064,decileZ(Comp),-0.021441531766050813,-0.021441531766050813
nonlinear,-1.8,0.6,4,0.3206129332294567,0.3064,decileZ(NRC),0.10389078306061666,0.10389078306061666
nonlinear,-1.8,0.6,4,0.3206129332294567,0.3064,logit-frac,0.02285610932435472,0.10568390899736296
nonlinear,-1.8,0.6,5,0.25917224448423803,0.29,Comp_prob,-0.0263249422780779,-0.006376189567882065
nonlinear,-1.8,0.6,5,0.25917224448423803,0.29,NRC,-0.006749158594068935,-0.036529412338893785
nonlinear,-1.8,0.6,5,0.25917224448423803,0.29,decileZ(Comp),-0.017511855677672186,-0.017511855677672186
nonlinear,-1.8,0.6,5,0.25917224448423803,0.29,decileZ(NRC),0.02767928461900628,0.02767928461900628
nonlinear,-1.8,0.6,5,0.25917224448423803,0.29,logit-frac,0.03945840097652809,0.14258673553078033
nonlinear,-1.8,0.6,6,0.25605904431845744,0.3152,Comp_prob,0.14149585939386483,0.03488573662199542
nonlinear,-1.8,0.6,6,0.25605904431845744,0.3152,NRC,0.06395912262279127,0.34504320397164556
nonlinear,-1.8,0.6,6,0.25605904431845744,0.3152,decileZ(Comp),0.1241128683440816,0.1241128683440816
nonlinear,-1.8,0.6,6,0.25605904431845744,0.3152,decileZ(NRC),0.10279481084084091,0.10279481084084091
nonlinear,-1.8,0.6,6,0.25605904431845744,0.3152,logit-frac,0.02759946874286928,0.12332489873351232
nonlinear,-1.8,0.6,7,0.28707722440875133,0.288,Comp_prob,0.0323247241927419,0.00835836884845869
nonlinear,-1.8,0.6,7,0.28707722440875133,0.288,NRC,0.015452062541824452,0.09411316654431062
nonlinear,-1.8,0.6,7,0.28707722440875133,0.288,decileZ(Comp),0.020320477882154988,0.020320477882154988
nonlinear,-1.8,0.6,7,0.28707722440875133,0.288,decileZ(NRC),0.07706568232369834,0.07706568232369834
nonlinear,-1.8,0.6,7,0.28707722440875133,0.288,logit-frac,0.012669220263594384,0.053531371638156355
nonlinear,-1.8,0.6,8,0.24735995149018944,0.2908,Comp_prob,0.09910967513599442,0.022307206717744915
nonlinear,-1.8,0.6,8,0.24735995149018944,0.2908,NRC,0.02362961506691978,0.11372769294793122
nonlinear,-1.8,0.6,8,0.24735995149018944,0.2908,decileZ(Comp),0.08473652635661477,0.08473652635661477
nonlinear,-1.8,0.6,8,0.24735995149018944,0.2908,decileZ(NRC),0.028496321311175403,0.028496321311175403
nonlinear,-1.8,0.6,8,0.24735995149018944,0.2908,logit-frac,0.034377138360735165,0.11066639561665642
nonlinear,-1.8,0.6,9,0.28915233891358,0.2908,Comp_prob,0.06381371629802324,0.016807362390001357
nonlinear,-1.8,0.6,9,0.28915233891358,0.2908,NRC,0.03276903648452941,0.12705885411151108
nonlinear,-1.8,0.6,9,0.28915233891358,0.2908,decileZ(Comp),0.0647103778814991,0.0647103778814991
nonlinear,-1.8,0.6,9,0.28915233891358,0.2908,decileZ(NRC),0.05682231106133458,0.05682231106133458
nonlinear,-1.8,0.6,9,0.28915233891358,0.2908,logit-frac,0.017115594361465668,0.06366462172142412
nonlinear,-1.8,0.6,10,0.29819767543622755,0.298,Comp_prob,-0.01050892290254237,-0.002919083418490909
nonlinear,-1.8,0.6,10,0.29819767543622755,0.298,NRC,0.037504854824013875,0.19202352719257343
nonlinear,-1.8,0.6,10,0.29819767543622755,0.298,decileZ(Comp),-0.039986980231380656,-0.039986980231380656
nonlinear,-1.8,0.6,10,0.29819767543622755,0.298,decileZ(NRC),0.10276786876740888,0.10276786876740887
nonlinear,-1.8,0.6,10,0.29819767543622755,0.298,logit-frac,-0.009782725603575081,-0.04165707101191335
nonlinear,-1.8,0.6,11,0.32212917423708787,0.294,Comp_prob,0.0386297510312288,0.011798202860218905
nonlinear,-1.8,0.6,11,0.32212917423708787,0.294,NRC,0.1472811285837421,0.8729077925853286
nonlinear,-1.8,0.6,11,0.32212917423708787,0.294,decileZ(Comp),0.04210588290109321,0.04210588290109321
nonlinear,-1.8,0.6,11,0.32212917423708787,0.294,decileZ(NRC),0.0811614567324115,0.0811614567324115
nonlinear,-1.8,0.6,11,0.32212917423708787,0.294,logit-frac,0.102272122134352,0.527185594676687
nonlinear,-1.8,0.8,0,0.2731408478524005,0.3952,Comp_prob,0.16763932992753655,0.04019326825381227
nonlinear,-1.8,0.8,0,0.2731408478524005,0.3952,NRC,0.1131343482292699,0.5846352972754437
nonlinear,-1.8,0.8,0,0.2731408478524005,0.3952,decileZ(Comp),0.10471250231069708,0.10471250231069708
nonlinear,-1.8,0.8,0,0.2731408478524005,0.3952,decileZ(NRC),0.21612850039472348,0.21612850039472348
nonlinear,-1.8,0.8,0,0.2731408478524005,0.3952,logit-frac,0.14892919460998857,0.5534652287310498
nonlinear,-1.8,0.8,1,0.2807673279995388,0.3784,Comp_prob,0.0653013651796583,0.01716182233417604
nonlinear,-1.8,0.8,1,0.2807673279995388,0.3784,NRC,0.0036983412842084115,0.018376617404938567
nonlinear,-1.8,0.8,1,0.2807673279995388,0.3784,decileZ(Comp),0.06281446046896487,0.06281446046896487
nonlinear,-1.8,0.8,1,0.2807673279995388,0.3784,decileZ(NRC),0.017589374230368333,0.017589374230368333
nonlinear,-1.8,0.8,1,0.2807673279995388,0.3784,logit-frac,0.00011331299584323386,0.00047224904790255096
nonlinear,-1.8,0.8,2,0.3169111343879317,0.3984,Comp_prob,0.022578805669381967,0.006714131095457616
nonlinear,-1.8,0.8,2,0.3169111343879317,0.3984,NRC,0.07165816793093172,0.39552986569414883
nonlinear,-1.8,0.8,2,0.3169111343879317,0.3984,decileZ(Comp),0.015231701530555478,0.015231701530555478
nonlinear,-1.8,0.8,2,0.3169111343879317,0.3984,decileZ(NRC),0.16018996115208728,0.16018996115208728
nonlinear,-1.8,0.8,2,0.3169111343879317,0.3984,logit-frac,0.06626640174805454,0.2879877500997503
nonlinear,-1.8,0.8,3,0.31095727022932196,0.4024,Comp_prob,0.17623680061937327,0.05196019282971626
nonlinear,-1.8,0.8,3,0.31095727022932196,0.4024,NRC,-0.059171932453291186,-0.2978582956977037
nonlinear,-1.8,0.8,3,0.31095727022932196,0.4024,decileZ(Comp),0.1479863184855569,0.1479863184855569
nonlinear,-1.8,0.8,3,0.31095727022932196,0.4024,decileZ(NRC),0.04829532232602579,0.04829532232602579
nonlinear,-1.8,0.8,3,0.31095727022932196,0.4024,logit-frac,-0.02519200047808592,-0.11618131512615304
nonlinear,-1.8,0.8,4,0.2742516360532487,0.4076,Comp_prob,0.11111564116826331,0.02809028941296105
nonlinear,-1.8,0.8,4,0.2742516360532487,0.4076,NRC,0.005357484723738156,0.023597515878700404
nonlinear,-1.8,0.8,4,0.2742516360532487,0.4076,decileZ(Comp),0.08775776346621791,0.08775776346621791
nonlinear,-1.8,0.8,4,0.2742516360532487,0.4076,decileZ(NRC),0.03823409502652468,0.03823409502652468
nonlinear,-1.8,0.8,4,0.2742516360532487,0.4076,logit-frac,0.055159776357240786,0.1985551868549149
nonlinear,-1.8,0.8,5,0.29758724879679666,0.414,Comp_prob,-0.03677268316919929,-0.0098498739333106
nonlinear,-1.8,0.8,5,0.29758724879679666,0.414,NRC,-0.013422898047962857,-0.06021833035490465
nonlinear,-1.8,0.8,5,0.29758724879679666,0.414,decileZ(Comp),-0.023176934780444188,-0.023176934780444188
nonlinear,-1.8,0.8,5,0.29758724879679666,0.414,decileZ(NRC),0.11543786987151944,0.11543786987151944
nonlinear,-1.8,0.8,5,0.29758724879679666,0.414,logit-frac,-0.001396043476535434,-0.004927545516095588
nonlinear,-1.8,0.8,6,0.34405818909875246,0.3816,Comp_prob,0.10574785625089445,0.03388197152020303
nonlinear,-1.8,0.8,6,0.34405818909875246,0.3816,NRC,0.07895688745357836,0.48027652867754855
nonlinear,-1.8,0.8,6,0.34405818909875246,0.3816,decileZ(Comp),0.11822829002200269,0.11822829002200269
nonlinear,-1.8,0.8,6,0.34405818909875246,0.3816,decileZ(NRC),0.08678879469476025,0.08678879469476025
nonlinear,-1.8,0.8,6,0.34405818909875246,0.3816,logit-frac,0.048203762570120434,0.28484262156564344
nonlinear,-1.8,0.8,7,0.2864053887510764,0.3868,Comp_prob,-0.00534719780280203,-0.0014526983075032474
nonlinear,-1.8,0.8,7,0.2864053887510764,0.3868,NRC,0.12317790753353755,0.6554155619979845
nonlinear,-1.8,0.8,7,0.2864053887510764,0.3868,decileZ(Comp),-0.0147788937274657,-0.0147788937274657
nonlinear,-1.8,0.8,7,0.2864053887510764,0.3868,decileZ(NRC),0.22944990257902115,0.22944990257902115
nonlinear,-1.8,0.8,7,0.2864053887510764,0.3868,logit-frac,0.10663224258638805,0.4509247560349134
nonlinear,-1.8,0.8,8,0.23277351510431682,0.3976,Comp_prob,0.0790887443240573,0.01575394091205707
nonlinear,-1.8,0.8,8,0.23277351510431682,0.3976,NRC,0.09349134896008887,0.37026537010071886
nonlinear,-1.8,0.8,8,0.23277351510431682,0.3976,decileZ(Comp),0.027209591190493442,0.027209591190493442
nonlinear,-1.8,0.8,8,0.23277351510431682,0.3976,decileZ(NRC),0.17491275551455548,0.17491275551455548
nonlinear,-1.8,0.8,8,0.23277351510431682,0.3976,logit-frac,0.07629910058509423,0.24176127906570793
nonlinear,-1.8,0.8,9,0.2889497246982229,0.3876,Comp_prob,0.017468035675313843,0.004633301572120555
nonlinear,-1.8,0.8,9,0.2889497246982229,0.3876,NRC,0.03427273186274959,0.22308755960217258
nonlinear,-1.8,0.8,9,0.2889497246982229,0.3876,decileZ(Comp),0.00645486067017928,0.00645486067017928
nonlinear,-1.8,0.8,9,0.2889497246982229,0.3876,decileZ(NRC),0.12046558133712745,0.12046558133712745
nonlinear,-1.8,0.8,9,0.2889497246982229,0.3876,logit-frac,0.012821393511262304,0.05324847206829614
nonlinear,-1.8,0.8,10,0.2595812540617081,0.4044,Comp_prob,0.0854413551278426,0.02039107735802479
nonlinear,-1.8,0.8,10,0.2595812540617081,0.4044,NRC,-0.02208956734021415,-0.0964150570162079
nonlinear,-1.8,0.8,10,0.2595812540617081,0.4044,decileZ(Comp),0.03380930515038901,0.03380930515038901
nonlinear,-1.8,0.8,10,0.2595812540617081,0.4044,decileZ(NRC),0.09812119166252117,0.09812119166252117
nonlinear,-1.8,0.8,10,0.2595812540617081,0.4044,logit-frac,-0.039281716593480814,-0.13950796020431894
nonlinear,-1.8,0.8,11,0.25482061025354585,0.404,Comp_prob,0.11549274061783997,0.02727025879583852
nonlinear,-1.8,0.8,11,0.25482061025354585,0.404,NRC,0.11769723748801207,0.622749943842442
nonlinear,-1.8,0.8,11,0.25482061025354585,0.404,decileZ(Comp),0.06365218290243296,0.06365218290243296
nonlinear,-1.8,0.8,11,0.25482061025354585,0.404,decileZ(NRC),0.18873880857206593,0.18873880857206593
nonlinear,-1.8,0.8,11,0.25482061025354585,0.404,logit-frac,0.15769901155201746,0.6337478006044864
nonlinear,-1.8,1.0,0,0.20770436532827594,0.5004,Comp_prob,0.02680401905238958,0.004616444077017484
nonlinear,-1.8,1.0,0,0.20770436532827594,0.5004,NRC,0.18980249390370935,0.7356251713217294
nonlinear,-1.8,1.0,0,0.20770436532827594,0.5004,decileZ(Comp),-0.09790801105696206,-0.09790801105696206
nonlinear,-1.8,1.0,0,0.20770436532827594,0.5004,decileZ(NRC),0.23554570001068287,0.23554570001068287
nonlinear,-1.8,1.0,0,0.20770436532827594,0.5004,logit-frac,0.18152966647338123,0.5935372058070134
nonlinear,-1.8,1.0,1,0.28754295870068175,0.4952,Comp_prob,0.17443622436565273,0.04511090342321122
nonlinear,-1.8,1.0,1,0.28754295870068175,0.4952,NRC,0.1508717488640619,0.724923591872557
nonlinear,-1.8,1.0,1,0.28754295870068175,0.4952,decileZ(Comp),0.1531441652854057,0.1531441652854057
nonlinear,-1.8,1.0,1,0.28754295870068175,0.4952,decileZ(NRC),0.21085797332950912,0.21085797332950912
nonlinear,-1.8,1.0,1,0.28754295870068175,0.4952,logit-frac,0.13803139740731324,0.4906855409805543
nonlinear,-1.8,1.0,2,0.2617575661288054,0.4992,Comp_prob,0.09965444557857271,0.022291829315566003
nonlinear,-1.8,1.0,2,0.2617575661288054,0.4992,NRC,0.09422181736412232,0.3100536232835282
nonlinear,-1.8,1.0,2,0.2617575661288054,0.4992,decileZ(Comp),0.018225075991246575,0.018225075991246575
nonlinear,-1.8,1.0,2,0.2617575661288054,0.4992,decileZ(NRC),0.33423804881192487,0.33423804881192487
nonlinear,-1.8,1.0,2,0.2617575661288054,0.4992,logit-frac,0.04162614403179057,0.1286285917963203
nonlinear,-1.8,1.0,3,0.29730294504533455,0.4972,Comp_prob,0.059116701472668495,0.015712456384006694
nonlinear,-1.8,1.0,3,0.29730294504533455,0.4972,NRC,0.08863017387567709,0.4455309836193554
nonlinear,-1.8,1.0,3,0.29730294504533455,0.4972,decileZ(Comp),0.07581349675072742,0.07581349675072742
nonlinear,-1.8,1.0,3,0.29730294504533455,0.4972,decileZ(NRC),0.15648738353660963,0.15648738353660963
nonlinear,-1.8,1.0,3,0.29730294504533455,0.4972,logit-frac,0.0746724259670467,0.3272217322652292
nonlinear,-1.8,1.0,4,0.28972186638584546,0.4872,Comp_prob,0.10341481590169453,0.024201042558820794
nonlinear,-1.8,1.0,4,0.28972186638584546,0.4872,NRC,0.17875346407027934,0.7083485429523784
nonlinear,-1.8,1.0,4,0.28972186638584546,0.4872,decileZ(Comp),0.04794122427932381,0.04794122427932381
nonlinear,-1.8,1.0,4,0.28972186638584546,0.4872,decileZ(NRC),0.2226978378681033,0.2226978378681033
nonlinear,-1.8,1.0,4,0.28972186638584546,0.4872,logit-frac,0.12584785232661255,0.3972967157231775
nonlinear,-1.8,1.0,5,0.28116603493692693,0.4916,Comp_prob,-0.06307250612279706,-0.01636778966876238
nonlinear,-1.8,1.0,5,0.28116603493692693,0.4916,NRC,0.2227256716452246,1.0809642622403446
nonlinear,-1.8,1.0,5,0.28116603493692693,0.4916,decileZ(Comp),-0.0794069614872509,-0.0794069614872509
nonlinear,-1.8,1.0,5,0.28116603493692693,0.4916,decileZ(NRC),0.18533469313877532,0.18533469313877532
nonlinear,-1.8,1.0,5,0.28116603493692693,0.4916,logit-frac,0.22980380505345588,0.8800904522925478
nonlinear,-1.8,1.0,6,0.29004920307848225,0.51,Comp_prob,0.05518166359650075,0.014415559578249155
nonlinear,-1.8,1.0,6,0.29004920307848225,0.51,NRC,-0.004329916430049398,-0.02086983397894937
nonlinear,-1.8,1.0,6,0.29004920307848225,0.51,decileZ(Comp),0.030597198207369433,0.030597198207369433
nonlinear,-1.8,1.0,6,0.29004920307848225,0.51,decileZ(NRC),0.13229947363592592,0.13229947363592592
nonlinear,-1.8,1.0,6,0.29004920307848225,0.51,logit-frac,0.016287773881779273,0.07791411053380798
nonlinear,-1.8,1.0,7,0.24429474220285483,0.5052,Comp_prob,0.16367498736002734,0.03299286806761735
nonlinear,-1.8,1.0,7,0.24429474220285483,0.5052,NRC,0.12780183356600403,0.4990341690963095
nonlinear,-1.8,1.0,7,0.24429474220285483,0.5052,decileZ(Comp),0.10010912894806187,0.10010912894806187
nonlinear,-1.8,1.0,7,0.24429474220285483,0.5052,decileZ(NRC),0.27160383676849886,0.27160383676849886
nonlinear,-1.8,1.0,7,0.24429474220285483,0.5052,logit-frac,0.17499747697631432,0.5583966932354264
nonlinear,-1.8,1.0,8,0.2989293592121704,0.504,Comp_prob,0.04917452429909037,0.012727047757574462
nonlinear,-1.8,1.0,8,0.2989293592121704,0.504,NRC,0.0011325483657595931,0.004834205113083745
nonlinear,-1.8,1.0,8,0.2989293592121704,0.504,decileZ(Comp),0.019346512320761268,0.019346512320761268
nonlinear,-1.8,1.0,8,0.2989293592121704,0.504,decileZ(NRC),0.16133740730236695,0.16133740730236695
nonlinear,-1.8,1.0,8,0.2989293592121704,0.504,logit-frac,-0.0461038812190891,-0.16519513197840258
nonlinear,-1.8,1.0,9,0.2910776139143809,0.4952,Comp_prob,0.0969031075548059,0.025105859473928804
nonlinear,-1.8,1.0,9,0.2910776139143809,0.4952,NRC,0.13233096366589092,0.7788530511458178
nonlinear,-1.8,1.0,9,0.2910776139143809,0.4952,decileZ(Comp),0.060615909087091475,0.060615909087091475
nonlinear,-1.8,1.0,9,0.2910776139143809,0.4952,decileZ(NRC),0.18863329955974054,0.18863329955974054
nonlinear,-1.8,1.0,9,0.2910776139143809,0.4952,logit-frac,0.06024674859480789,0.2193290984301426
nonlinear,-1.8,1.0,10,0.2278368544558678,0.4912,Comp_prob,0.07544601477748598,0.01428020594197108
nonlinear,-1.8,1.0,10,0.2278368544558678,0.4912,NRC,0.09548156777772406,0.4474678958614289
nonlinear,-1.8,1.0,10,0.2278368544558678,0.4912,decileZ(Comp),0.01927573432445716,0.01927573432445716
nonlinear,-1.8,1.0,10,0.2278368544558678,0.4912,decileZ(NRC),0.1795682461399512,0.1795682461399512
nonlinear,-1.8,1.0,10,0.2278368544558678,0.4912,logit-frac,0.12232900145985849,0.41822971415129967
nonlinear,-1.8,1.0,11,0.3000385692713425,0.512,Comp_prob,0.09105305459117116,0.02317837995883755
nonlinear,-1.8,1.0,11,0.3000385692713425,0.512,NRC,0.02020965736418869,0.10754712721684556
nonlinear,-1.8,1.0,11,0.3000385692713425,0.512,decileZ(Comp),0.05671973444562375,0.05671973444562375
nonlinear,-1.8,1.0,11,0.3000385692713425,0.512,decileZ(NRC),0.06215906729252574,0.06215906729252574
nonlinear,-1.8,1.0,11,0.3000385692713425,0.512,logit-frac,0.027566979554795455,0.11019197889811533
