Arm,Stratifier,DGP,Intercept,Strength,Rep,Metric,USFG,CI_lo,CI_hi,CI_excludes_0,MannWhitney_p,p_FDR,Declared
FPR,aleatoric,logistic,-3.6,0.0,0,Comp_prob,-1.4843152309717527,-1.5808250063753475,-1.3956420383979922,True,2.5245441906514253e-195,1.6661991658299407e-193,True
FPR,aleatoric,logistic,-3.6,0.0,0,NRC,0.057288805396204914,0.016942992157869936,0.10923058569791995,True,2.2538155385632052e-10,4.958394184839051e-09,True
FPR,aleatoric,logistic,-3.6,0.0,0,decileZ(Comp),-0.012528077251356391,-0.12158458169555829,0.08971812963723926,False,6.920464448127216e-10,1.1418766339409906e-08,False
FPR,aleatoric,logistic,-3.6,0.0,0,decileZ(NRC),-0.003872228261704895,-0.11460426856063383,0.10644855244828029,False,1.127225604516741e-16,3.719844494905245e-15,False
FPR,aleatoric,logistic,-3.6,0.0,0,logit-frac,0.0018540255396681331,-0.017021624962089036,0.019686295632810328,False,0.4660068779048041,0.9000027948165982,False
FPR,epistemic,logistic,-3.6,0.0,0,Comp_prob,0.09027412038175454,-0.021116780164132248,0.2052457444071487,False,0.013993013105822438,0.8386791304465688,False
FPR,epistemic,logistic,-3.6,0.0,0,NRC,-0.006896205375646594,-0.1277380471464829,0.14014671031070614,False,0.6255605049409757,0.9862172502225461,False
FPR,epistemic,logistic,-3.6,0.0,0,decileZ(Comp),0.051064556124611436,-0.04706508598216938,0.1563615087016358,False,0.1273248389012821,0.9862172502225461,False
FPR,epistemic,logistic,-3.6,0.0,0,decileZ(NRC),-0.028296703962426603,-0.14429731003624602,0.08933328354664305,False,0.8214995934363734,0.9862172502225461,False
FPR,epistemic,logistic,-3.6,0.0,0,logit-frac,0.048852495579405714,-0.07549937119345837,0.1576900642100008,False,0.9259185276894695,0.9862172502225461,False
FPR,aleatoric,logistic,-3.6,0.0,1,Comp_prob,-1.785470602864474,-1.935947849773937,-1.6504792342490868,True,1.4120227838679997e-199,9.319350373528799e-198,True
FPR,aleatoric,logistic,-3.6,0.0,1,NRC,-0.003683684677326113,-0.038875244985199904,0.03420538777806097,False,3.047067401452589e-14,1.0055322424793544e-12,False
FPR,aleatoric,logistic,-3.6,0.0,1,decileZ(Comp),-0.044483236431963176,-0.15026603870722088,0.06243915139066334,False,1.4937339064679146e-09,2.4646609456720592e-08,False
FPR,aleatoric,logistic,-3.6,0.0,1,decileZ(NRC),-0.028774320273677198,-0.14055536326751378,0.096214037401939,False,3.920762706220177e-11,8.62567795368439e-10,False
FPR,aleatoric,logistic,-3.6,0.0,1,logit-frac,-0.007466737380790222,-0.026752282345474623,0.011132678201779609,False,0.4166128743580144,0.7313974539561432,False
FPR,epistemic,logistic,-3.6,0.0,1,Comp_prob,0.05973803284590863,-0.041911322971837715,0.1666571974751137,False,0.4208243474545571,0.8609032167920582,False
FPR,epistemic,logistic,-3.6,0.0,1,NRC,0.06647337466721269,-0.03617501000297829,0.17999087125071747,False,0.33833238502588703,0.8609032167920582,False
FPR,epistemic,logistic,-3.6,0.0,1,decileZ(Comp),-0.13059969123633705,-0.2349455676900191,-0.028449794722893808,True,0.019022719388544624,0.41849982654798173,False
FPR,epistemic,logistic,-3.6,0.0,1,decileZ(NRC),0.08126282143997361,-0.0409196524673541,0.19050775796327055,False,0.07545797065157299,0.5933158035331327,False
FPR,epistemic,logistic,-3.6,0.0,1,logit-frac,-0.013672906284501692,-0.1343504411408828,0.1003182772814815,False,0.642034396617641,0.8751811759066856,False
FPR,aleatoric,logistic,-3.6,0.0,2,Comp_prob,-1.8668525333996988,-2.033076794090078,-1.7136467480852842,True,1.6305462694322658e-203,1.0761605378252955e-201,True
FPR,aleatoric,logistic,-3.6,0.0,2,NRC,-0.03601920968116225,-0.09006742547096673,0.018329959244410922,False,2.1115225206764653e-14,6.968024318232335e-13,False
FPR,aleatoric,logistic,-3.6,0.0,2,decileZ(Comp),-0.1083385313972027,-0.2276767653444116,-0.00529210596023722,True,0.005796093775468184,0.09563554729522504,False
FPR,aleatoric,logistic,-3.6,0.0,2,decileZ(NRC),-0.02698754664393514,-0.13376261584569082,0.07802304029237285,False,4.030106581829781e-08,8.866234480025517e-07,False
FPR,aleatoric,logistic,-3.6,0.0,2,logit-frac,-0.01609323541157745,-0.039372298860644715,0.006108242580663073,False,0.20565178650091664,0.7103234304704555,False
FPR,epistemic,logistic,-3.6,0.0,2,Comp_prob,-0.047908082477433,-0.15361503554512373,0.055004650841369324,False,0.8631426137653312,0.9277996111512602,False
FPR,epistemic,logistic,-3.6,0.0,2,NRC,-0.027142696613819576,-0.15026020644779528,0.09327305895247152,False,0.7331468778119873,0.9277996111512602,False
FPR,epistemic,logistic,-3.6,0.0,2,decileZ(Comp),-0.04027738829524126,-0.15021371914413842,0.07058997780982332,False,0.7732090370941876,0.9277996111512602,False
FPR,epistemic,logistic,-3.6,0.0,2,decileZ(NRC),-0.05064189575828906,-0.17525329161064704,0.06464999307586028,False,0.34741078643244705,0.9277996111512602,False
FPR,epistemic,logistic,-3.6,0.0,2,logit-frac,-0.08078441402419637,-0.1944154917466514,0.0399368253205218,False,0.21558691962320387,0.9277996111512602,False
FPR,aleatoric,logistic,-3.6,0.0,3,Comp_prob,-1.486502691515694,-1.5956063108802343,-1.3949138384558082,True,4.166508136406417e-186,2.7498953700282355e-184,True
FPR,aleatoric,logistic,-3.6,0.0,3,NRC,0.058516178911497234,0.012963246028393854,0.10769335062008108,True,7.289924681063886e-13,1.6037834298340547e-11,True
FPR,aleatoric,logistic,-3.6,0.0,3,decileZ(Comp),-0.003329246219348622,-0.11149043874743451,0.11093267869216276,False,4.333294716944846e-09,7.149936282958996e-08,False
FPR,aleatoric,logistic,-3.6,0.0,3,decileZ(NRC),-0.0097463297089695,-0.12074432699512196,0.0992486586916153,False,2.5539960844926333e-19,8.42818707882569e-18,False
FPR,aleatoric,logistic,-3.6,0.0,3,logit-frac,0.005808910211246655,-0.007715365978291916,0.020212383884831563,False,0.9079491221338744,0.9363225322005579,False
FPR,epistemic,logistic,-3.6,0.0,3,Comp_prob,0.037388162019964255,-0.06631138284929176,0.14570479593227834,False,0.8356373620822237,0.9725990581276496,False
FPR,epistemic,logistic,-3.6,0.0,3,NRC,-0.01927060533989443,-0.13401330109950668,0.09031011316496937,False,0.1812840894851362,0.8740597046428594,False
FPR,epistemic,logistic,-3.6,0.0,3,decileZ(Comp),-0.0409782149890303,-0.14639465893130618,0.060997036219274575,False,0.8843777450231438,0.9728155195254582,False
FPR,epistemic,logistic,-3.6,0.0,3,decileZ(NRC),0.002348406417159908,-0.1102746969023407,0.11681616139210352,False,0.12681165143495324,0.8418477969844858,False
FPR,epistemic,logistic,-3.6,0.0,3,logit-frac,0.06976360334067999,-0.037114229492823766,0.1843449191219264,False,0.05218881725957642,0.6949242819264511,False
FPR,aleatoric,logistic,-3.6,0.0,4,Comp_prob,-1.6281777325466114,-1.7430678364405323,-1.5295333121472052,True,9.09631626734524e-202,6.003568736447858e-200,True
FPR,aleatoric,logistic,-3.6,0.0,4,NRC,0.05580724912228481,0.00415136164415193,0.11734948198109078,True,3.704034116512503e-12,1.2223312584491261e-10,True
FPR,aleatoric,logistic,-3.6,0.0,4,decileZ(Comp),-0.01591835679359386,-0.12872222252918764,0.09313369237080009,False,1.2292557288047105e-09,2.0282719525277725e-08,False
FPR,aleatoric,logistic,-3.6,0.0,4,decileZ(NRC),-0.004283901157920749,-0.11767025485532513,0.10945096816749499,False,7.515608163860642e-12,1.6534337960493413e-10,False
FPR,aleatoric,logistic,-3.6,0.0,4,logit-frac,-0.0006257395894714849,-0.01841610420883741,0.017944039684619908,False,0.7520079571891587,0.9791734919191326,False
FPR,epistemic,logistic,-3.6,0.0,4,Comp_prob,0.03626773373784308,-0.07602125628974857,0.1376567853499223,False,0.8241525676259106,0.9750001955783678,False
FPR,epistemic,logistic,-3.6,0.0,4,NRC,-0.018832925620985902,-0.11725122146187639,0.08795270662421006,False,0.8951965188768032,0.9750001955783678,False
FPR,epistemic,logistic,-3.6,0.0,4,decileZ(Comp),0.006180446740544957,-0.09276055370352868,0.11577912758670804,False,0.8362492611626092,0.9750001955783678,False
FPR,epistemic,logistic,-3.6,0.0,4,decileZ(NRC),-0.03073200091667572,-0.1334218046102218,0.07705337853840778,False,0.9003209827883468,0.9750001955783678,False
FPR,epistemic,logistic,-3.6,0.0,4,logit-frac,-0.03073585209524581,-0.1358851059182481,0.06971799262039223,False,0.5430230309684724,0.9491125056041081,False
FPR,aleatoric,logistic,-3.6,0.0,5,Comp_prob,-1.765579755810075,-1.9022784074645283,-1.6405702454082616,True,5.355763965620973e-197,3.534804217309842e-195,True
FPR,aleatoric,logistic,-3.6,0.0,5,NRC,-0.004951970630658038,-0.04997628582142727,0.039594794600685844,False,4.4459597465014936e-15,9.781111442303286e-14,False
FPR,aleatoric,logistic,-3.6,0.0,5,decileZ(Comp),-0.04058337293963338,-0.15000271099438328,0.07506543483695935,False,3.431685738114588e-09,5.6622814678890704e-08,False
FPR,aleatoric,logistic,-3.6,0.0,5,decileZ(NRC),-0.020196329284350528,-0.13953708649975258,0.09414886076923375,False,4.198492971456374e-15,9.781111442303286e-14,False
FPR,aleatoric,logistic,-3.6,0.0,5,logit-frac,-0.001699902026252212,-0.019681664292397434,0.01620872263144643,False,0.4706853493522145,0.8797183671799286,False
FPR,epistemic,logistic,-3.6,0.0,5,Comp_prob,-0.018952651648509195,-0.12978894906536967,0.10280776041453439,False,0.3646519333990669,0.8794225826663347,False
FPR,epistemic,logistic,-3.6,0.0,5,NRC,-0.04268893265678353,-0.1518326830267283,0.05470982184270754,False,0.310360414551631,0.8794225826663347,False
FPR,epistemic,logistic,-3.6,0.0,5,decileZ(Comp),0.019925883958355838,-0.0916006672217486,0.1302344296308962,False,0.7042878561972341,0.9755038090276927,False
FPR,epistemic,logistic,-3.6,0.0,5,decileZ(NRC),0.0010662299402990315,-0.108645841597792,0.10290848858157213,False,0.9670728482321055,0.9967980587387567,False
FPR,epistemic,logistic,-3.6,0.0,5,logit-frac,-0.039991892332676235,-0.15825409631036377,0.06999289159777256,False,0.563975960261057,0.907863740908043,False
FPR,aleatoric,logistic,-3.6,0.0,6,Comp_prob,-1.6713973600795071,-1.7883218701193886,-1.5750038978549152,True,9.257796564930735e-203,6.110145732854285e-201,True
FPR,aleatoric,logistic,-3.6,0.0,6,NRC,0.08064327092558495,0.022703493284609202,0.1524493972547128,True,1.9138401148196062e-12,4.210448252603134e-11,True
FPR,aleatoric,logistic,-3.6,0.0,6,decileZ(Comp),-0.05817588157201664,-0.16387752467287203,0.05283758853989668,False,8.203404507829214e-09,1.3535617437918204e-07,False
FPR,aleatoric,logistic,-3.6,0.0,6,decileZ(NRC),-0.009189089980463241,-0.11710362168185498,0.11036024329174925,False,9.842445313333962e-15,3.2480069534002076e-13,False
FPR,aleatoric,logistic,-3.6,0.0,6,logit-frac,-0.00519151430605795,-0.02152158460855614,0.009362888296139033,False,0.4510896510110999,0.9538267113974458,False
FPR,epistemic,logistic,-3.6,0.0,6,Comp_prob,0.01969642064496233,-0.09133891202743538,0.1381032082114302,False,0.6848417179116315,0.9995985243122536,False
FPR,epistemic,logistic,-3.6,0.0,6,NRC,-0.009932851248575415,-0.12979073785150416,0.10604045973342698,False,0.9868458932268432,0.9995985243122536,False
FPR,epistemic,logistic,-3.6,0.0,6,decileZ(Comp),-0.026729068072420967,-0.12838954072725398,0.07955254307382911,False,0.5045133405386323,0.9995985243122536,False
FPR,epistemic,logistic,-3.6,0.0,6,decileZ(NRC),-0.03958899204023323,-0.14571334956329549,0.07303910492749159,False,0.6348752653075094,0.9995985243122536,False
FPR,epistemic,logistic,-3.6,0.0,6,logit-frac,-0.005174210975044404,-0.11402395226186231,0.10958423466117834,False,0.5968870274866466,0.9995985243122536,False
FPR,aleatoric,logistic,-3.6,0.0,7,Comp_prob,-1.7972271162903448,-1.9553306027246289,-1.657203744065629,True,1.0090208036479664e-205,6.659537304076578e-204,True
FPR,aleatoric,logistic,-3.6,0.0,7,NRC,0.005343611139089818,-0.050952148624971536,0.06413141637375117,False,1.871132420252571e-10,6.174736986833484e-09,False
FPR,aleatoric,logistic,-3.6,0.0,7,decileZ(Comp),-0.03223352127032139,-0.1384259901353715,0.07771874838445655,False,2.7189337405608975e-09,5.981654229233974e-08,False
FPR,aleatoric,logistic,-3.6,0.0,7,decileZ(NRC),-0.016384414888561512,-0.13065570914448643,0.09471774531138868,False,5.42740384024602e-08,8.955216336405933e-07,False
FPR,aleatoric,logistic,-3.6,0.0,7,logit-frac,-0.0050992587287986505,-0.02417883131673114,0.014135993337888942,False,0.6045954722985101,0.8867400260378148,False
FPR,epistemic,logistic,-3.6,0.0,7,Comp_prob,-0.06151820571021559,-0.1687232665730276,0.056395410896982905,False,0.41955945893259616,0.8653413840484796,False
FPR,epistemic,logistic,-3.6,0.0,7,NRC,0.006638954995304534,-0.10106259770351647,0.10966333672516114,False,0.8278489060949348,0.9990162495032545,False
FPR,epistemic,logistic,-3.6,0.0,7,decileZ(Comp),-0.0005959920690863964,-0.12229763560863421,0.10868074071440824,False,0.7092969902928125,0.9990162495032545,False
FPR,epistemic,logistic,-3.6,0.0,7,decileZ(NRC),0.038893343827005065,-0.08057157901509775,0.16077756498641615,False,0.8352899321121289,0.9990162495032545,False
FPR,epistemic,logistic,-3.6,0.0,7,logit-frac,-0.04146457169864558,-0.15500847253232292,0.07561805116081259,False,0.7493221009839304,0.9990162495032545,False
FPR,aleatoric,logistic,-3.6,0.0,8,Comp_prob,-1.7409300903549525,-1.8718648387561458,-1.6177279774504498,True,9.6722154129036e-200,6.383662172516376e-198,True
FPR,aleatoric,logistic,-3.6,0.0,8,NRC,0.02210795454900634,-0.021398610967558622,0.06773536395030257,False,9.339859559787742e-19,2.054769103153303e-17,False
FPR,aleatoric,logistic,-3.6,0.0,8,decileZ(Comp),-0.023612768637832897,-0.13833773155778625,0.0869537632056292,False,6.80275115819776e-13,1.1224539411026304e-11,False
FPR,aleatoric,logistic,-3.6,0.0,8,decileZ(NRC),-0.03152331482488128,-0.14193362802335255,0.07306173233073848,False,5.593581518207073e-20,1.845881901008334e-18,False
FPR,aleatoric,logistic,-3.6,0.0,8,logit-frac,-0.0034710577425244873,-0.019570034481769007,0.01340643854394995,False,0.6481895879131344,0.8912606833805597,False
FPR,epistemic,logistic,-3.6,0.0,8,Comp_prob,0.006807271223455025,-0.10042105855318932,0.110010475396347,False,0.6232360937715684,0.894208308454859,False
FPR,epistemic,logistic,-3.6,0.0,8,NRC,-0.142864871158384,-0.2659761898991512,-0.016370057766283506,True,0.0015335850992369933,0.10121661654964155,False
FPR,epistemic,logistic,-3.6,0.0,8,decileZ(Comp),0.06298777445488851,-0.05878719845887401,0.16779005478247877,False,0.22721415946194556,0.7892702381309689,False
FPR,epistemic,logistic,-3.6,0.0,8,decileZ(NRC),-0.1572792573053625,-0.27778826279001967,-0.04198642693444443,True,0.011053349399725656,0.21084602494240506,False
FPR,epistemic,logistic,-3.6,0.0,8,logit-frac,-0.12001774476914308,-0.23022266511306225,-0.007476172565223901,True,0.012778546966206367,0.21084602494240506,False
FPR,aleatoric,logistic,-3.6,0.0,9,Comp_prob,-1.7759803973398767,-1.9086291559993185,-1.6519251256347087,True,2.8503638088905217e-203,1.8812401138677443e-201,True
FPR,aleatoric,logistic,-3.6,0.0,9,NRC,0.03623029602761563,-0.011516809005666422,0.09490032755555555,False,2.5347635857211888e-09,5.0074141766699467e-08,False
FPR,aleatoric,logistic,-3.6,0.0,9,decileZ(Comp),-0.032052288056862534,-0.14782395032783707,0.08104735194944654,False,3.0347964707090585e-09,5.0074141766699467e-08,False
FPR,aleatoric,logistic,-3.6,0.0,9,decileZ(NRC),-0.015623128178010821,-0.12760249523349917,0.10804942447928544,False,2.166289156248106e-13,7.14875421561875e-12,False
FPR,aleatoric,logistic,-3.6,0.0,9,logit-frac,-0.005131222816766009,-0.023374931141204928,0.014606599828667303,False,0.6323543845428937,0.9286585094178323,False
FPR,epistemic,logistic,-3.6,0.0,9,Comp_prob,-0.005304719731583466,-0.10750769921720094,0.0971430940829144,False,0.5731943279581724,0.8797866429125437,False
FPR,epistemic,logistic,-3.6,0.0,9,NRC,0.02837185172993213,-0.08442765862256077,0.14029501367574357,False,0.4168336701834744,0.8797866429125437,False
FPR,epistemic,logistic,-3.6,0.0,9,decileZ(Comp),0.020486986222560715,-0.084423360195037,0.12225407188162166,False,0.2777032392038763,0.8797866429125437,False
FPR,epistemic,logistic,-3.6,0.0,9,decileZ(NRC),0.06634874832159562,-0.045322982931555185,0.18208317243257477,False,0.4224742556971002,0.8797866429125437,False
FPR,epistemic,logistic,-3.6,0.0,9,logit-frac,0.012614277740238447,-0.09846859033023005,0.119121568414015,False,0.5314575409096207,0.8797866429125437,False
FPR,aleatoric,logistic,-3.6,0.0,10,Comp_prob,-1.8186933943468941,-1.96873590420859,-1.6887381550831253,True,1.0090208036479664e-205,6.659537304076578e-204,True
FPR,aleatoric,logistic,-3.6,0.0,10,NRC,-0.006774712322255064,-0.06406154883840519,0.04740734099121778,False,5.006195083947457e-10,1.6520443777026608e-08,False
FPR,aleatoric,logistic,-3.6,0.0,10,decileZ(Comp),-0.028264901228205703,-0.13644013438941854,0.09343017138272099,False,4.939373233522433e-07,1.0866621113749353e-05,False
FPR,aleatoric,logistic,-3.6,0.0,10,decileZ(NRC),-0.02290448913403013,-0.13881559193240073,0.08238585745282619,False,7.849530803002869e-07,1.2951725824954734e-05,False
FPR,aleatoric,logistic,-3.6,0.0,10,logit-frac,-0.0014970004340809993,-0.024388835056752378,0.017704922695133466,False,0.7293680662632338,0.9269994497679095,False
FPR,epistemic,logistic,-3.6,0.0,10,Comp_prob,-0.08590549287283153,-0.198373216454464,0.015751411353004587,False,0.07649593065345778,0.6310914278910267,False
FPR,epistemic,logistic,-3.6,0.0,10,NRC,-0.05512423059619325,-0.17148530157759936,0.05482229580934668,False,0.608394261496764,0.8729135056257917,False
FPR,epistemic,logistic,-3.6,0.0,10,decileZ(Comp),0.0259995748596335,-0.0905958296757818,0.12699973250663057,False,0.13128191402810627,0.6940488399389919,False
FPR,epistemic,logistic,-3.6,0.0,10,decileZ(NRC),-0.04495825390627245,-0.1590096983336896,0.06428073577676756,False,0.45625152520112033,0.8364611295353872,False
FPR,epistemic,logistic,-3.6,0.0,10,logit-frac,-0.02998272721020542,-0.16065376995559538,0.09181635271620028,False,0.8074619898124843,0.9488265965259585,False
FPR,aleatoric,logistic,-3.6,0.0,11,Comp_prob,-1.7431054789852394,-1.8563425659639243,-1.6305664529734543,True,1.4420113853544914e-202,9.517275143339643e-201,True
FPR,aleatoric,logistic,-3.6,0.0,11,NRC,0.02380682920233187,-0.03442253421696576,0.08508435833884163,False,6.797913823613905e-16,2.243311561792589e-14,False
FPR,aleatoric,logistic,-3.6,0.0,11,decileZ(Comp),-0.03525179051634682,-0.1434630849322472,0.08006807557173364,False,1.1535793586756916e-09,1.903405941814891e-08,False
FPR,aleatoric,logistic,-3.6,0.0,11,decileZ(NRC),-0.00048819231760491473,-0.11221289267893345,0.11626427214067002,False,5.650873959147767e-12,1.2431922710125088e-10,False
FPR,aleatoric,logistic,-3.6,0.0,11,logit-frac,-0.0013524362935002023,-0.01882116698727545,0.0167552225670765,False,0.8150627336049925,0.9274127919148649,False
FPR,epistemic,logistic,-3.6,0.0,11,Comp_prob,-0.023028119371383448,-0.12940847306530498,0.08081963367461965,False,0.47023598679398326,0.8681843032131252,False
FPR,epistemic,logistic,-3.6,0.0,11,NRC,-0.06731215077936362,-0.17441347131071638,0.03778647301880622,False,0.26725431953801415,0.7926853339486671,False
FPR,epistemic,logistic,-3.6,0.0,11,decileZ(Comp),0.029373982431671178,-0.06999645546903188,0.1272897451119007,False,0.26052989958704265,0.7926853339486671,False
FPR,epistemic,logistic,-3.6,0.0,11,decileZ(NRC),-0.04018193936907543,-0.15130232326697596,0.06953393917723089,False,0.3647068416895415,0.8596661268396335,False
FPR,epistemic,logistic,-3.6,0.0,11,logit-frac,-0.07286526832790026,-0.18880558031185032,0.03182608095073722,False,0.3826300484742974,0.8681843032131252,False
FPR,aleatoric,logistic,-3.6,0.0,12,Comp_prob,-1.5177848168080084,-1.6322592583362403,-1.4177577416884817,True,3.435883235036133e-194,2.2676829351238478e-192,True
FPR,aleatoric,logistic,-3.6,0.0,12,NRC,0.03939192314741184,-0.0020756779633040808,0.0873423093634309,False,3.4856444289823234e-16,7.668417743761112e-15,False
FPR,aleatoric,logistic,-3.6,0.0,12,decileZ(Comp),0.009574759912544212,-0.09767102618994852,0.12916114442630144,False,1.207415985721134e-12,1.992236376439871e-11,False
FPR,aleatoric,logistic,-3.6,0.0,12,decileZ(NRC),-0.01522120704194197,-0.12030850990156108,0.10077663528340201,False,9.32743125081012e-19,3.0780523127673397e-17,False
FPR,aleatoric,logistic,-3.6,0.0,12,logit-frac,0.00521752719307133,-0.011041146623845402,0.020886838252210868,False,0.8657660584871376,0.985182066554329,False
FPR,epistemic,logistic,-3.6,0.0,12,Comp_prob,0.021359958542660328,-0.09005896729578748,0.13304891278461023,False,0.8926729722926954,0.9548157781980378,False
FPR,epistemic,logistic,-3.6,0.0,12,NRC,0.09730756307629672,-0.005956761564717325,0.2087233603342749,False,0.006472224758285251,0.42716683404682654,False
FPR,epistemic,logistic,-3.6,0.0,12,decileZ(Comp),-0.005730849885530145,-0.11888497616514436,0.1043100752213931,False,0.4964422296686123,0.8932130042077074,False
FPR,epistemic,logistic,-3.6,0.0,12,decileZ(NRC),0.0890604244523219,-0.028524232014809258,0.20700757166327677,False,0.07852021915323913,0.8932130042077074,False
FPR,epistemic,logistic,-3.6,0.0,12,logit-frac,0.013009741302323461,-0.08473263258874755,0.10747100090693086,False,0.04672004516602797,0.8932130042077074,False
FPR,aleatoric,logistic,-3.6,0.0,13,Comp_prob,-1.6987049985213996,-1.835819438163754,-1.5724133245533864,True,8.859002664343477e-205,5.846941758466695e-203,True
FPR,aleatoric,logistic,-3.6,0.0,13,NRC,-0.003897245713671227,-0.05723735812783292,0.046707816881329405,False,7.288360014794812e-12,2.405158804882288e-10,False
FPR,aleatoric,logistic,-3.6,0.0,13,decileZ(Comp),-0.03430775741306079,-0.14219418573358433,0.0711581224925623,False,8.67329008994992e-09,1.9052653924829772e-07,False
FPR,aleatoric,logistic,-3.6,0.0,13,decileZ(NRC),-0.03283237405851473,-0.14425442921588022,0.08047362866111075,False,1.1547062984745316e-08,1.9052653924829772e-07,False
FPR,aleatoric,logistic,-3.6,0.0,13,logit-frac,-0.004751939640794461,-0.02002292410834414,0.01105597250055828,False,0.6484540139435059,0.9332428926885842,False
FPR,epistemic,logistic,-3.6,0.0,13,Comp_prob,0.006509174252427553,-0.102281878177234,0.11422062102119034,False,0.2763873791461765,0.837340768159757,False
FPR,epistemic,logistic,-3.6,0.0,13,NRC,0.10100813016526845,-0.009761766239145158,0.22801743000435398,False,0.24586928576242317,0.837340768159757,False
FPR,epistemic,logistic,-3.6,0.0,13,decileZ(Comp),0.023128244399621363,-0.0726655690857077,0.13201944719989128,False,0.9963740775160254,0.9963740775160254,False
FPR,epistemic,logistic,-3.6,0.0,13,decileZ(NRC),0.054421094843938624,-0.05896254411788368,0.1724928358063179,False,0.5233100398136703,0.837340768159757,False
FPR,epistemic,logistic,-3.6,0.0,13,logit-frac,0.05771360603133237,-0.03271194656288481,0.15168431751614128,False,0.10295440613932469,0.837340768159757,False
FPR,aleatoric,logistic,-3.6,0.0,14,Comp_prob,-1.7200446609691127,-1.8481239886100131,-1.6112599307800284,True,2.0185746798233736e-204,1.3322592886834267e-202,True
FPR,aleatoric,logistic,-3.6,0.0,14,NRC,0.0188776487051972,-0.024245522374979785,0.06208063813532753,False,5.522233032609228e-09,1.2148912671740302e-07,False
FPR,aleatoric,logistic,-3.6,0.0,14,decileZ(Comp),-0.04496636047915305,-0.15714396985936582,0.0643296329030821,False,4.3820878668415275e-13,1.446088996057704e-11,False
FPR,aleatoric,logistic,-3.6,0.0,14,decileZ(NRC),-0.01723343705268887,-0.13037130286909854,0.09688627488488702,False,2.2933791290424098e-07,3.784075562919976e-06,False
FPR,aleatoric,logistic,-3.6,0.0,14,logit-frac,0.0064784053105304785,-0.008522393008622226,0.022684524748657002,False,0.4178382227661035,0.835676445532207,False
FPR,epistemic,logistic,-3.6,0.0,14,Comp_prob,-0.0005141604186830824,-0.11277140745661114,0.11344381049472457,False,0.21157377272438083,0.7081406795273165,False
FPR,epistemic,logistic,-3.6,0.0,14,NRC,-0.017377720195095397,-0.13099419171319757,0.09420623830062758,False,0.34817198002291805,0.7081406795273165,False
FPR,epistemic,logistic,-3.6,0.0,14,decileZ(Comp),-0.026261179352544826,-0.13020007609269735,0.08559000038063203,False,0.2721915414973264,0.7081406795273165,False
FPR,epistemic,logistic,-3.6,0.0,14,decileZ(NRC),0.039523209195596765,-0.08040197621221738,0.16423163411196948,False,0.37552914823418304,0.7081406795273165,False
FPR,epistemic,logistic,-3.6,0.0,14,logit-frac,0.1198388183010137,0.01576525285382384,0.21607633809035756,True,0.04222452069155656,0.7081406795273165,False
FPR,aleatoric,logistic,-2.6,0.0,0,Comp_prob,-1.2380427835901466,-1.3191377435055713,-1.146726234992795,True,1.6998877377448776e-158,1.1219259069116192e-156,True
FPR,aleatoric,logistic,-2.6,0.0,0,NRC,0.04872570845509051,0.0149300119541864,0.08629675570699336,True,9.779991811762355e-06,0.0002151598198587718,True
FPR,aleatoric,logistic,-2.6,0.0,0,decileZ(Comp),-0.010391487238159742,-0.1125246383714978,0.0965595611222878,False,0.5924402367194554,0.7979807270098788,False
FPR,aleatoric,logistic,-2.6,0.0,0,decileZ(NRC),-0.02334851959023148,-0.1353078726863368,0.08921696232090671,False,2.7427572838150388e-12,9.051099036589628e-11,False
FPR,aleatoric,logistic,-2.6,0.0,0,logit-frac,0.0017271133766249259,-0.020488138702753133,0.02359163683563522,False,0.5404015665826899,0.7430521540511986,False
FPR,epistemic,logistic,-2.6,0.0,0,Comp_prob,0.11177532191810621,-0.002262809260749307,0.2261678019004007,False,0.01678105381881019,0.3691831840138242,False
FPR,epistemic,logistic,-2.6,0.0,0,NRC,-0.03613352005795283,-0.16398968674301412,0.10340537156147193,False,0.5334663157078086,0.8466852861412789,False
FPR,epistemic,logistic,-2.6,0.0,0,decileZ(Comp),0.09118553490785493,-0.018583757936360266,0.19957912549165252,False,0.0037882582146519365,0.1250125210835139,False
FPR,epistemic,logistic,-2.6,0.0,0,decileZ(NRC),-0.05953158024054326,-0.17746436695435586,0.05475576930511497,False,0.8885071672862461,0.936537935493387,False
FPR,epistemic,logistic,-2.6,0.0,0,logit-frac,0.04885249557940571,-0.07549937119345825,0.15769006421000084,False,0.9259185276894695,0.9401634281154613,False
FPR,aleatoric,logistic,-2.6,0.0,1,Comp_prob,-1.8073903459568479,-1.9106235719173807,-1.7150911710559598,True,3.239440179639117e-197,2.138030518561817e-195,True
FPR,aleatoric,logistic,-2.6,0.0,1,NRC,0.002274716475565109,-0.026783798641539226,0.03282594805214082,False,2.8061677215826734e-10,9.260353481222821e-09,False
FPR,aleatoric,logistic,-2.6,0.0,1,decileZ(Comp),-0.057727531372773595,-0.15391558044682294,0.04743393738145792,False,0.0019091933877360924,0.031501690897645526,False
FPR,aleatoric,logistic,-2.6,0.0,1,decileZ(NRC),-0.017399878123673263,-0.12690101187313535,0.09214497135335299,False,1.9650704051577563e-09,4.323154891347064e-08,False
FPR,aleatoric,logistic,-2.6,0.0,1,logit-frac,-0.008288807497171626,-0.02934142537531528,0.010975611870247778,False,0.3086853165429202,0.7159097940246882,False
FPR,epistemic,logistic,-2.6,0.0,1,Comp_prob,0.06722449846333538,-0.03366920788339376,0.17974976346403726,False,0.4034966847249791,0.9337217300236483,False
FPR,epistemic,logistic,-2.6,0.0,1,NRC,0.042885367930527704,-0.054818799945869134,0.1371201758256111,False,0.5063332853798237,0.9337217300236483,False
FPR,epistemic,logistic,-2.6,0.0,1,decileZ(Comp),-0.058930529677999215,-0.15886535745508867,0.040500849788587624,False,0.06692296171695412,0.6309879247598531,False
FPR,epistemic,logistic,-2.6,0.0,1,decileZ(NRC),0.06418259068841685,-0.039419313267342,0.17676685341070109,False,0.23749445071148445,0.922037279232822,False
FPR,epistemic,logistic,-2.6,0.0,1,logit-frac,-0.013672906284501579,-0.13435044114088268,0.1003182772814817,False,0.642034396617641,0.9416504483725401,False
FPR,aleatoric,logistic,-2.6,0.0,2,Comp_prob,-1.9873102218747865,-2.1045449686111435,-1.8757056513790804,True,7.484358182743769e-204,4.939676400610887e-202,True
FPR,aleatoric,logistic,-2.6,0.0,2,NRC,-0.022726862186210974,-0.05990925506035556,0.011723162620360212,False,1.6074588138138431e-12,5.304614085585682e-11,False
FPR,aleatoric,logistic,-2.6,0.0,2,decileZ(Comp),-0.04156195603170232,-0.15994920085571798,0.07166593623187532,False,3.881239821307153e-05,0.0006404045705156802,False
FPR,aleatoric,logistic,-2.6,0.0,2,decileZ(NRC),-0.03854084206946999,-0.14800348615148107,0.06925693267122458,False,1.1832781043887162e-07,2.6032118296551757e-06,False
FPR,aleatoric,logistic,-2.6,0.0,2,logit-frac,-0.016776143291088466,-0.03802093154831055,0.006091210694202187,False,0.2670979339298132,0.7557652849198818,False
FPR,epistemic,logistic,-2.6,0.0,2,Comp_prob,-0.053248564942544305,-0.15817179664276437,0.052998229992578964,False,0.8507180588173209,0.9958534634072156,False
FPR,epistemic,logistic,-2.6,0.0,2,NRC,-0.053068338827258726,-0.17310235373067992,0.06216522180672755,False,0.6510818119325754,0.9503325881332187,False
FPR,epistemic,logistic,-2.6,0.0,2,decileZ(Comp),-0.06635072750408565,-0.1715197619815622,0.04571314832233581,False,0.16549166506721436,0.9503325881332187,False
FPR,epistemic,logistic,-2.6,0.0,2,decileZ(NRC),-0.06195687475804258,-0.1741622367516959,0.04305369227497925,False,0.4802873564645389,0.9503325881332187,False
FPR,epistemic,logistic,-2.6,0.0,2,logit-frac,-0.08078441402419637,-0.1944154917466514,0.03993682532052199,False,0.21558691962320387,0.9503325881332187,False
FPR,aleatoric,logistic,-2.6,0.0,3,Comp_prob,-1.2434331081507821,-1.3282231940912648,-1.1648373910228003,True,2.003117464044208e-158,1.3220575262691772e-156,True
FPR,aleatoric,logistic,-2.6,0.0,3,NRC,0.04069740381183598,0.012904837534889774,0.07366262094406836,True,1.0141063161575177e-07,2.231033895546539e-06,True
FPR,aleatoric,logistic,-2.6,0.0,3,decileZ(Comp),0.01964847798843309,-0.09817920037285846,0.13467121247733332,False,0.593524115143105,0.9506179849315152,False
FPR,aleatoric,logistic,-2.6,0.0,3,decileZ(NRC),-0.010387251888779269,-0.12484612351223749,0.09785986288508859,False,2.938693743252143e-13,9.697689352732073e-12,False
FPR,aleatoric,logistic,-2.6,0.0,3,logit-frac,0.006251963936654748,-0.009631396718140776,0.022787714908818594,False,0.8716795415254828,0.9506179849315152,False
FPR,epistemic,logistic,-2.6,0.0,3,Comp_prob,0.055857551967170134,-0.05211146992633151,0.16256525698895521,False,0.7977870332740539,0.9163356198720475,False
FPR,epistemic,logistic,-2.6,0.0,3,NRC,-0.0449606670810449,-0.18366533899421303,0.06145223005116485,False,0.1505252109647691,0.6840365045594613,False
FPR,epistemic,logistic,-2.6,0.0,3,decileZ(Comp),0.02909483430590373,-0.08066625633593104,0.13898116569064667,False,0.45846924215377693,0.9060589384855681,False
FPR,epistemic,logistic,-2.6,0.0,3,decileZ(NRC),0.01388189127725757,-0.1019846753532768,0.12986249818850318,False,0.09197435579094422,0.6390739940101089,False
FPR,epistemic,logistic,-2.6,0.0,3,logit-frac,0.06976360334067991,-0.037114229492823766,0.1843449191219264,False,0.05218881725957642,0.4954924084988331,False
FPR,aleatoric,logistic,-2.6,0.0,4,Comp_prob,-1.4753283276256504,-1.5597731955664917,-1.3914423794359636,True,1.3284062720593317e-184,8.767481395591589e-183,True
FPR,aleatoric,logistic,-2.6,0.0,4,NRC,0.051728989880782714,0.011022405458934561,0.10190286207508281,True,4.7772141058625534e-08,1.0509871032897618e-06,True
FPR,aleatoric,logistic,-2.6,0.0,4,decileZ(Comp),-0.026095142609520856,-0.1400296200382711,0.08760432781495128,False,0.2557798683767323,0.803879586326873,False
FPR,aleatoric,logistic,-2.6,0.0,4,decileZ(NRC),0.013299919836684337,-0.08994328331521674,0.1344528934086191,False,1.485832125594489e-09,4.903246014461814e-08,False
FPR,aleatoric,logistic,-2.6,0.0,4,logit-frac,-0.0038409461131823416,-0.024896783653373965,0.01731975997716865,False,0.46014746430498144,0.926166977615363,False
FPR,epistemic,logistic,-2.6,0.0,4,Comp_prob,0.03771792602269313,-0.06793670131639894,0.1378180537756599,False,0.8270813819472775,0.9960424582275159,False
FPR,epistemic,logistic,-2.6,0.0,4,NRC,0.015061550302790279,-0.08686583114899897,0.11849619749362271,False,0.6187962400172798,0.9960424582275159,False
FPR,epistemic,logistic,-2.6,0.0,4,decileZ(Comp),0.037471222608437826,-0.06525690327189891,0.14132888067986032,False,0.48138662780580876,0.9960424582275159,False
FPR,epistemic,logistic,-2.6,0.0,4,decileZ(NRC),-0.021983615266629706,-0.1368940189689975,0.09495102057623703,False,0.8326878431841092,0.9960424582275159,False
FPR,epistemic,logistic,-2.6,0.0,4,logit-frac,-0.03073585209524581,-0.1358851059182482,0.06971799262039224,False,0.5430230309684724,0.9960424582275159,False
FPR,aleatoric,logistic,-2.6,0.0,5,Comp_prob,-1.6187521775455442,-1.7052113975786656,-1.5334021220524092,True,1.057210313908883e-189,6.977588071798628e-188,True
FPR,aleatoric,logistic,-2.6,0.0,5,NRC,0.006346550910687569,-0.023841667441344458,0.03767273832753787,False,3.000950356487661e-10,9.903136176409282e-09,False
FPR,aleatoric,logistic,-2.6,0.0,5,decileZ(Comp),-0.025965141868486398,-0.12813432765043542,0.08635237103882921,False,0.017193763577249388,0.28369709902461493,False
FPR,aleatoric,logistic,-2.6,0.0,5,decileZ(NRC),-0.009039009466017269,-0.1183185160208808,0.10386346323262355,False,4.968021527685898e-10,1.0929647360908976e-08,False
FPR,aleatoric,logistic,-2.6,0.0,5,logit-frac,0.00021816352054024123,-0.01949595255967643,0.019658963021243776,False,0.4597153679114706,0.8984648421778464,False
FPR,epistemic,logistic,-2.6,0.0,5,Comp_prob,-0.025931561916533192,-0.14257158302766804,0.09536144139449874,False,0.3935168272833107,0.9498496274578081,False
FPR,epistemic,logistic,-2.6,0.0,5,NRC,-0.002896708025810339,-0.09964646914272578,0.0879103815951314,False,0.6102579537097745,0.9646478298210481,False
FPR,epistemic,logistic,-2.6,0.0,5,decileZ(Comp),0.0437472144735771,-0.0603571378117981,0.15808813792744275,False,0.9402904301763261,0.9697024574643368,False
FPR,epistemic,logistic,-2.6,0.0,5,decileZ(NRC),0.004674271482539072,-0.11297523992462821,0.11233791470358655,False,0.8116992268036365,0.9646478298210481,False
FPR,epistemic,logistic,-2.6,0.0,5,logit-frac,-0.039991892332676186,-0.1582540963103638,0.06999289159777256,False,0.563975960261057,0.9646478298210481,False
FPR,aleatoric,logistic,-2.6,0.0,6,Comp_prob,-1.4289048672530533,-1.518832006154284,-1.3491264420018616,True,2.5490252834665068e-182,1.6823566870878944e-180,True
FPR,aleatoric,logistic,-2.6,0.0,6,NRC,0.05281641107740141,0.018454271277026833,0.09641790409527247,True,5.14885101530231e-08,1.1327472233665083e-06,True
FPR,aleatoric,logistic,-2.6,0.0,6,decileZ(Comp),-0.0005855333058656499,-0.11164637348746957,0.11215907589487638,False,0.03581169030745856,0.472714312058453,False
FPR,aleatoric,logistic,-2.6,0.0,6,decileZ(NRC),0.007932654623358792,-0.09646466945306939,0.11583640375690503,False,1.5920978995636228e-09,5.253923068559955e-08,False
FPR,aleatoric,logistic,-2.6,0.0,6,logit-frac,-0.0064841560267524315,-0.02445675183571832,0.01086222929995334,False,0.31263253869596175,0.8319594218164055,False
FPR,epistemic,logistic,-2.6,0.0,6,Comp_prob,0.01997559127798739,-0.09400922359121,0.13900616260460133,False,0.7331115834100803,0.9984737436896494,False
FPR,epistemic,logistic,-2.6,0.0,6,NRC,-0.008654186449104914,-0.11499874484169458,0.10600572502471634,False,0.9243130555423983,0.9984737436896494,False
FPR,epistemic,logistic,-2.6,0.0,6,decileZ(Comp),-0.004516075764067713,-0.10828122991551056,0.10922903304027479,False,0.7095302814168485,0.9984737436896494,False
FPR,epistemic,logistic,-2.6,0.0,6,decileZ(NRC),-0.0028196573188949935,-0.10434439757908541,0.10141655171746036,False,0.8487975109891097,0.9984737436896494,False
FPR,epistemic,logistic,-2.6,0.0,6,logit-frac,-0.005174210975044458,-0.1140239522618622,0.10958423466117834,False,0.5968870274866466,0.9762388733439524,False
FPR,aleatoric,logistic,-2.6,0.0,7,Comp_prob,-1.8215266086893387,-1.9341494493709748,-1.7239268958119487,True,3.4134007569965178e-205,2.2528444996177017e-203,True
FPR,aleatoric,logistic,-2.6,0.0,7,NRC,0.0050773052229906995,-0.02638266060515633,0.03801442521668468,False,5.749607953414787e-08,1.8973706246268798e-06,False
FPR,aleatoric,logistic,-2.6,0.0,7,decileZ(Comp),-0.04074439952751704,-0.1624555832225844,0.06819781565941473,False,6.282948988170111e-05,0.0010366865830480684,False
FPR,aleatoric,logistic,-2.6,0.0,7,decileZ(NRC),0.005899193228497018,-0.10113515181451331,0.11589544055276699,False,1.1742866620790397e-05,0.0002583430656573887,False
FPR,aleatoric,logistic,-2.6,0.0,7,logit-frac,-0.005804716280954399,-0.026912132167068687,0.015015093943570168,False,0.5364264840360873,0.9117569544763935,False
FPR,epistemic,logistic,-2.6,0.0,7,Comp_prob,-0.059487707485330776,-0.1658578975973055,0.05640940985637549,False,0.4129108465424087,0.9717185618230005,False
FPR,epistemic,logistic,-2.6,0.0,7,NRC,0.01962084348776877,-0.10607910126387256,0.1847584900339201,False,0.6706865445584372,0.9717185618230005,False
FPR,epistemic,logistic,-2.6,0.0,7,decileZ(Comp),-0.03277227085680162,-0.1545907014358031,0.08465617762789028,False,0.7258096284120548,0.9717185618230005,False
FPR,epistemic,logistic,-2.6,0.0,7,decileZ(NRC),0.016882639926132415,-0.09117089685161994,0.12666633521429574,False,0.8636482881421486,0.9827721899548587,False
FPR,epistemic,logistic,-2.6,0.0,7,logit-frac,-0.04146457169864542,-0.15500847253232292,0.07561805116081245,False,0.7493221009839304,0.9717185618230005,False
FPR,aleatoric,logistic,-2.6,0.0,8,Comp_prob,-1.5319024866164834,-1.6180023453784522,-1.457062958744915,True,2.3135910077244744e-189,1.526970065098153e-187,True
FPR,aleatoric,logistic,-2.6,0.0,8,NRC,0.02128070204973668,-0.00886424332695121,0.05361820970725999,False,5.789173903338585e-12,1.2736182587344886e-10,False
FPR,aleatoric,logistic,-2.6,0.0,8,decileZ(Comp),-0.015664972579926773,-0.1231590995849219,0.09577748084501485,False,0.0014639736717770068,0.01932445246745649,False
FPR,aleatoric,logistic,-2.6,0.0,8,decileZ(NRC),-0.020923966475502303,-0.13315275941551255,0.08023374784409215,False,1.677872404829055e-13,5.536978935935882e-12,False
FPR,aleatoric,logistic,-2.6,0.0,8,logit-frac,-0.002633507354493788,-0.020877090668938007,0.016607198596254952,False,0.7761227303359131,0.970443530951081,False
FPR,epistemic,logistic,-2.6,0.0,8,Comp_prob,-0.0038542874078372007,-0.1099163434753914,0.10806806383933379,False,0.6376019942219481,0.952669295775954,False
FPR,epistemic,logistic,-2.6,0.0,8,NRC,-0.09070780134555181,-0.1957610071666954,0.0070246296826561114,False,0.006748173527584998,0.21084602494240506,False
FPR,epistemic,logistic,-2.6,0.0,8,decileZ(Comp),0.05908502728581898,-0.06209706276123471,0.16287163350287254,False,0.1287385570029797,0.7080620635163885,False
FPR,epistemic,logistic,-2.6,0.0,8,decileZ(NRC),-0.13825963246200193,-0.2488241986745682,-0.025961292571406513,True,0.011320836525688592,0.21084602494240506,False
FPR,epistemic,logistic,-2.6,0.0,8,logit-frac,-0.12001774476914308,-0.23022266511306222,-0.007476172565223809,True,0.012778546966206367,0.21084602494240506,False
FPR,aleatoric,logistic,-2.6,0.0,9,Comp_prob,-1.5969780710910944,-1.6826754727276907,-1.5191818930578933,True,2.3492204460581716e-196,1.5504854943983933e-194,True
FPR,aleatoric,logistic,-2.6,0.0,9,NRC,0.0322020060597757,-0.0007188191526702036,0.06860104241240769,False,8.404292030633863e-06,0.000184894424673945,False
FPR,aleatoric,logistic,-2.6,0.0,9,decileZ(Comp),-0.033357908049642324,-0.13999740552471146,0.07080472272278991,False,0.0022020214197549263,0.029066682740765026,False
FPR,aleatoric,logistic,-2.6,0.0,9,decileZ(NRC),0.0012519024236685309,-0.10383572419520148,0.11366748315502484,False,3.048649772136024e-09,1.0060544248048879e-07,False
FPR,aleatoric,logistic,-2.6,0.0,9,logit-frac,0.0030142643097699267,-0.018080831190004712,0.025655749849546616,False,0.976331887265415,0.9998672926238793,False
FPR,epistemic,logistic,-2.6,0.0,9,Comp_prob,-0.0218548781331623,-0.12974248981422634,0.07926584757093261,False,0.5636309645578496,0.9538370169440531,False
FPR,epistemic,logistic,-2.6,0.0,9,NRC,-0.01154210492219282,-0.12710088987112816,0.10389926964374481,False,0.46897140192327735,0.9230578342114465,False
FPR,epistemic,logistic,-2.6,0.0,9,decileZ(Comp),0.017035198091076037,-0.08993110996885076,0.11783657086166949,False,0.6656022428612003,0.9620271339348337,False
FPR,epistemic,logistic,-2.6,0.0,9,decileZ(NRC),0.04414513934525757,-0.06785853877319696,0.14678102243859345,False,0.4494049730249544,0.9230578342114465,False
FPR,epistemic,logistic,-2.6,0.0,9,logit-frac,0.012614277740238702,-0.0984685903302299,0.11912156841401524,False,0.5314575409096207,0.9230578342114465,False
FPR,aleatoric,logistic,-2.6,0.0,10,Comp_prob,-1.6492669887860192,-1.7359103908670628,-1.5652676886208852,True,1.08457082015388e-201,7.158167413015608e-200,True
FPR,aleatoric,logistic,-2.6,0.0,10,NRC,0.006989236934742197,-0.030821797535255904,0.044511810087085685,False,2.2112855322472946e-06,7.297242256416072e-05,False
FPR,aleatoric,logistic,-2.6,0.0,10,decileZ(Comp),0.00029865920879331874,-0.1028470371303273,0.1152673844426188,False,2.8248052280399104e-05,0.0004660928626265852,False
FPR,aleatoric,logistic,-2.6,0.0,10,decileZ(NRC),-0.025211728849753087,-0.14136540179750623,0.08418553886145667,False,1.0077857677015538e-05,0.00022171286889434186,False
FPR,aleatoric,logistic,-2.6,0.0,10,logit-frac,-0.0034757888770434882,-0.025380880623834243,0.018936059491303836,False,0.9883439208931055,0.9975408958775808,False
FPR,epistemic,logistic,-2.6,0.0,10,Comp_prob,-0.10037545049635928,-0.21737494077988143,0.006210313484012751,False,0.07254560561271413,0.759663035144059,False
FPR,epistemic,logistic,-2.6,0.0,10,NRC,-0.031191525651653843,-0.13151898829068034,0.07404645545573633,False,0.997024889673414,0.9989651769089917,False
FPR,epistemic,logistic,-2.6,0.0,10,decileZ(Comp),-0.010467503551706446,-0.12416618450872359,0.09323703866632516,False,0.21800308786915645,0.759663035144059,False
FPR,epistemic,logistic,-2.6,0.0,10,decileZ(NRC),-0.01509688898023328,-0.11326952078053608,0.09308811835795174,False,0.9989651769089917,0.9989651769089917,False
FPR,epistemic,logistic,-2.6,0.0,10,logit-frac,-0.029982727210205597,-0.16065376995559538,0.09181635271620037,False,0.8074619898124843,0.9989651769089917,False
FPR,aleatoric,logistic,-2.6,0.0,11,Comp_prob,-1.4999224216747216,-1.5800860719965804,-1.4174849447576863,True,8.671234702613986e-190,5.7230149037252304e-188,True
FPR,aleatoric,logistic,-2.6,0.0,11,NRC,0.024336878715518526,-0.008537782422775734,0.06591325167379454,False,1.3144712065843193e-10,2.8918366544855027e-09,False
FPR,aleatoric,logistic,-2.6,0.0,11,decileZ(Comp),-0.01884355821157781,-0.11904895380889946,0.09354360189506847,False,0.005508133279208404,0.09088419910693867,False
FPR,aleatoric,logistic,-2.6,0.0,11,decileZ(NRC),-0.029882106926424637,-0.130147720227354,0.09943245978222788,False,5.332760848995491e-12,1.759811080168512e-10,False
FPR,aleatoric,logistic,-2.6,0.0,11,logit-frac,-0.003549975316563106,-0.025215958932554527,0.018273279748381138,False,0.6733197345975809,0.9844983695388673,False
FPR,epistemic,logistic,-2.6,0.0,11,Comp_prob,-0.03254527740841219,-0.13654352896799782,0.07583715236839775,False,0.4396935840796117,0.784318285114983,False
FPR,epistemic,logistic,-2.6,0.0,11,NRC,-0.08295862373636563,-0.2386149257098988,0.04365607840549618,False,0.3323221561477454,0.7827395470094999,False
FPR,epistemic,logistic,-2.6,0.0,11,decileZ(Comp),0.032839526210359286,-0.0658605629329788,0.13607738691125132,False,0.24442307160008936,0.7332692148002681,False
FPR,epistemic,logistic,-2.6,0.0,11,decileZ(NRC),-0.07760320859623636,-0.18575949945301973,0.028373932296266814,False,0.18767962284155082,0.7332692148002681,False
FPR,epistemic,logistic,-2.6,0.0,11,logit-frac,-0.07286526832790026,-0.18880558031185038,0.03182608095073722,False,0.3826300484742974,0.7827395470094999,False
FPR,aleatoric,logistic,-2.6,0.0,12,Comp_prob,-1.3289812605932012,-1.41073079331114,-1.2524224087396343,True,2.7491764383223273e-173,1.814456449292736e-171,True
FPR,aleatoric,logistic,-2.6,0.0,12,NRC,0.03391745194064129,0.0017957558344850286,0.07184776003983626,True,8.269053742973972e-11,1.819191823454274e-09,True
FPR,aleatoric,logistic,-2.6,0.0,12,decileZ(Comp),-0.013634687085435443,-0.11931231201141466,0.0984126935248046,False,0.010828822500771143,0.17867557126272388,False
FPR,aleatoric,logistic,-2.6,0.0,12,decileZ(NRC),-0.04133838067391961,-0.14562922969278755,0.06927210874574348,False,6.854975575055494e-18,2.262141939768313e-16,False
FPR,aleatoric,logistic,-2.6,0.0,12,logit-frac,-0.0056135511805636895,-0.024766919644237165,0.012528680622817874,False,0.248908857491127,0.8646307681270727,False
FPR,epistemic,logistic,-2.6,0.0,12,Comp_prob,0.009894152504563608,-0.09475232533983531,0.12233406427556406,False,0.8481392766173119,0.9828402193791875,False
FPR,epistemic,logistic,-2.6,0.0,12,NRC,0.007670476737153152,-0.11694363468280489,0.12308475346724848,False,0.022383757229818172,0.430345392605473,False
FPR,epistemic,logistic,-2.6,0.0,12,decileZ(Comp),-8.786034460004505e-05,-0.10590046923340304,0.1134730488868826,False,0.348307380111599,0.9578452953068973,False
FPR,epistemic,logistic,-2.6,0.0,12,decileZ(NRC),0.07490567675805039,-0.033267151171484224,0.18674821239658468,False,0.08634943164537852,0.48294099672086976,False
FPR,epistemic,logistic,-2.6,0.0,12,logit-frac,0.013009741302323555,-0.08473263258874755,0.10747100090693094,False,0.04672004516602797,0.440503282993978,False
FPR,aleatoric,logistic,-2.6,0.0,13,Comp_prob,-1.7186182347578727,-1.8170598315087665,-1.6230766774835474,True,1.8662975370707525e-199,1.2317563744666967e-197,True
FPR,aleatoric,logistic,-2.6,0.0,13,NRC,0.009385264881002055,-0.028417967548100224,0.04813021992492435,False,7.276837346874369e-08,2.4013563244685417e-06,False
FPR,aleatoric,logistic,-2.6,0.0,13,decileZ(Comp),-0.041423638189083845,-0.1492258831581833,0.07005066503888005,False,0.00026858603262565665,0.004431669538323335,False
FPR,aleatoric,logistic,-2.6,0.0,13,decileZ(NRC),-0.021955810495065127,-0.11876606639312451,0.08963352553168172,False,6.274456140735054e-07,1.380380350961712e-05,False
FPR,aleatoric,logistic,-2.6,0.0,13,logit-frac,-0.006147810881948469,-0.02334128504809127,0.011478620198146192,False,0.46449946106053597,0.9889343364514637,False
FPR,epistemic,logistic,-2.6,0.0,13,Comp_prob,-0.008552328312814522,-0.11519009537121966,0.10052153311851834,False,0.27818910340379954,0.9104627727361074,False
FPR,epistemic,logistic,-2.6,0.0,13,NRC,0.10003934270525452,-0.004201032154399211,0.1938993758139907,False,0.17422612521059522,0.8072850501110123,False
FPR,epistemic,logistic,-2.6,0.0,13,decileZ(Comp),0.021975406707817835,-0.076337969549316,0.12905778139980828,False,0.5754368039077024,0.9572237811590385,False
FPR,epistemic,logistic,-2.6,0.0,13,decileZ(NRC),0.026972400847719985,-0.0886848562583842,0.13751114567039607,False,0.5326672117789929,0.9572237811590385,False
FPR,epistemic,logistic,-2.6,0.0,13,logit-frac,0.05771360603133237,-0.032711946562884744,0.15168431751614128,False,0.10295440613932469,0.7549989783550477,False
FPR,aleatoric,logistic,-2.6,0.0,14,Comp_prob,-1.5754993544689517,-1.6631069502368583,-1.4967767413072928,True,2.192714883658124e-190,1.447191823214362e-188,True
FPR,aleatoric,logistic,-2.6,0.0,14,NRC,0.01639416480628807,-0.011884062943658591,0.047268110661103035,False,3.858348066698878e-06,8.488365746737531e-05,False
FPR,aleatoric,logistic,-2.6,0.0,14,decileZ(Comp),-0.05392004353087224,-0.1695873647394307,0.058671011521082415,False,0.0020763384620826504,0.027407667699490983,False
FPR,aleatoric,logistic,-2.6,0.0,14,decileZ(NRC),-0.031298406436241696,-0.14181230169557657,0.08355296686808994,False,3.7754355802664298e-06,8.488365746737531e-05,False
FPR,aleatoric,logistic,-2.6,0.0,14,logit-frac,0.0012069827465713378,-0.016746013275515392,0.01757521724160271,False,0.529473541432633,0.982575257809292,False
FPR,epistemic,logistic,-2.6,0.0,14,Comp_prob,-0.010865304755005885,-0.11927625765075536,0.09934297358607609,False,0.20826935094346632,0.6634721773030433,False
FPR,epistemic,logistic,-2.6,0.0,14,NRC,0.10104091811298252,0.001955477210244388,0.21352259635202792,True,0.09300736047442837,0.5385713121031854,False
FPR,epistemic,logistic,-2.6,0.0,14,decileZ(Comp),0.028608255700058555,-0.08365497115409205,0.14252573857899437,False,0.16697829603770942,0.6482686787346366,False
FPR,epistemic,logistic,-2.6,0.0,14,decileZ(NRC),0.09154775739681814,-0.022084156048551462,0.21389636686490962,False,0.211104783687332,0.6634721773030433,False
FPR,epistemic,logistic,-2.6,0.0,14,logit-frac,0.11983881830101384,0.015765252853823925,0.21607633809035756,True,0.04222452069155656,0.5385713121031854,False
FPR,aleatoric,logistic,-1.8,0.0,0,Comp_prob,-0.8734348094598496,-0.9607501187163217,-0.7817783539504981,True,2.782044338156713e-95,1.8361492631834304e-93,True
FPR,aleatoric,logistic,-1.8,0.0,0,NRC,0.06497066803331297,0.034265332146287526,0.1050617876858558,True,0.11380516692100154,0.749589348180939,False
FPR,aleatoric,logistic,-1.8,0.0,0,decileZ(Comp),0.006773025742940825,-0.1011351684121644,0.11870124429774476,False,0.001072664954720706,0.023598629003855533,False
FPR,aleatoric,logistic,-1.8,0.0,0,decileZ(NRC),0.0016201923613929016,-0.10633453110302377,0.11251270805577612,False,1.884046320015277e-08,6.217352856050415e-07,False
FPR,aleatoric,logistic,-1.8,0.0,0,logit-frac,0.03377304335294727,0.0012715728196400907,0.06810329495067076,True,0.08041737309259234,0.6578248070968016,False
FPR,epistemic,logistic,-1.8,0.0,0,Comp_prob,0.12307138401612218,0.010550975857898938,0.23913983212557988,True,0.02420350871784016,0.5324771917924835,False
FPR,epistemic,logistic,-1.8,0.0,0,NRC,0.01920891335831922,-0.10063822964430741,0.13339823522057262,False,0.7126867334723022,0.9122379695950755,False
FPR,epistemic,logistic,-1.8,0.0,0,decileZ(Comp),0.14385328913001902,0.0394756811474881,0.25503990220996964,True,0.002043809254045518,0.13489141076700417,False
FPR,epistemic,logistic,-1.8,0.0,0,decileZ(NRC),-0.06367782313881976,-0.17619138242276866,0.0521029169408809,False,0.5856805814982121,0.9122379695950755,False
FPR,epistemic,logistic,-1.8,0.0,0,logit-frac,0.04885249557940568,-0.07549937119345816,0.15769006421000087,False,0.9259185276894695,0.9945062052393304,False
FPR,aleatoric,logistic,-1.8,0.0,1,Comp_prob,-1.4348975955933538,-1.5153003194403747,-1.3521075307158215,True,4.7242647729360615e-173,3.1180147501378004e-171,True
FPR,aleatoric,logistic,-1.8,0.0,1,NRC,0.012034355834191712,-0.012886997475337116,0.03952450949556019,False,3.356582133567697e-05,0.0007384480693848933,False
FPR,aleatoric,logistic,-1.8,0.0,1,decileZ(Comp),-0.0034715896606173045,-0.09996835226381809,0.11058664797220734,False,0.48745746813111335,0.7098838685666604,False
FPR,aleatoric,logistic,-1.8,0.0,1,decileZ(NRC),-0.008280058834597948,-0.12113632559280352,0.10798206855444295,False,9.738878645732553e-07,3.2138299530917427e-05,False
FPR,aleatoric,logistic,-1.8,0.0,1,logit-frac,-0.006147539472541529,-0.030834809600058237,0.020282171034264253,False,0.24366201651974795,0.6264058577642265,False
FPR,epistemic,logistic,-1.8,0.0,1,Comp_prob,0.06736647342599138,-0.03739609603733496,0.17811823005425412,False,0.3663123418944284,0.986066169048333,False
FPR,epistemic,logistic,-1.8,0.0,1,NRC,-0.011279215733909522,-0.11822572849769081,0.08611774130805633,False,0.657377446032222,0.986066169048333,False
FPR,epistemic,logistic,-1.8,0.0,1,decileZ(Comp),-0.0003825357249536629,-0.09878913612720182,0.10757293098249683,False,0.9747477046829958,0.991482257732037,False
FPR,epistemic,logistic,-1.8,0.0,1,decileZ(NRC),0.06346064472192894,-0.05632120892113213,0.17483764296240856,False,0.223458059427999,0.9111657704511844,False
FPR,epistemic,logistic,-1.8,0.0,1,logit-frac,-0.013672906284501254,-0.1343504411408823,0.1003182772814821,False,0.642034396617641,0.986066169048333,False
FPR,aleatoric,logistic,-1.8,0.0,2,Comp_prob,-1.6900135896666562,-1.7703189863570776,-1.6193019866236424,True,2.1189117200053832e-196,1.398481735203553e-194,True
FPR,aleatoric,logistic,-1.8,0.0,2,NRC,-0.013774311210244092,-0.03933356739261312,0.01033783561866369,False,1.1976391593892673e-07,3.952209225984582e-06,False
FPR,aleatoric,logistic,-1.8,0.0,2,decileZ(Comp),-0.016951819198360404,-0.12954032672113397,0.08044611445442619,False,0.49406408089451137,0.893360114520587,False
FPR,aleatoric,logistic,-1.8,0.0,2,decileZ(NRC),-0.03559222091051242,-0.14880590714070657,0.07349141993123659,False,3.980963769372846e-05,0.0008758120292620261,False
FPR,aleatoric,logistic,-1.8,0.0,2,logit-frac,-0.026841126557222962,-0.0534994174268494,0.00011379007896718679,False,0.06599083502653898,0.4839327901946191,False
FPR,epistemic,logistic,-1.8,0.0,2,Comp_prob,-0.051652551010108856,-0.15875558337549558,0.05384074493074904,False,0.8353926302798902,0.9805385155922677,False
FPR,epistemic,logistic,-1.8,0.0,2,NRC,-0.05204305678015537,-0.15473487661996935,0.041940752246323515,False,0.4215613462325445,0.8518014836787666,False
FPR,epistemic,logistic,-1.8,0.0,2,decileZ(Comp),-0.09463135662162572,-0.20073361815430874,0.010664949418148148,False,0.10634498715804655,0.6765983702054135,False
FPR,epistemic,logistic,-1.8,0.0,2,decileZ(NRC),-0.04354012042797367,-0.15272281997783033,0.05941326598681683,False,0.44620565608860774,0.8518014836787666,False
FPR,epistemic,logistic,-1.8,0.0,2,logit-frac,-0.08078441402419623,-0.19441549174665107,0.039936825320522375,False,0.21558691962320387,0.7012159349141998,False
FPR,aleatoric,logistic,-1.8,0.0,3,Comp_prob,-0.9572921096662408,-1.0468624652080403,-0.8651501992469329,True,4.1461269039377043e-110,2.7364437565988848e-108,True
FPR,aleatoric,logistic,-1.8,0.0,3,NRC,0.023456627136848787,0.005382269524704874,0.046889773946999155,True,0.0008483372229546569,0.018663418905002453,True
FPR,aleatoric,logistic,-1.8,0.0,3,decileZ(Comp),-0.014007083912170952,-0.1260569100688872,0.09966030024544131,False,0.010578476729613479,0.1745448660386224,False
FPR,aleatoric,logistic,-1.8,0.0,3,decileZ(NRC),-0.025428719870802707,-0.12663538774394026,0.08549787842963932,False,1.8347386428486055e-08,6.054637521400398e-07,False
FPR,aleatoric,logistic,-1.8,0.0,3,logit-frac,-0.0017141898247465435,-0.023788092742685247,0.021193773250066987,False,0.8382922920961796,0.9403416952622065,False
FPR,epistemic,logistic,-1.8,0.0,3,Comp_prob,0.060687718083007214,-0.05156906573637145,0.16823742486656024,False,0.7425691775428412,0.8449925123763365,False
FPR,epistemic,logistic,-1.8,0.0,3,NRC,0.035091396181566065,-0.08223629111677243,0.16667325996040672,False,0.07075331389045482,0.8449925123763365,False
FPR,epistemic,logistic,-1.8,0.0,3,decileZ(Comp),0.05312687073312805,-0.05145848489305302,0.16454798446947105,False,0.36448615159591446,0.8449925123763365,False
FPR,epistemic,logistic,-1.8,0.0,3,decileZ(NRC),0.04795772311510142,-0.06833780302352598,0.16423022794601916,False,0.07569767920424608,0.8449925123763365,False
FPR,epistemic,logistic,-1.8,0.0,3,logit-frac,0.06976360334068,-0.03711422949282359,0.18434491912192644,False,0.05218881725957642,0.8449925123763365,False
FPR,aleatoric,logistic,-1.8,0.0,4,Comp_prob,-1.115716901471816,-1.1999344364136766,-1.0316370147121439,True,6.14358303514893e-130,4.0547648031982935e-128,True
FPR,aleatoric,logistic,-1.8,0.0,4,NRC,0.0309784934845851,0.002288868344570955,0.06422480983518516,True,0.0005335232527017877,0.011737511559439329,True
FPR,aleatoric,logistic,-1.8,0.0,4,decileZ(Comp),0.011890798226707588,-0.09219267718373107,0.12464464873106629,False,0.18498387919366555,0.6268855107691108,False
FPR,aleatoric,logistic,-1.8,0.0,4,decileZ(NRC),-0.003716941804593723,-0.10825443876105709,0.10134145004918999,False,1.6609864910995193e-06,5.481255420628413e-05,False
FPR,aleatoric,logistic,-1.8,0.0,4,logit-frac,-0.0026804082977741205,-0.030235469455501027,0.023920564762277503,False,0.6035851863934442,0.941108973485422,False
FPR,epistemic,logistic,-1.8,0.0,4,Comp_prob,0.03402177327612244,-0.07201932026945804,0.1350998806992558,False,0.811368290718872,0.939479073463957,False
FPR,epistemic,logistic,-1.8,0.0,4,NRC,-0.025735808960785336,-0.12214422633814823,0.07634211255792593,False,0.7063563429812506,0.939479073463957,False
FPR,epistemic,logistic,-1.8,0.0,4,decileZ(Comp),0.03561164833997099,-0.06728322484099034,0.14505696276621008,False,0.5050138147416903,0.939479073463957,False
FPR,epistemic,logistic,-1.8,0.0,4,decileZ(NRC),-0.038786771811118906,-0.14432115445755705,0.0695234982963284,False,0.7936253055546465,0.939479073463957,False
FPR,epistemic,logistic,-1.8,0.0,4,logit-frac,-0.03073585209524597,-0.13588510591824784,0.0697179926203924,False,0.5430230309684724,0.939479073463957,False
FPR,aleatoric,logistic,-1.8,0.0,5,Comp_prob,-1.2807188424388387,-1.3625131521371687,-1.1974107694394658,True,1.4267487305117148e-153,9.416541621377318e-152,True
FPR,aleatoric,logistic,-1.8,0.0,5,NRC,0.00835466459512689,-0.009633443218867211,0.03396701596388026,False,3.995395871636367e-05,0.0008789870917600007,False
FPR,aleatoric,logistic,-1.8,0.0,5,decileZ(Comp),-0.012172010747868672,-0.11956078920447363,0.09550003227526763,False,0.014993887752989358,0.19791931833945953,False
FPR,aleatoric,logistic,-1.8,0.0,5,decileZ(NRC),-0.015485253431956846,-0.12963742729444397,0.09591335750106954,False,3.6931696684945597e-07,1.2187459906032047e-05,False
FPR,aleatoric,logistic,-1.8,0.0,5,logit-frac,0.0019601494211035557,-0.022090102844793614,0.026264794443242274,False,0.6641833228958627,0.9188475203355243,False
FPR,epistemic,logistic,-1.8,0.0,5,Comp_prob,-0.029071448078643796,-0.1470288830144641,0.09001849726606388,False,0.45676123586776796,0.8477460888291254,False
FPR,epistemic,logistic,-1.8,0.0,5,NRC,0.06094388118377161,-0.06476285777125941,0.2742791664780496,False,0.7749560414016905,0.9637760083333932,False
FPR,epistemic,logistic,-1.8,0.0,5,decileZ(Comp),-0.006001170521602486,-0.11650550576011681,0.1171151347508944,False,0.7143187233110233,0.9147199670873024,False
FPR,epistemic,logistic,-1.8,0.0,5,decileZ(NRC),-0.018484933087377448,-0.12223697175278522,0.09637423164967084,False,0.4623988266045149,0.8477460888291254,False
FPR,epistemic,logistic,-1.8,0.0,5,logit-frac,-0.039991892332676166,-0.15825409631036402,0.06999289159777261,False,0.563975960261057,0.8477460888291254,False
FPR,aleatoric,logistic,-1.8,0.0,6,Comp_prob,-1.1408711358499766,-1.2242355731191616,-1.0577123164333904,True,2.0670263817324442e-137,1.3642374119434132e-135,True
FPR,aleatoric,logistic,-1.8,0.0,6,NRC,0.02308051319075215,-0.0019489124721175485,0.05151673836657236,False,1.1431097568349914e-05,0.00025148414650369807,False
FPR,aleatoric,logistic,-1.8,0.0,6,decileZ(Comp),-0.022111462381552736,-0.13218372094126285,0.08928175174757101,False,0.03406731644564752,0.28105536067659204,False
FPR,aleatoric,logistic,-1.8,0.0,6,decileZ(NRC),0.006302941918426731,-0.10241008996478483,0.11595371426661137,False,8.420711116384425e-07,2.77883466840686e-05,False
FPR,aleatoric,logistic,-1.8,0.0,6,logit-frac,-0.023677528333692736,-0.04950356863524136,-0.0009813430691902438,True,0.04080708817513466,0.2992519799509875,False
FPR,epistemic,logistic,-1.8,0.0,6,Comp_prob,0.011118943574843342,-0.10112589742650539,0.12930068314485427,False,0.8129484545445034,0.8954357541814851,False
FPR,epistemic,logistic,-1.8,0.0,6,NRC,0.016581701338564035,-0.1024393115002475,0.13540710010525656,False,0.9739991201970897,0.9750664934750871,False
FPR,epistemic,logistic,-1.8,0.0,6,decileZ(Comp),0.0011388281016733552,-0.11105772491226513,0.11317437701682961,False,0.7818590738897052,0.8954357541814851,False
FPR,epistemic,logistic,-1.8,0.0,6,decileZ(NRC),-0.0066320748496527596,-0.11554081823095314,0.10156411973303668,False,0.6537128133265985,0.8954357541814851,False
FPR,epistemic,logistic,-1.8,0.0,6,logit-frac,-0.005174210975043979,-0.11402395226186199,0.10958423466117849,False,0.5968870274866466,0.8954357541814851,False
FPR,aleatoric,logistic,-1.8,0.0,7,Comp_prob,-1.5938736721363322,-1.668788805779629,-1.5239119959414156,True,6.298666601701863e-194,4.15711995712323e-192,True
FPR,aleatoric,logistic,-1.8,0.0,7,NRC,0.0019304534580903163,-0.027475259807119092,0.029260419856152315,False,4.353700922038332e-05,0.0014367213042726496,False
FPR,aleatoric,logistic,-1.8,0.0,7,decileZ(Comp),-0.03278196424023563,-0.15222860867374777,0.08205512610851627,False,0.44434567540542125,0.977051240642695,False
FPR,aleatoric,logistic,-1.8,0.0,7,decileZ(NRC),0.0020201360499905573,-0.10911608445409952,0.11116962112671298,False,0.0004299397980911965,0.009458675558006323,False
FPR,aleatoric,logistic,-1.8,0.0,7,logit-frac,-0.01713617291917881,-0.04180606637416034,0.006231729458303816,False,0.2481813726287324,0.977051240642695,False
FPR,epistemic,logistic,-1.8,0.0,7,Comp_prob,-0.0545520237831757,-0.16061907158204347,0.06396462201363314,False,0.39508258002054475,0.886680667495293,False
FPR,epistemic,logistic,-1.8,0.0,7,NRC,-0.021721073563688003,-0.1412497428106678,0.1074359367935704,False,0.7546045626507784,0.9224236276616954,False
FPR,epistemic,logistic,-1.8,0.0,7,decileZ(Comp),-0.037089849870404236,-0.1499073136682472,0.07635463328100926,False,0.8942838841247671,0.9600787502847845,False
FPR,epistemic,logistic,-1.8,0.0,7,decileZ(NRC),0.013716080288257614,-0.09274976989484267,0.12261555337936206,False,0.8242917226669622,0.9544430472985878,False
FPR,epistemic,logistic,-1.8,0.0,7,logit-frac,-0.04146457169864544,-0.15500847253232292,0.07561805116081236,False,0.7493221009839304,0.9224236276616954,False
FPR,aleatoric,logistic,-1.8,0.0,8,Comp_prob,-1.2666152590555704,-1.3491903724109013,-1.188409698262576,True,8.422008353096718e-149,5.558525513043833e-147,True
FPR,aleatoric,logistic,-1.8,0.0,8,NRC,0.017686431240155783,-0.00853957711317741,0.04448634523882428,False,1.4353977894271102e-06,3.1578751367396424e-05,False
FPR,aleatoric,logistic,-1.8,0.0,8,decileZ(Comp),-0.033166069768652814,-0.14796487573991093,0.07356181429397544,False,0.013155268957169843,0.19919263372484924,False
FPR,aleatoric,logistic,-1.8,0.0,8,decileZ(NRC),-0.009729591090919946,-0.12298253674740277,0.08977555160813142,False,8.46650979430813e-09,2.793948232121683e-07,False
FPR,aleatoric,logistic,-1.8,0.0,8,logit-frac,-0.006422864126841128,-0.030129398228073364,0.015333539767542965,False,0.23471302100973723,0.8620118074839074,False
FPR,epistemic,logistic,-1.8,0.0,8,Comp_prob,-0.010620761132929904,-0.11425891497510826,0.10551676316570581,False,0.6699353675883757,0.9404464487710504,False
FPR,epistemic,logistic,-1.8,0.0,8,NRC,-0.0673925593791181,-0.19072411651978027,0.049419669627085175,False,0.006566934486126816,0.28112803325654007,False
FPR,epistemic,logistic,-1.8,0.0,8,decileZ(Comp),0.033084931010198715,-0.076704349169553,0.1458255724072696,False,0.4808988434331878,0.9404464487710504,False
FPR,epistemic,logistic,-1.8,0.0,8,decileZ(NRC),-0.12385919869089335,-0.24177452102325653,-0.014363210185227078,True,0.012638242994385927,0.28112803325654007,False
FPR,epistemic,logistic,-1.8,0.0,8,logit-frac,-0.12001774476914283,-0.23022266511306214,-0.007476172565223666,True,0.012778546966206367,0.28112803325654007,False
FPR,aleatoric,logistic,-1.8,0.0,9,Comp_prob,-1.2971550630524498,-1.3762107673401975,-1.210740052028598,True,5.939478444895355e-160,3.9200557736309344e-158,True
FPR,aleatoric,logistic,-1.8,0.0,9,NRC,0.019670115338879537,-0.0012792933913313652,0.049296703161242114,False,0.006872904357800889,0.11784315241163301,False
FPR,aleatoric,logistic,-1.8,0.0,9,decileZ(Comp),-0.05660435600235591,-0.15834893704526254,0.057196689149437735,False,0.007142009237068667,0.11784315241163301,False
FPR,aleatoric,logistic,-1.8,0.0,9,decileZ(NRC),-0.007955864609427482,-0.11471609594959181,0.10825516018818729,False,3.280096917466384e-06,0.00010824319827639067,False
FPR,aleatoric,logistic,-1.8,0.0,9,logit-frac,0.00661812540335712,-0.01786013863814767,0.0327110680311775,False,0.94416518619581,0.946260118839417,False
FPR,epistemic,logistic,-1.8,0.0,9,Comp_prob,-0.03286846780675284,-0.14080666397638728,0.06862579937622698,False,0.5210643259828708,0.7307541187507285,False
FPR,epistemic,logistic,-1.8,0.0,9,NRC,-0.0006924084277682716,-0.08340928414609251,0.07469527116575476,False,0.46497049214933595,0.717449016260587,False
FPR,epistemic,logistic,-1.8,0.0,9,decileZ(Comp),-0.007249906595238187,-0.115359218262752,0.09531195079726834,False,0.8970110327463698,0.9397258438295303,False
FPR,epistemic,logistic,-1.8,0.0,9,decileZ(NRC),0.06169056792538244,-0.051473537478108594,0.16426078520832238,False,0.3507595386311121,0.7105148915019447,False
FPR,epistemic,logistic,-1.8,0.0,9,logit-frac,0.012614277740238454,-0.09846859033023009,0.11912156841401464,False,0.5314575409096207,0.7307541187507285,False
FPR,aleatoric,logistic,-1.8,0.0,10,Comp_prob,-1.406904767144942,-1.4818106532911255,-1.329962104498398,True,6.557615230901461e-170,4.328026052394964e-168,True
FPR,aleatoric,logistic,-1.8,0.0,10,NRC,0.003380636911785501,-0.027108455660905563,0.032780939700419336,False,0.0006433115182816849,0.014152853402197067,False
FPR,aleatoric,logistic,-1.8,0.0,10,decileZ(Comp),-0.01888711581215106,-0.1264088874022052,0.08313306757241253,False,0.6388334180551951,0.9504168894752584,False
FPR,aleatoric,logistic,-1.8,0.0,10,decileZ(NRC),-0.011777590857866367,-0.12572047439518716,0.0950863433457722,False,0.0002871945275159154,0.009477419408025208,False
FPR,aleatoric,logistic,-1.8,0.0,10,logit-frac,-0.010981832793920052,-0.03915870546099254,0.01627384733455603,False,0.5518664294449149,0.9504168894752584,False
FPR,epistemic,logistic,-1.8,0.0,10,Comp_prob,-0.10717951113040987,-0.21929429349789142,0.0001047003229559914,False,0.0719739148970913,0.6114200577895347,False
FPR,epistemic,logistic,-1.8,0.0,10,NRC,-0.03569093467900836,-0.16580339872900912,0.08138484309676208,False,0.9402719047087718,0.962338436255845,False
FPR,epistemic,logistic,-1.8,0.0,10,decileZ(Comp),-0.05468163781409764,-0.16666282381911404,0.05294773006158149,False,0.7883644193730301,0.962338436255845,False
FPR,epistemic,logistic,-1.8,0.0,10,decileZ(NRC),-0.05813794647483347,-0.1741524538467348,0.05269020137791873,False,0.7178151063287759,0.962338436255845,False
FPR,epistemic,logistic,-1.8,0.0,10,logit-frac,-0.029982727210205416,-0.16065376995559522,0.09181635271620042,False,0.8074619898124843,0.962338436255845,False
FPR,aleatoric,logistic,-1.8,0.0,11,Comp_prob,-1.1654674888259664,-1.2512407038059337,-1.0879504937302384,True,1.0388609406819858e-145,6.856482208501106e-144,True
FPR,aleatoric,logistic,-1.8,0.0,11,NRC,0.014612954990833316,-0.0156182630775166,0.04659696039340417,False,3.85551308624033e-06,8.482128789728727e-05,False
FPR,aleatoric,logistic,-1.8,0.0,11,decileZ(Comp),-0.01906249132027305,-0.1372579266675561,0.09447757133468815,False,0.10349063214956267,0.7472087968533583,False
FPR,aleatoric,logistic,-1.8,0.0,11,decileZ(NRC),0.00047283780698001605,-0.11748356453649324,0.11085112995517134,False,3.7408754156401066e-07,1.2344888871612352e-05,False
FPR,aleatoric,logistic,-1.8,0.0,11,logit-frac,-0.014090084714508377,-0.042446664624078215,0.015390237560853197,False,0.616687526139202,0.8629585162222869,False
FPR,epistemic,logistic,-1.8,0.0,11,Comp_prob,-0.039998994102029936,-0.1401541971086078,0.06243300327707823,False,0.39936394854101165,0.9583314070991137,False
FPR,epistemic,logistic,-1.8,0.0,11,NRC,-0.07272492638138242,-0.19844489067421767,0.02892989792680979,False,0.29249310554572294,0.9583314070991137,False
FPR,epistemic,logistic,-1.8,0.0,11,decileZ(Comp),-0.00835172119305709,-0.11167850115563278,0.10291760767272334,False,0.8412705392559998,0.9741027296648419,False
FPR,epistemic,logistic,-1.8,0.0,11,decileZ(NRC),-0.04399605680074659,-0.15661978577723393,0.06574663218291642,False,0.3266246618128271,0.9583314070991137,False
FPR,epistemic,logistic,-1.8,0.0,11,logit-frac,-0.07286526832790027,-0.18880558031185085,0.03182608095073708,False,0.3826300484742974,0.9583314070991137,False
FPR,aleatoric,logistic,-1.8,0.0,12,Comp_prob,-1.0569751290808476,-1.1467511307298217,-0.9748503668202293,True,1.2446813422660857e-122,8.214896858956166e-121,True
FPR,aleatoric,logistic,-1.8,0.0,12,NRC,0.019413318167824437,-0.006216798931272602,0.04894012153253424,False,2.4238765915306676e-07,5.3325285013674684e-06,False
FPR,aleatoric,logistic,-1.8,0.0,12,decileZ(Comp),-0.0511761039696195,-0.16248488373935438,0.056666655852133006,False,6.727729987587597e-06,0.00011100754479519536,False
FPR,aleatoric,logistic,-1.8,0.0,12,decileZ(NRC),-0.024079290364575578,-0.13221576840894636,0.08373026427757262,False,9.104122613511623e-13,3.004360462458836e-11,False
FPR,aleatoric,logistic,-1.8,0.0,12,logit-frac,-0.017160536109103633,-0.04386953792788463,0.005324473126340757,False,0.08550221391905191,0.48670876128555723,False
FPR,epistemic,logistic,-1.8,0.0,12,Comp_prob,0.0021341313845782417,-0.10655879487490245,0.11378188379534232,False,0.803600338752237,0.9478951884285277,False
FPR,epistemic,logistic,-1.8,0.0,12,NRC,0.029243944499592642,-0.06511603416655024,0.12592472493974816,False,0.016861603236355514,0.37095527119982136,False
FPR,epistemic,logistic,-1.8,0.0,12,decileZ(Comp),0.019442621792871023,-0.08872727457435879,0.1328006862807177,False,0.5617275596418556,0.8827147365800588,False
FPR,epistemic,logistic,-1.8,0.0,12,decileZ(NRC),0.10348227731863263,0.0006174708328772437,0.20837589757801195,True,0.033521099890386395,0.440503282993978,False
FPR,epistemic,logistic,-1.8,0.0,12,logit-frac,0.013009741302323569,-0.08473263258874739,0.10747100090693089,False,0.04672004516602797,0.440503282993978,False
FPR,aleatoric,logistic,-1.8,0.0,13,Comp_prob,-1.4453034614625153,-1.5308238798073412,-1.360815666086734,True,4.693204807439713e-169,3.0975151729102107e-167,True
FPR,aleatoric,logistic,-1.8,0.0,13,NRC,0.014174522209494117,-0.013278553431291506,0.04526115061339563,False,0.0002495246897710212,0.005489543174962467,False
FPR,aleatoric,logistic,-1.8,0.0,13,decileZ(Comp),-0.02573770039814104,-0.1340726395830575,0.0814303586532406,False,0.3455758344632386,0.8770611904354733,False
FPR,aleatoric,logistic,-1.8,0.0,13,decileZ(NRC),-0.019171276204237635,-0.13370131272300506,0.09878857773207149,False,1.0031738988640081e-05,0.00033104738662512265,False
FPR,aleatoric,logistic,-1.8,0.0,13,logit-frac,-0.006170233519877386,-0.029671988344615676,0.015255842425262137,False,0.19717205383631997,0.8770611904354733,False
FPR,epistemic,logistic,-1.8,0.0,13,Comp_prob,-0.025111108114387472,-0.1332384052341498,0.08522806821711985,False,0.26749822981895344,0.8314928976074292,False
FPR,epistemic,logistic,-1.8,0.0,13,NRC,0.08485010217235049,-0.030348878739414192,0.19192500238649282,False,0.11553709448823458,0.8314928976074292,False
FPR,epistemic,logistic,-1.8,0.0,13,decileZ(Comp),0.008333590575618884,-0.0982092967470385,0.12399526630220217,False,0.680471446204919,0.9332911583034871,False
FPR,epistemic,logistic,-1.8,0.0,13,decileZ(NRC),0.030574330619977455,-0.08360652434549903,0.13451454960876377,False,0.4180725111893633,0.8314928976074292,False
FPR,epistemic,logistic,-1.8,0.0,13,logit-frac,0.05771360603133236,-0.03271194656288455,0.1516843175161415,False,0.10295440613932469,0.8314928976074292,False
FPR,aleatoric,logistic,-1.8,0.0,14,Comp_prob,-1.3064878804421522,-1.3845359890135476,-1.2299944092929176,True,4.824487697392979e-158,3.1841618802793663e-156,True
FPR,aleatoric,logistic,-1.8,0.0,14,NRC,0.018817368112210103,-0.005416406995936281,0.04476938394646732,False,0.00524110269353833,0.11530425925784327,False
FPR,aleatoric,logistic,-1.8,0.0,14,decileZ(Comp),-0.036409097071100155,-0.1396957824196,0.08157437832534462,False,0.08814589485505377,0.6339480641350967,False
FPR,aleatoric,logistic,-1.8,0.0,14,decileZ(NRC),0.003093705596924303,-0.10210953221687458,0.11005783818038854,False,0.00022598420497300982,0.0074574787641093244,False
FPR,aleatoric,logistic,-1.8,0.0,14,logit-frac,0.006106939411490159,-0.016718552714980888,0.028309331874446855,False,0.3103467146848403,0.8055894067759645,False
FPR,epistemic,logistic,-1.8,0.0,14,Comp_prob,-0.027789664524076087,-0.13690722344249842,0.08587062803073206,False,0.19667253684477493,0.6804163474111151,False
FPR,epistemic,logistic,-1.8,0.0,14,NRC,0.13839885962343412,0.03976000744523021,0.26520491689265535,True,0.054465139870531136,0.6804163474111151,False
FPR,epistemic,logistic,-1.8,0.0,14,decileZ(Comp),0.023938337789206662,-0.09659024412097,0.12970058812592283,False,0.37502228589798503,0.8250490289755671,False
FPR,epistemic,logistic,-1.8,0.0,14,decileZ(NRC),0.10325123358079752,-0.010447580411602275,0.2100379407402515,False,0.0922429829345457,0.6804163474111151,False
FPR,epistemic,logistic,-1.8,0.0,14,logit-frac,0.119838818301014,0.01576525285382394,0.2160763380903575,True,0.04222452069155656,0.6804163474111151,False
FPR,aleatoric,nonlinear,-3.6,0.0,0,Comp_prob,-0.7967259069147007,-0.9085384983089468,-0.6939146831471518,True,8.728724539727502e-69,5.760958196220151e-67,True
FPR,aleatoric,nonlinear,-3.6,0.0,0,NRC,0.09037427895266009,0.0516416650817369,0.13796161910661375,True,3.790780921388057e-11,8.339718027053726e-10,True
FPR,aleatoric,nonlinear,-3.6,0.0,0,decileZ(Comp),-0.013685465814214415,-0.1393402020429764,0.09492952304963131,False,0.0011717572794893347,0.019333995111574024,False
FPR,aleatoric,nonlinear,-3.6,0.0,0,decileZ(NRC),-0.03459278644569604,-0.13646577652113615,0.07911219558948764,False,3.2658254134067435e-26,1.0777223864242254e-24,False
FPR,aleatoric,nonlinear,-3.6,0.0,0,logit-frac,0.007861868070200454,-0.009527487405495109,0.025276484681610693,False,0.18795001104826914,0.6474517635472699,False
FPR,epistemic,nonlinear,-3.6,0.0,0,Comp_prob,-0.007524907375892771,-0.1287151625889208,0.1019261565859954,False,0.6264534260135411,0.9969511883760526,False
FPR,epistemic,nonlinear,-3.6,0.0,0,NRC,0.04573937739773432,-0.07716636449744603,0.16819745710885747,False,0.6952719975122521,0.9969511883760526,False
FPR,epistemic,nonlinear,-3.6,0.0,0,decileZ(Comp),0.012449914500404523,-0.0977039503244152,0.12434016229859465,False,0.773089093064407,0.9969511883760526,False
FPR,epistemic,nonlinear,-3.6,0.0,0,decileZ(NRC),0.011438559598902697,-0.10280483270559752,0.11945111183252508,False,0.5917006308119706,0.9969511883760526,False
FPR,epistemic,nonlinear,-3.6,0.0,0,logit-frac,-0.03244941239535436,-0.15224404909343306,0.08298278395701571,False,0.6677240566822966,0.9969511883760526,False
FPR,aleatoric,nonlinear,-3.6,0.0,1,Comp_prob,-0.8986095157221616,-1.004518946214364,-0.7996302896461059,True,2.5193679430255302e-76,1.66278284239685e-74,True
FPR,aleatoric,nonlinear,-3.6,0.0,1,NRC,0.07469142719415246,0.043478025716687164,0.11307014123411747,True,5.628394224720107e-10,1.2382467294384236e-08,True
FPR,aleatoric,nonlinear,-3.6,0.0,1,decileZ(Comp),-0.04210299495404145,-0.15946730684849542,0.07475147053494592,False,8.606117148241608e-05,0.0014200093294598653,False
FPR,aleatoric,nonlinear,-3.6,0.0,1,decileZ(NRC),-0.009604418649017092,-0.13100476199383648,0.10976276257701788,False,3.6988343903537536e-21,1.2206153488167387e-19,False
FPR,aleatoric,nonlinear,-3.6,0.0,1,logit-frac,-0.00574189120111671,-0.0214573095887431,0.011773752160827768,False,0.6443568764308576,0.8679092621313592,False
FPR,epistemic,nonlinear,-3.6,0.0,1,Comp_prob,0.06389275273388322,-0.04508842929790124,0.16801369003696096,False,0.45552990284394257,0.8141940548971445,False
FPR,epistemic,nonlinear,-3.6,0.0,1,NRC,0.019146930397814527,-0.11530247785988429,0.1456361032980645,False,0.6258708166239668,0.8593200559863308,False
FPR,epistemic,nonlinear,-3.6,0.0,1,decileZ(Comp),0.04163304928756778,-0.06644349521323972,0.1453861086229979,False,0.6682236011353123,0.8593200559863308,False
FPR,epistemic,nonlinear,-3.6,0.0,1,decileZ(NRC),0.028452125687874155,-0.07774570270865287,0.1395546435048866,False,0.4783526111952101,0.8141940548971445,False
FPR,epistemic,nonlinear,-3.6,0.0,1,logit-frac,0.016936832655516033,-0.08608707328001956,0.13549326378612248,False,0.8684233765926156,0.9714566585612311,False
FPR,aleatoric,nonlinear,-3.6,0.0,2,Comp_prob,-1.3741407241654437,-1.5099568461012276,-1.2533712534618502,True,9.97688285356041e-136,6.58474268334987e-134,True
FPR,aleatoric,nonlinear,-3.6,0.0,2,NRC,0.10923402876814133,0.06816878178324987,0.1679753872104317,True,5.986095847226306e-08,9.877058147923405e-07,True
FPR,aleatoric,nonlinear,-3.6,0.0,2,decileZ(Comp),-0.020295958154942315,-0.13712656308100243,0.08206598781652635,False,2.15135578038798e-11,4.732982716853556e-10,False
FPR,aleatoric,nonlinear,-3.6,0.0,2,decileZ(NRC),0.005270442340499257,-0.11092063794164583,0.11726862656074331,False,7.327445596629898e-20,2.418057046887866e-18,False
FPR,aleatoric,nonlinear,-3.6,0.0,2,logit-frac,-0.00014199579778743625,-0.023214252963840595,0.021785747543234892,False,0.8782317052537025,0.9721807895714708,False
FPR,epistemic,nonlinear,-3.6,0.0,2,Comp_prob,-0.027329697777619535,-0.13057990660014732,0.07770935458482359,False,0.22637096657694689,0.9649017896494371,False
FPR,epistemic,nonlinear,-3.6,0.0,2,NRC,-0.026829049596110422,-0.15591721328540623,0.09527939740321338,False,0.843751624102751,0.9649017896494371,False
FPR,epistemic,nonlinear,-3.6,0.0,2,decileZ(Comp),-0.027386640168464312,-0.1258296559722509,0.06486774692273958,False,0.6261202672993536,0.9649017896494371,False
FPR,epistemic,nonlinear,-3.6,0.0,2,decileZ(NRC),-0.022231919953413854,-0.1449703947430731,0.08542424086280602,False,0.9936488902690481,0.9978138171813263,False
FPR,epistemic,nonlinear,-3.6,0.0,2,logit-frac,0.008987252967439383,-0.08290600622350648,0.10377703909765627,False,0.6987989839893132,0.9649017896494371,False
FPR,aleatoric,nonlinear,-3.6,0.0,3,Comp_prob,-1.0086268713336741,-1.1354483142697696,-0.892030118295715,True,1.262405847303275e-93,8.331878592201615e-92,True
FPR,aleatoric,nonlinear,-3.6,0.0,3,NRC,0.09651219791326424,0.05871173246787687,0.14354872111114106,True,3.495188868716532e-12,7.68941551117637e-11,True
FPR,aleatoric,nonlinear,-3.6,0.0,3,decileZ(Comp),-0.0016507359738318662,-0.11611592446754387,0.10927258072385436,False,0.006736835045424982,0.11115777824951222,False
FPR,aleatoric,nonlinear,-3.6,0.0,3,decileZ(NRC),0.001614114195971665,-0.10656115779497699,0.1096290511718341,False,8.352341280735396e-19,2.7562726226426806e-17,False
FPR,aleatoric,nonlinear,-3.6,0.0,3,logit-frac,-0.0002524615240966809,-0.019560921314014976,0.01928845366573512,False,0.9742552883310021,0.9892438312284021,False
FPR,epistemic,nonlinear,-3.6,0.0,3,Comp_prob,-0.0391410949685107,-0.14332547800880144,0.06426762630043262,False,0.9469005545256313,0.9867569880669388,False
FPR,epistemic,nonlinear,-3.6,0.0,3,NRC,-0.0020021221929750377,-0.12337816408533939,0.12767543927809813,False,0.2706564748003387,0.9091691227644011,False
FPR,epistemic,nonlinear,-3.6,0.0,3,decileZ(Comp),-0.06964050690296386,-0.19122416935487133,0.03584366858811067,False,0.5599327575716719,0.9867569880669388,False
FPR,epistemic,nonlinear,-3.6,0.0,3,decileZ(NRC),0.06434017976038651,-0.041347355065353204,0.19264367905505347,False,0.7138216128125207,0.9867569880669388,False
FPR,epistemic,nonlinear,-3.6,0.0,3,logit-frac,0.01396572632748109,-0.09386893511449357,0.13433761018984489,False,0.3288355936903189,0.9436151818939585,False
FPR,aleatoric,nonlinear,-3.6,0.0,4,Comp_prob,-1.098796234553064,-1.2208792125173813,-0.9921133743339496,True,1.7986031635719134e-94,1.1870780879574628e-92,True
FPR,aleatoric,nonlinear,-3.6,0.0,4,NRC,0.08622244639550039,0.05459046907030255,0.13195311213006064,True,1.0299908612534807e-08,2.2659798947576577e-07,True
FPR,aleatoric,nonlinear,-3.6,0.0,4,decileZ(Comp),-0.03970274037142696,-0.151654610441887,0.06547707003472382,False,3.593715718317824e-08,5.92963093522441e-07,False
FPR,aleatoric,nonlinear,-3.6,0.0,4,decileZ(NRC),0.007437439579937387,-0.10954495090924615,0.12579741107912434,False,9.917193494608238e-23,3.2726738532207184e-21,False
FPR,aleatoric,nonlinear,-3.6,0.0,4,logit-frac,0.019782486470306563,0.0023290522701872774,0.04172396672684296,True,0.03778141476780344,0.3116966718343784,False
FPR,epistemic,nonlinear,-3.6,0.0,4,Comp_prob,-0.0016750556125619124,-0.10534632062548398,0.11409022020531846,False,0.9199889051498267,0.9917553489616627,False
FPR,epistemic,nonlinear,-3.6,0.0,4,NRC,0.08023307383058698,-0.02250970743044673,0.2032005203130693,False,0.024287640157180178,0.5343280834579639,False
FPR,epistemic,nonlinear,-3.6,0.0,4,decileZ(Comp),-0.031236703709019063,-0.1424681238898707,0.07626436003405666,False,0.28689178400605075,0.8021217894901976,False
FPR,epistemic,nonlinear,-3.6,0.0,4,decileZ(NRC),0.1189810651999898,0.010669148214295194,0.22868016917227466,True,0.036291687674590484,0.598812846630743,False
FPR,epistemic,nonlinear,-3.6,0.0,4,logit-frac,0.1283693967098918,0.023995184470653397,0.23505612955637406,True,0.018946796391369244,0.5343280834579639,False
FPR,aleatoric,nonlinear,-3.6,0.0,5,Comp_prob,-1.0885063781081332,-1.1970171495141027,-0.9873222811995086,True,3.626135886121881e-99,2.393249684840441e-97,True
FPR,aleatoric,nonlinear,-3.6,0.0,5,NRC,0.04653749634819911,0.01621071821768168,0.08224396560395966,True,1.0319764868944133e-15,2.270348271167709e-14,True
FPR,aleatoric,nonlinear,-3.6,0.0,5,decileZ(Comp),0.0003163096060639081,-0.1133831263896844,0.10307567362357656,False,1.9161197373178466e-07,3.161597566574447e-06,False
FPR,aleatoric,nonlinear,-3.6,0.0,5,decileZ(NRC),-0.036999882392193775,-0.1415597967861364,0.06751050706715603,False,4.2009128872107464e-23,1.3863012527795464e-21,False
FPR,aleatoric,nonlinear,-3.6,0.0,5,logit-frac,-0.015453926344769556,-0.03237359195203521,0.0006528011879990232,False,0.1553820639490056,0.8980338407330335,False
FPR,epistemic,nonlinear,-3.6,0.0,5,Comp_prob,0.0023778870706808912,-0.10473831239214497,0.11482624049080488,False,0.29664590204451735,0.8464834022978337,False
FPR,epistemic,nonlinear,-3.6,0.0,5,NRC,0.06099850655202611,-0.046384266620206116,0.18433408913910573,False,0.881607210730816,0.9705455478974494,False
FPR,epistemic,nonlinear,-3.6,0.0,5,decileZ(Comp),0.06340720485510187,-0.04272846413795986,0.18166937084077348,False,0.7329936160439064,0.9567272626563558,False
FPR,epistemic,nonlinear,-3.6,0.0,5,decileZ(NRC),-0.02965760336522963,-0.15534355951647538,0.09007680532283598,False,0.655747716357368,0.9567272626563558,False
FPR,epistemic,nonlinear,-3.6,0.0,5,logit-frac,-0.08058354728059054,-0.2207129454026505,0.042474886625823334,False,0.9361137102553412,0.9806905536008336,False
FPR,aleatoric,nonlinear,-3.6,0.0,6,Comp_prob,-1.3426154343104229,-1.4808850108128122,-1.216101406096465,True,6.345049452807407e-105,4.1877326388528886e-103,True
FPR,aleatoric,nonlinear,-3.6,0.0,6,NRC,-0.014931072190199445,-0.042471964784280634,0.010813892981544865,False,1.3988482087077662e-21,4.6161990887356284e-20,False
FPR,aleatoric,nonlinear,-3.6,0.0,6,decileZ(Comp),-0.010847319307989375,-0.1223654288743901,0.09968856786093734,False,0.6540266380389301,0.889283247116712,False
FPR,aleatoric,nonlinear,-3.6,0.0,6,decileZ(NRC),-0.04113606590706996,-0.15400187805066776,0.074468075689674,False,2.9128096351038664e-12,6.408181197228505e-11,False
FPR,aleatoric,nonlinear,-3.6,0.0,6,logit-frac,-0.0035109212769388657,-0.019080906800706617,0.01208555629965534,False,0.830140300368655,0.9045701548477973,False
FPR,epistemic,nonlinear,-3.6,0.0,6,Comp_prob,-0.04667144675801197,-0.1615388081146467,0.07258759742299112,False,0.3069902530708112,0.9381073962512619,False
FPR,epistemic,nonlinear,-3.6,0.0,6,NRC,-0.0022271922043126335,-0.13627533278227028,0.14416023374443102,False,0.8924267221385342,0.9842737759054008,False
FPR,epistemic,nonlinear,-3.6,0.0,6,decileZ(Comp),-0.02521301191396995,-0.14356728117824497,0.09119069901845561,False,0.31590432834944226,0.9381073962512619,False
FPR,epistemic,nonlinear,-3.6,0.0,6,decileZ(NRC),-0.0022085159795269074,-0.12491565726004525,0.11501037800490063,False,0.7510233699935119,0.9681644974795827,False
FPR,epistemic,nonlinear,-3.6,0.0,6,logit-frac,-0.0274774157003649,-0.16302177505303678,0.08372539318967452,False,0.9454159977516065,0.9842737759054008,False
FPR,aleatoric,nonlinear,-3.6,0.0,7,Comp_prob,-0.8971174194890813,-0.9813616755206246,-0.8081580465012528,True,1.1997453397104594e-81,7.918319242089031e-80,True
FPR,aleatoric,nonlinear,-3.6,0.0,7,NRC,0.061222980104732344,0.033317401349607874,0.09747576713547383,True,4.4613416150623243e-13,9.814951553137113e-12,True
FPR,aleatoric,nonlinear,-3.6,0.0,7,decileZ(Comp),-0.022454622258277587,-0.12893514042950474,0.08373402348009064,False,0.2063497565705379,0.9273908156976934,False
FPR,aleatoric,nonlinear,-3.6,0.0,7,decileZ(NRC),-0.01171396755937859,-0.12236760572610506,0.10393737264682365,False,5.301193602731831e-26,1.7493938889015042e-24,False
FPR,aleatoric,nonlinear,-3.6,0.0,7,logit-frac,-0.00445819384948018,-0.018769813819741504,0.009443457689993462,False,0.648281798897451,0.9322670066562175,False
FPR,epistemic,nonlinear,-3.6,0.0,7,Comp_prob,0.042284897457429776,-0.06856677875059658,0.14874056092148175,False,0.5326288902164835,0.9725823704850137,False
FPR,epistemic,nonlinear,-3.6,0.0,7,NRC,-0.047400567763926045,-0.15055964619667256,0.04469888997356396,False,0.8276766932288421,0.9725823704850137,False
FPR,epistemic,nonlinear,-3.6,0.0,7,decileZ(Comp),0.042521319781163726,-0.06513867315481563,0.15391040168149644,False,0.9013521739799387,0.9725823704850137,False
FPR,epistemic,nonlinear,-3.6,0.0,7,decileZ(NRC),-0.023842883573490105,-0.13133671800597768,0.09152197265451266,False,0.3934083420090473,0.9725823704850137,False
FPR,epistemic,nonlinear,-3.6,0.0,7,logit-frac,-0.12304085200020973,-0.2520172414689767,-0.012774481788576432,True,0.7761630910960128,0.9725823704850137,False
FPR,aleatoric,nonlinear,-3.6,0.0,8,Comp_prob,-1.422822461833243,-1.568680449829198,-1.2850846501601874,True,1.5352615541525965e-123,1.0132726257407138e-121,True
FPR,aleatoric,nonlinear,-3.6,0.0,8,NRC,0.10317757195771754,0.05323602414638733,0.1588961196817352,True,1.5907769213306773e-14,3.49970922692749e-13,True
FPR,aleatoric,nonlinear,-3.6,0.0,8,decileZ(Comp),-0.037137914358885436,-0.15526297819854135,0.07649195078016781,False,0.0008515871330902617,0.014051187695989318,False
FPR,aleatoric,nonlinear,-3.6,0.0,8,decileZ(NRC),-0.016394526042365277,-0.13487607558872128,0.0949446061835812,False,1.767198106833697e-21,5.8317537525512e-20,False
FPR,aleatoric,nonlinear,-3.6,0.0,8,logit-frac,0.00759116948742098,-0.013718165112624628,0.029511910402169626,False,0.8509187431593621,0.937736209031934,False
FPR,epistemic,nonlinear,-3.6,0.0,8,Comp_prob,0.02288696346264402,-0.09075031772526257,0.12468019171414232,False,0.34822684517719626,0.6759697582851457,False
FPR,epistemic,nonlinear,-3.6,0.0,8,NRC,-0.03605319989247502,-0.15887237137888333,0.07594228799652093,False,0.08980691315357606,0.47008808322538226,False
FPR,epistemic,nonlinear,-3.6,0.0,8,decileZ(Comp),-0.008590421076443568,-0.13023141563336646,0.09992362632886607,False,0.543489937233864,0.8213965459289626,False
FPR,epistemic,nonlinear,-3.6,0.0,8,decileZ(NRC),0.02077033394860622,-0.1025944373752651,0.14078691336306626,False,0.08198241948772333,0.47008808322538226,False
FPR,epistemic,nonlinear,-3.6,0.0,8,logit-frac,-0.0398876209175195,-0.1637231053893281,0.0735483799064056,False,0.2313505069767663,0.6362138941861073,False
FPR,aleatoric,nonlinear,-3.6,0.0,9,Comp_prob,-1.404417465443184,-1.5551754387485675,-1.2624561568891104,True,5.433375973794033e-132,3.5860281427040618e-130,True
FPR,aleatoric,nonlinear,-3.6,0.0,9,NRC,0.09810858098149514,0.060932706937790716,0.15487548032295087,True,0.0007297140167905492,0.016053708369392083,True
FPR,aleatoric,nonlinear,-3.6,0.0,9,decileZ(Comp),-0.021163061301850902,-0.14740466692283702,0.091013053844779,False,0.003975803191080795,0.06560075265283312,False
FPR,aleatoric,nonlinear,-3.6,0.0,9,decileZ(NRC),-0.0184499723127485,-0.12670047619453523,0.09816399838744454,False,2.7499972994763167e-14,9.074991088271845e-13,False
FPR,aleatoric,nonlinear,-3.6,0.0,9,logit-frac,0.029842429823947247,0.008750532968036663,0.05331511640445255,True,0.010190461012138252,0.11209507113352078,False
FPR,epistemic,nonlinear,-3.6,0.0,9,Comp_prob,0.004276578393416268,-0.09806586537043575,0.11777015142870434,False,0.8962671428826025,0.979854300269628,False
FPR,epistemic,nonlinear,-3.6,0.0,9,NRC,0.07783293322484805,-0.03336866527096116,0.21489988661579232,False,0.26564275749212873,0.880220929886426,False
FPR,epistemic,nonlinear,-3.6,0.0,9,decileZ(Comp),-0.02804545325936669,-0.13369928372214307,0.08394602201134602,False,0.23140260971352222,0.880220929886426,False
FPR,epistemic,nonlinear,-3.6,0.0,9,decileZ(NRC),0.07212423398988178,-0.04050896051973861,0.17869501806320304,False,0.10539951509392925,0.8341459828461002,False
FPR,epistemic,nonlinear,-3.6,0.0,9,logit-frac,0.013050569570373722,-0.08913876594998026,0.11850400132781903,False,0.33427246163012114,0.880220929886426,False
FPR,aleatoric,nonlinear,-3.6,0.0,10,Comp_prob,-1.3247012229585056,-1.4522652713868314,-1.2070864609093217,True,8.566395077293127e-104,5.653820751013464e-102,True
FPR,aleatoric,nonlinear,-3.6,0.0,10,NRC,0.11906744540086839,0.07042236631543569,0.1784840612261843,True,8.478139031426443e-11,1.8651905869138175e-09,True
FPR,aleatoric,nonlinear,-3.6,0.0,10,decileZ(Comp),-0.04043310809418185,-0.1562528512978096,0.0766905728385057,False,0.026790935861143554,0.2526002524050678,False
FPR,aleatoric,nonlinear,-3.6,0.0,10,decileZ(NRC),-0.002484984883798662,-0.10780427485139553,0.12035063007120711,False,6.414337497627455e-20,2.11673137421706e-18,False
FPR,aleatoric,nonlinear,-3.6,0.0,10,logit-frac,0.009047217979446898,-0.0060723034505831995,0.0250112017776993,False,0.7093969965357221,0.9505963064381716,False
FPR,epistemic,nonlinear,-3.6,0.0,10,Comp_prob,0.046708929553222096,-0.06607084943242023,0.15716005363329727,False,0.6189206581887862,0.9129733961200948,False
FPR,epistemic,nonlinear,-3.6,0.0,10,NRC,0.07120051104697828,-0.04180016557641073,0.2044987238346531,False,0.7406340118607593,0.9129733961200948,False
FPR,epistemic,nonlinear,-3.6,0.0,10,decileZ(Comp),0.06783658219357686,-0.051016757377127006,0.18169916795185637,False,0.04969623624825213,0.5116701329629895,False
FPR,epistemic,nonlinear,-3.6,0.0,10,decileZ(NRC),0.011403012260306843,-0.11782688538578842,0.1300111932026638,False,0.8791561122427256,0.9327825845937089,False
FPR,epistemic,nonlinear,-3.6,0.0,10,logit-frac,0.06588524875228371,-0.03468140014186504,0.159667489575592,False,0.44966134842378636,0.8855448640564791,False
FPR,aleatoric,nonlinear,-3.6,0.0,11,Comp_prob,-1.3707357858813498,-1.5125817515363493,-1.2438108953748455,True,2.3608079629460928e-123,1.5581332555444212e-121,True
FPR,aleatoric,nonlinear,-3.6,0.0,11,NRC,0.0569612662365764,0.018846451955295992,0.10688775521505861,True,2.44182412422934e-15,5.372013073304548e-14,True
FPR,aleatoric,nonlinear,-3.6,0.0,11,decileZ(Comp),-0.05509565621677186,-0.17690800291213477,0.050250465791605275,False,3.6789258527541615e-06,6.070227657044367e-05,False
FPR,aleatoric,nonlinear,-3.6,0.0,11,decileZ(NRC),-0.027956579547278416,-0.13418470986511824,0.08438716419060223,False,1.4626853768340707e-17,4.826861743552433e-16,False
FPR,aleatoric,nonlinear,-3.6,0.0,11,logit-frac,0.005729330096738228,-0.01279168922904451,0.02612701184732832,False,0.7292184425824317,0.9367555572219087,False
FPR,epistemic,nonlinear,-3.6,0.0,11,Comp_prob,-0.04439807485200941,-0.16208327490055777,0.05976504283438572,False,0.9996249032933675,0.9996249032933675,False
FPR,epistemic,nonlinear,-3.6,0.0,11,NRC,0.04680974798418726,-0.046492217822568294,0.15214086289427287,False,0.07657220396317,0.9940832277045433,False
FPR,epistemic,nonlinear,-3.6,0.0,11,decileZ(Comp),0.0034431694849009174,-0.11610574202618888,0.10779125339104856,False,0.3229112194696986,0.9940832277045433,False
FPR,epistemic,nonlinear,-3.6,0.0,11,decileZ(NRC),0.013275072314377112,-0.08298838520842643,0.12064549566265913,False,0.20045192713337756,0.9940832277045433,False
FPR,epistemic,nonlinear,-3.6,0.0,11,logit-frac,0.04202501053959624,-0.06645346842521764,0.16159466662188926,False,0.06998262116026302,0.9940832277045433,False
FPR,aleatoric,nonlinear,-3.6,0.0,12,Comp_prob,-1.029249180778519,-1.1498289432533353,-0.9167782670077614,True,5.549099980630599e-90,3.662405987216195e-88,True
FPR,aleatoric,nonlinear,-3.6,0.0,12,NRC,0.07752086198143582,0.041143288414206676,0.12971976462010013,True,1.838855437428058e-12,4.045481962341728e-11,True
FPR,aleatoric,nonlinear,-3.6,0.0,12,decileZ(Comp),0.013254878585144264,-0.1023566184198388,0.1137611696694775,False,1.3886264294222505e-09,2.2912336085467135e-08,False
FPR,aleatoric,nonlinear,-3.6,0.0,12,decileZ(NRC),-0.050692908238588685,-0.158642708108454,0.06539970779124635,False,7.192017175754659e-29,2.3733656679990375e-27,False
FPR,aleatoric,nonlinear,-3.6,0.0,12,logit-frac,-0.00136373572150158,-0.017111559405615283,0.015854717699499067,False,0.6299388923367579,0.8709979444933463,False
FPR,epistemic,nonlinear,-3.6,0.0,12,Comp_prob,-0.0717044300173439,-0.18488816247019538,0.040914768084554576,False,0.2331178183428475,0.6993534550285425,False
FPR,epistemic,nonlinear,-3.6,0.0,12,NRC,-0.0013066371453611713,-0.1336412400544295,0.12474049245092092,False,0.41185547886874163,0.7681468154252495,False
FPR,epistemic,nonlinear,-3.6,0.0,12,decileZ(Comp),-0.0909194195816023,-0.20794729878963958,0.02687542336018041,False,0.6007003687684209,0.8334265591952583,False
FPR,epistemic,nonlinear,-3.6,0.0,12,decileZ(NRC),0.042782723634815424,-0.0816889333089249,0.17047060987962578,False,0.7769277195699699,0.8996005173968071,False
FPR,epistemic,nonlinear,-3.6,0.0,12,logit-frac,0.0791460125084704,-0.03756281475083141,0.20984180404276895,False,0.3043614169493506,0.7439945747650791,False
FPR,aleatoric,nonlinear,-3.6,0.0,13,Comp_prob,-1.2115903775033514,-1.353478874912015,-1.0795114094419525,True,3.5248672646474666e-103,2.326412394667328e-101,True
FPR,aleatoric,nonlinear,-3.6,0.0,13,NRC,0.03684164216703606,0.00576393679470966,0.07079502081057022,True,5.686850702276979e-19,1.2511071545009353e-17,True
FPR,aleatoric,nonlinear,-3.6,0.0,13,decileZ(Comp),-0.016223061025455728,-0.133631704559551,0.09069586379601222,False,1.214929660513332e-09,2.0046339398469976e-08,False
FPR,aleatoric,nonlinear,-3.6,0.0,13,decileZ(NRC),-0.02688681317428915,-0.13088587296456047,0.08648189026315593,False,1.9630416347362133e-23,6.478037394629504e-22,False
FPR,aleatoric,nonlinear,-3.6,0.0,13,logit-frac,-0.01302986922757023,-0.03232874130337983,0.0042748215900160974,False,0.09686027886551639,0.49175218500954476,False
FPR,epistemic,nonlinear,-3.6,0.0,13,Comp_prob,-0.027887866118231606,-0.13821908803615351,0.08350129898982704,False,0.22475111855795982,0.8940021098330797,False
FPR,epistemic,nonlinear,-3.6,0.0,13,NRC,0.009981012201261482,-0.0957166975171867,0.12292507615444807,False,0.29280947629949217,0.8940021098330797,False
FPR,epistemic,nonlinear,-3.6,0.0,13,decileZ(Comp),-0.029969747065678853,-0.1421749177307801,0.08086024646159241,False,0.13309341519899306,0.8940021098330797,False
FPR,epistemic,nonlinear,-3.6,0.0,13,decileZ(NRC),-0.01112046885586325,-0.11651467270881037,0.10988033694453743,False,0.39705855982503524,0.8940021098330797,False
FPR,epistemic,nonlinear,-3.6,0.0,13,logit-frac,0.04788097001739573,-0.04870902818329815,0.15394803370919716,False,0.1738738279202391,0.8940021098330797,False
FPR,aleatoric,nonlinear,-3.6,0.0,14,Comp_prob,-0.9582596387801258,-1.0648517548339678,-0.8584807665102246,True,3.677293626327801e-72,2.4270137933763486e-70,True
FPR,aleatoric,nonlinear,-3.6,0.0,14,NRC,0.036739952422760326,0.010395072594715535,0.06723287153337608,True,2.8880788563834805e-12,6.353773484043657e-11,True
FPR,aleatoric,nonlinear,-3.6,0.0,14,decileZ(Comp),0.0009933685292139744,-0.10579387969345941,0.11052020370260887,False,1.8240844950701818e-05,0.00030097394168658,False
FPR,aleatoric,nonlinear,-3.6,0.0,14,decileZ(NRC),-0.02236293662893957,-0.12368964952684602,0.0906667552714838,False,9.437669177818497e-19,3.114430828680104e-17,False
FPR,aleatoric,nonlinear,-3.6,0.0,14,logit-frac,0.013962344488780027,-0.001866353297215502,0.030719621926748125,False,0.02390036524112134,0.2629040176523348,False
FPR,epistemic,nonlinear,-3.6,0.0,14,Comp_prob,-0.05149111155953867,-0.15911687841322697,0.05494133325034004,False,0.6037566401931563,0.9981779765468964,False
FPR,epistemic,nonlinear,-3.6,0.0,14,NRC,-0.053157424221184114,-0.16693815278714738,0.05410139296611096,False,0.8276260304748785,0.9981779765468964,False
FPR,epistemic,nonlinear,-3.6,0.0,14,decileZ(Comp),-0.03672354047511682,-0.14183321099123955,0.07322982282729822,False,0.12201723247263724,0.8167933144844735,False
FPR,epistemic,nonlinear,-3.6,0.0,14,decileZ(NRC),-0.06939705913561742,-0.18518426992755693,0.03707129955543018,False,0.8369006683183946,0.9981779765468964,False
FPR,epistemic,nonlinear,-3.6,0.0,14,logit-frac,0.004877949481783201,-0.11273761435781134,0.12545535859950724,False,0.7982936152203027,0.9981779765468964,False
FPR,aleatoric,nonlinear,-2.6,0.0,0,Comp_prob,-0.6187906068553221,-0.7156033765799423,-0.524026440802643,True,1.4524081447945948e-45,9.585893755644325e-44,True
FPR,aleatoric,nonlinear,-2.6,0.0,0,NRC,0.06759982137278277,0.03974484609710788,0.10316988730685107,True,3.1630298642343655e-06,6.958665701315603e-05,True
FPR,aleatoric,nonlinear,-2.6,0.0,0,decileZ(Comp),-0.015202300362495667,-0.13008767763748763,0.09576313104624583,False,0.010389419652751041,0.1274409936759866,False
FPR,aleatoric,nonlinear,-2.6,0.0,0,decileZ(NRC),-0.037258334448114785,-0.14819450011394014,0.07870829515107779,False,1.2723042772860797e-18,4.198604115044063e-17,False
FPR,aleatoric,nonlinear,-2.6,0.0,0,logit-frac,0.0003943426579463161,-0.022230200571839644,0.024124514802351584,False,0.7310795130605585,0.9279086127307088,False
FPR,epistemic,nonlinear,-2.6,0.0,0,Comp_prob,-0.0025625283542507126,-0.1237808850015905,0.10925043449239737,False,0.669250454668523,0.961386413179263,False
FPR,epistemic,nonlinear,-2.6,0.0,0,NRC,0.006888443235132241,-0.10146224472382402,0.11070047570072376,False,0.6623194981010927,0.961386413179263,False
FPR,epistemic,nonlinear,-2.6,0.0,0,decileZ(Comp),0.009344381959655128,-0.10975405240177864,0.1262961143508838,False,0.6251212491630835,0.961386413179263,False
FPR,epistemic,nonlinear,-2.6,0.0,0,decileZ(NRC),0.0065553034458626,-0.1025107307718816,0.12898361649474016,False,0.8010462861635081,0.9752329950285235,False
FPR,epistemic,nonlinear,-2.6,0.0,0,logit-frac,-0.03244941239535436,-0.1522440490934331,0.08298278395701568,False,0.6677240566822966,0.961386413179263,False
FPR,aleatoric,nonlinear,-2.6,0.0,1,Comp_prob,-0.6747119970276062,-0.7663646815232646,-0.579986251895393,True,2.4281072222948494e-49,1.6025507667146005e-47,True
FPR,aleatoric,nonlinear,-2.6,0.0,1,NRC,0.07613948119723538,0.05057099529586721,0.10948345413739904,True,0.000907404914233988,0.019962908113147736,True
FPR,aleatoric,nonlinear,-2.6,0.0,1,decileZ(Comp),0.012969672414087132,-0.0940333191743421,0.12424447754595543,False,0.11961518580384123,0.5805326204453184,False
FPR,aleatoric,nonlinear,-2.6,0.0,1,decileZ(NRC),-0.011920146439582818,-0.12367893501350943,0.10076067829260908,False,1.3334759360906857e-14,4.400470589099263e-13,False
FPR,aleatoric,nonlinear,-2.6,0.0,1,logit-frac,-0.009764621919749045,-0.033400594734792774,0.013623983313685264,False,0.905501314605445,0.9525082324708347,False
FPR,epistemic,nonlinear,-2.6,0.0,1,Comp_prob,0.030986827660727325,-0.08296620373822516,0.13964210506113509,False,0.6080251918404675,0.9922758211554713,False
FPR,epistemic,nonlinear,-2.6,0.0,1,NRC,-0.024487539061590412,-0.12750920376189512,0.07550103926079901,False,0.7928220418833029,0.9922758211554713,False
FPR,epistemic,nonlinear,-2.6,0.0,1,decileZ(Comp),0.030095541694775244,-0.08317331466166482,0.13717536096340235,False,0.609012149597342,0.9922758211554713,False
FPR,epistemic,nonlinear,-2.6,0.0,1,decileZ(NRC),-0.03350319489597005,-0.14117508710635052,0.06963258852440034,False,0.9919694505894713,0.9922758211554713,False
FPR,epistemic,nonlinear,-2.6,0.0,1,logit-frac,0.01693683265551601,-0.08608707328001955,0.13549326378612248,False,0.8684233765926156,0.9922758211554713,False
FPR,aleatoric,nonlinear,-2.6,0.0,2,Comp_prob,-1.2181587164071193,-1.3154542610959272,-1.127715203839145,True,6.487575188455123e-126,4.281799624380382e-124,True
FPR,aleatoric,nonlinear,-2.6,0.0,2,NRC,0.1038047274437641,0.07103005313981492,0.14801900778474814,True,0.0003609221132564349,0.007940286491641567,True
FPR,aleatoric,nonlinear,-2.6,0.0,2,decileZ(Comp),-0.025392059213533064,-0.134381419999902,0.0812648640616918,False,0.015865353531682155,0.1683674472047693,False
FPR,aleatoric,nonlinear,-2.6,0.0,2,decileZ(NRC),0.003954314734187639,-0.10344091561766068,0.12420720580017679,False,1.9961339113771196e-13,6.587241907544495e-12,False
FPR,aleatoric,nonlinear,-2.6,0.0,2,logit-frac,-0.002435856408949079,-0.026479655229958085,0.02074818613086692,False,0.9736182724644604,0.9961258185466166,False
FPR,epistemic,nonlinear,-2.6,0.0,2,Comp_prob,-0.04234340127267783,-0.1482641157861119,0.0654071013773099,False,0.20260469620990862,0.7361664864322371,False
FPR,epistemic,nonlinear,-2.6,0.0,2,NRC,0.019512392867905577,-0.09013907210069867,0.12667519444743452,False,0.6557203542570345,0.8946141686359362,False
FPR,epistemic,nonlinear,-2.6,0.0,2,decileZ(Comp),-0.016361787133024448,-0.11782692306387516,0.07867174007580932,False,0.869922928171302,0.9569152209884322,False
FPR,epistemic,nonlinear,-2.6,0.0,2,decileZ(NRC),-0.007111706330782584,-0.1230753686277386,0.09771687412801854,False,0.6919420705341657,0.8946141686359362,False
FPR,epistemic,nonlinear,-2.6,0.0,2,logit-frac,0.008987252967439383,-0.08290600622350654,0.10377703909765629,False,0.6987989839893132,0.8946141686359362,False
FPR,aleatoric,nonlinear,-2.6,0.0,3,Comp_prob,-0.9324486600669064,-1.0453011550850253,-0.8237509076719624,True,3.547508560883262e-74,2.341355650182953e-72,True
FPR,aleatoric,nonlinear,-2.6,0.0,3,NRC,0.0705617687505741,0.043829404444603155,0.10133939850371768,True,2.423014432794133e-05,0.0005330631752147092,True
FPR,aleatoric,nonlinear,-2.6,0.0,3,decileZ(Comp),-0.0332091328776543,-0.14484552726194652,0.07952190180656997,False,0.7444654216121869,0.9826607612486506,False
FPR,aleatoric,nonlinear,-2.6,0.0,3,decileZ(NRC),-0.022777210020536905,-0.12954476976431736,0.08743812453813034,False,8.279864594105852e-16,2.7323553160549314e-14,False
FPR,aleatoric,nonlinear,-2.6,0.0,3,logit-frac,0.0019988597676686005,-0.020223297458414596,0.023987200283867166,False,0.7397804935427301,0.9826607612486506,False
FPR,epistemic,nonlinear,-2.6,0.0,3,Comp_prob,-0.01574819875184459,-0.12197181358237309,0.08177459166553025,False,0.8936642506770658,0.9569159845444823,False
FPR,epistemic,nonlinear,-2.6,0.0,3,NRC,-0.0029557897806944326,-0.10421270106724355,0.08867571302773787,False,0.20694749363779197,0.8338701948884623,False
FPR,epistemic,nonlinear,-2.6,0.0,3,decileZ(Comp),-0.04277619398261788,-0.15373056813372676,0.058282863300956084,False,0.4672547581087426,0.9386289725551069,False
FPR,epistemic,nonlinear,-2.6,0.0,3,decileZ(NRC),0.09894856981234976,-0.007644550810781531,0.2035048713397923,False,0.1869763206422036,0.8338701948884623,False
FPR,epistemic,nonlinear,-2.6,0.0,3,logit-frac,0.01396572632748106,-0.09386893511449354,0.13433761018984483,False,0.3288355936903189,0.9386289725551069,False
FPR,aleatoric,nonlinear,-2.6,0.0,4,Comp_prob,-0.8938208891395669,-0.9906193924529264,-0.7946455644404782,True,1.9745508514054556e-72,1.3032035619276006e-70,True
FPR,aleatoric,nonlinear,-2.6,0.0,4,NRC,0.0698794813391101,0.04708309086190936,0.0990749920610939,True,0.004906584343946022,0.08095864167510937,False
FPR,aleatoric,nonlinear,-2.6,0.0,4,decileZ(Comp),-0.02614454271270869,-0.13661654284011662,0.09128172199279654,False,0.2524518871978124,0.6751098293504567,False
FPR,aleatoric,nonlinear,-2.6,0.0,4,decileZ(NRC),0.023346804094383007,-0.0894287405756541,0.12970297249071258,False,1.1146841106965928e-13,3.678457565298756e-12,False
FPR,aleatoric,nonlinear,-2.6,0.0,4,logit-frac,0.022718054612594973,0.0018153386732614593,0.042965847979448135,True,0.02170720886115438,0.21285411630382658,False
FPR,epistemic,nonlinear,-2.6,0.0,4,Comp_prob,-0.018902144977537668,-0.1277428820232516,0.09393663050564813,False,0.9739978982624565,0.989706330443593,False
FPR,epistemic,nonlinear,-2.6,0.0,4,NRC,0.15915034121729205,0.05580326237509709,0.28688244896844045,True,0.00488436548822433,0.32236812222280575,False
FPR,epistemic,nonlinear,-2.6,0.0,4,decileZ(Comp),-0.014940884918732748,-0.12404975863047163,0.09467488618495086,False,0.8333130557475561,0.9399640547772893,False
FPR,epistemic,nonlinear,-2.6,0.0,4,decileZ(NRC),0.16236547099720017,0.0497802085342305,0.2707220506929129,True,0.021485311885154287,0.47267686147339427,False
FPR,epistemic,nonlinear,-2.6,0.0,4,logit-frac,0.12836939670989184,0.0239951844706534,0.2350561295563741,True,0.018946796391369244,0.47267686147339427,False
FPR,aleatoric,nonlinear,-2.6,0.0,5,Comp_prob,-0.860952957762665,-0.9534260785165198,-0.7626139465978338,True,3.5171607595177833e-74,2.321326101281737e-72,True
FPR,aleatoric,nonlinear,-2.6,0.0,5,NRC,0.028531933945213514,0.010694719074444015,0.049865236240934446,True,6.07004400016124e-08,1.3354096800354726e-06,True
FPR,aleatoric,nonlinear,-2.6,0.0,5,decileZ(Comp),0.023693424013037034,-0.0820209838103263,0.13915469420231852,False,0.2621267206588239,0.6178701272672278,False
FPR,aleatoric,nonlinear,-2.6,0.0,5,decileZ(NRC),-0.03687480515092154,-0.14382112825088586,0.0657561172639982,False,3.74970055622357e-16,1.2374011835537782e-14,False
FPR,aleatoric,nonlinear,-2.6,0.0,5,logit-frac,-0.012648496035851085,-0.03367860411858711,0.00665442921107556,False,0.20929728715471907,0.5764168376207098,False
FPR,epistemic,nonlinear,-2.6,0.0,5,Comp_prob,-0.0074726422675907124,-0.11498658790789903,0.09945756386666135,False,0.36002786012849275,0.8250976968833583,False
FPR,epistemic,nonlinear,-2.6,0.0,5,NRC,-0.021409810279879635,-0.1587792705290447,0.0959266011024546,False,0.6800810144591307,0.8250976968833583,False
FPR,epistemic,nonlinear,-2.6,0.0,5,decileZ(Comp),0.036611038910186564,-0.06872386091894385,0.15413042432336407,False,0.636147963961956,0.8250976968833583,False
FPR,epistemic,nonlinear,-2.6,0.0,5,decileZ(NRC),-0.07908918067447891,-0.1986581266835937,0.03960296058236372,False,0.3083831319192204,0.7845800634495239,False
FPR,epistemic,nonlinear,-2.6,0.0,5,logit-frac,-0.08058354728059057,-0.22071294540265055,0.0424748866258233,False,0.9361137102553412,0.9560435229309552,False
FPR,aleatoric,nonlinear,-2.6,0.0,6,Comp_prob,-1.1932473480321115,-1.3030989221093956,-1.0919430079888808,True,8.444725276164138e-96,5.573518682268331e-94,True
FPR,aleatoric,nonlinear,-2.6,0.0,6,NRC,3.3255324028725305e-05,-0.019712913526712866,0.02114134796197323,False,7.1680099873688546e-12,2.365443295831722e-10,False
FPR,aleatoric,nonlinear,-2.6,0.0,6,decileZ(Comp),0.003641094937673086,-0.10347209913998681,0.1083307654860717,False,0.0003400103329242435,0.0056101704932500175,False
FPR,aleatoric,nonlinear,-2.6,0.0,6,decileZ(NRC),-0.015540602516945643,-0.12082739589427707,0.09088178291129811,False,2.5743118804330243e-08,5.663486136952653e-07,False
FPR,aleatoric,nonlinear,-2.6,0.0,6,logit-frac,-0.0039705176030025765,-0.02045135985143953,0.012782618453544885,False,0.7040961278701436,0.8761604018865254,False
FPR,epistemic,nonlinear,-2.6,0.0,6,Comp_prob,-0.05230440841070859,-0.1688696222918198,0.06483531280533643,False,0.2749379607784982,0.7205072077310811,False
FPR,epistemic,nonlinear,-2.6,0.0,6,NRC,0.03821457422672378,-0.08873492720938737,0.17524572492462603,False,0.8493056354099054,0.9498699961832602,False
FPR,epistemic,nonlinear,-2.6,0.0,6,decileZ(Comp),-0.03128729753327997,-0.1469597110724182,0.08479847423940239,False,0.27273931763243076,0.7205072077310811,False
FPR,epistemic,nonlinear,-2.6,0.0,6,decileZ(NRC),-0.013225365135403185,-0.12782053809464533,0.09921510569632432,False,0.6430055550879192,0.8255443388557627,False
FPR,epistemic,nonlinear,-2.6,0.0,6,logit-frac,-0.027477415700364837,-0.16302177505303664,0.0837253931896746,False,0.9454159977516065,0.9904358071683496,False
FPR,aleatoric,nonlinear,-2.6,0.0,7,Comp_prob,-0.6853564324928362,-0.7787165510394999,-0.5914097774178048,True,4.952166879363768e-46,3.2684301403800867e-44,True
FPR,aleatoric,nonlinear,-2.6,0.0,7,NRC,0.06837723863876531,0.03983607327310306,0.10217865881748782,True,0.00015686648334842256,0.0034510626336652964,True
FPR,aleatoric,nonlinear,-2.6,0.0,7,decileZ(Comp),0.002622375445612314,-0.10853039532759613,0.10658598032413186,False,0.44499920239678525,0.7771451557348389,False
FPR,aleatoric,nonlinear,-2.6,0.0,7,decileZ(NRC),0.022545640932214613,-0.08507199834982244,0.12895836623808068,False,9.514882212451021e-15,3.139911130108837e-13,False
FPR,aleatoric,nonlinear,-2.6,0.0,7,logit-frac,-0.004831655220075662,-0.02617887073333444,0.014865230162282386,False,0.6376241717402158,0.8961823015128046,False
FPR,epistemic,nonlinear,-2.6,0.0,7,Comp_prob,0.03431882813008083,-0.0732551672188731,0.13998912774397856,False,0.5499544840574087,0.9969208910346286,False
FPR,epistemic,nonlinear,-2.6,0.0,7,NRC,-0.02788950274842208,-0.13003568267046745,0.07787785140487287,False,0.8224989355219976,0.9969208910346286,False
FPR,epistemic,nonlinear,-2.6,0.0,7,decileZ(Comp),0.027160129804371127,-0.07887620868800989,0.14152813136885653,False,0.8090602038480218,0.9969208910346286,False
FPR,epistemic,nonlinear,-2.6,0.0,7,decileZ(NRC),-0.008057810694135713,-0.11351172209469132,0.10320634612895338,False,0.6090259339990072,0.9969208910346286,False
FPR,epistemic,nonlinear,-2.6,0.0,7,logit-frac,-0.12304085200020973,-0.2520172414689767,-0.012774481788576385,True,0.7761630910960128,0.9969208910346286,False
FPR,aleatoric,nonlinear,-2.6,0.0,8,Comp_prob,-1.358186937868036,-1.4618743799425216,-1.251753898472588,True,2.377658358213096e-121,1.5692545164206432e-119,True
FPR,aleatoric,nonlinear,-2.6,0.0,8,NRC,0.07047533018663214,0.035820422178186664,0.1090998352183416,True,1.0324834634367907e-09,2.2714636195609397e-08,True
FPR,aleatoric,nonlinear,-2.6,0.0,8,decileZ(Comp),-0.028961816089389227,-0.13517215797554247,0.07793006996879845,False,0.004132684872084703,0.061878580197045306,False
FPR,aleatoric,nonlinear,-2.6,0.0,8,decileZ(NRC),-0.009281923090478754,-0.11885695501525079,0.10275648348357996,False,1.3973265428917689e-13,4.611177591542837e-12,False
FPR,aleatoric,nonlinear,-2.6,0.0,8,logit-frac,0.0013176635752756383,-0.021573292921003955,0.023962773431067133,False,0.7160125432166176,0.9321890090280228,False
FPR,epistemic,nonlinear,-2.6,0.0,8,Comp_prob,0.0392714729233277,-0.0765338872319898,0.14316769817674535,False,0.3481463220801032,0.8114307780145502,False
FPR,epistemic,nonlinear,-2.6,0.0,8,NRC,-0.025133834579475982,-0.11958946670575192,0.060408256279305204,False,0.19580789665463483,0.8114307780145502,False
FPR,epistemic,nonlinear,-2.6,0.0,8,decileZ(Comp),-0.018924036897696755,-0.13916485498316092,0.08387162304729812,False,0.38112657755228874,0.8114307780145502,False
FPR,epistemic,nonlinear,-2.6,0.0,8,decileZ(NRC),-0.0032588412169891334,-0.1195362439913347,0.10092917429334276,False,0.16437328701078313,0.8114307780145502,False
FPR,epistemic,nonlinear,-2.6,0.0,8,logit-frac,-0.03988762091751944,-0.1637231053893279,0.07354837990640563,False,0.2313505069767663,0.8114307780145502,False
FPR,aleatoric,nonlinear,-2.6,0.0,9,Comp_prob,-1.4689200424297815,-1.5958310454628108,-1.3497001611508859,True,1.859637689857404e-133,1.2273608753058866e-131,True
FPR,aleatoric,nonlinear,-2.6,0.0,9,NRC,0.09757964764942074,0.06398809356945181,0.1381930372866527,True,0.11464360911272194,0.5917468384471523,False
FPR,aleatoric,nonlinear,-2.6,0.0,9,decileZ(Comp),-0.000722498197053674,-0.12470158900298822,0.12225030107184752,False,5.044542962276086e-06,0.00011097994517007388,False
FPR,aleatoric,nonlinear,-2.6,0.0,9,decileZ(NRC),0.016922365830790216,-0.0891344773915869,0.1363325326536533,False,3.9287443712256724e-09,1.2964856425044719e-07,False
FPR,aleatoric,nonlinear,-2.6,0.0,9,logit-frac,0.032409334276492174,0.009471437817551864,0.05506251339407978,True,0.004452304782396245,0.07346302890953804,False
FPR,epistemic,nonlinear,-2.6,0.0,9,Comp_prob,0.014723359366446264,-0.09368415960532842,0.12432774791593064,False,0.9491463571231729,0.987281559928764,False
FPR,epistemic,nonlinear,-2.6,0.0,9,NRC,0.031125916279867497,-0.09485548267147777,0.1570109909358049,False,0.198799049072096,0.762948980273915,False
FPR,epistemic,nonlinear,-2.6,0.0,9,decileZ(Comp),-0.0384998488219057,-0.14580638689292783,0.06817608523201317,False,0.3842870967121116,0.7947413750059029,False
FPR,epistemic,nonlinear,-2.6,0.0,9,decileZ(NRC),0.03365333227537816,-0.07574131377763248,0.14264122847868832,False,0.14512997029082866,0.762948980273915,False
FPR,epistemic,nonlinear,-2.6,0.0,9,logit-frac,0.013050569570373722,-0.08913876594998012,0.11850400132781906,False,0.33427246163012114,0.7803741987427606,False
FPR,aleatoric,nonlinear,-2.6,0.0,10,Comp_prob,-1.122723945227568,-1.2145906575934728,-1.01545509636418,True,1.1399332820613161e-85,7.523559661604686e-84,True
FPR,aleatoric,nonlinear,-2.6,0.0,10,NRC,0.0936530162871917,0.06134116181069414,0.13257329825704156,True,0.0014960494655281318,0.0329130882416189,True
FPR,aleatoric,nonlinear,-2.6,0.0,10,decileZ(Comp),-0.03769693200481706,-0.14099363678160085,0.08250629996905517,False,0.13216513406544522,0.6884751501725908,False
FPR,aleatoric,nonlinear,-2.6,0.0,10,decileZ(NRC),0.031608773672399525,-0.08171017541037066,0.150953513784876,False,3.057839209478544e-11,1.0090869391279195e-09,False
FPR,aleatoric,nonlinear,-2.6,0.0,10,logit-frac,0.013078958402366505,-0.0029388122447099358,0.029651992774787132,False,0.26758499290675075,0.7064243812738219,False
FPR,epistemic,nonlinear,-2.6,0.0,10,Comp_prob,0.029440768383068635,-0.07794671276150912,0.1334551574362341,False,0.728044712757494,0.9913272174809091,False
FPR,epistemic,nonlinear,-2.6,0.0,10,NRC,0.05164173565058303,-0.06601234568186144,0.17434900523422703,False,0.6253223313431494,0.9907261807706172,False
FPR,epistemic,nonlinear,-2.6,0.0,10,decileZ(Comp),0.07615203999815626,-0.04304592959282096,0.18623315021392872,False,0.39962697685322346,0.9774360123811903,False
FPR,epistemic,nonlinear,-2.6,0.0,10,decileZ(NRC),0.06001036528251398,-0.05227360966036537,0.17111192763771838,False,0.26593393715298386,0.9774360123811903,False
FPR,epistemic,nonlinear,-2.6,0.0,10,logit-frac,0.0658852487522837,-0.03468140014186499,0.15966748957559204,False,0.44966134842378636,0.9774360123811903,False
FPR,aleatoric,nonlinear,-2.6,0.0,11,Comp_prob,-1.200517606309463,-1.3113009909107416,-1.1001149103677947,True,2.3877895262664576e-109,1.575941087335862e-107,True
FPR,aleatoric,nonlinear,-2.6,0.0,11,NRC,0.05082539193960218,0.02476821090374007,0.08517767153215948,True,1.468933205347841e-08,3.23165305176525e-07,True
FPR,aleatoric,nonlinear,-2.6,0.0,11,decileZ(Comp),-0.02114475434291109,-0.14707845420934287,0.08883771928980469,False,0.0110398027324102,0.1818482927729988,False
FPR,aleatoric,nonlinear,-2.6,0.0,11,decileZ(NRC),-0.026529021588708634,-0.13862066349848784,0.08887621620273438,False,2.8549900945254735e-13,9.421467311934063e-12,False
FPR,aleatoric,nonlinear,-2.6,0.0,11,logit-frac,0.00677170833031992,-0.013932509912263328,0.027169397830146647,False,0.7024323756680355,0.9816699290969368,False
FPR,epistemic,nonlinear,-2.6,0.0,11,Comp_prob,-0.025039637336001012,-0.14321326345582122,0.07778078436085013,False,0.9348058833646623,0.9620417060593581,False
FPR,epistemic,nonlinear,-2.6,0.0,11,NRC,0.06563194535829742,-0.06149969621086849,0.18861481371876093,False,0.1166396899737101,0.9363777106172645,False
FPR,epistemic,nonlinear,-2.6,0.0,11,decileZ(Comp),0.012149465754408062,-0.1049275358414469,0.1117330051214655,False,0.5268815810514894,0.9363777106172645,False
FPR,epistemic,nonlinear,-2.6,0.0,11,decileZ(NRC),0.03210713868022434,-0.08882520484833191,0.14616766296401038,False,0.12070806681939644,0.9363777106172645,False
FPR,epistemic,nonlinear,-2.6,0.0,11,logit-frac,0.0420250105395962,-0.0664534684252177,0.16159466662188926,False,0.06998262116026302,0.9363777106172645,False
FPR,aleatoric,nonlinear,-2.6,0.0,12,Comp_prob,-0.8162132106493472,-0.9082057519250065,-0.7139093781218883,True,7.246574287885957e-61,4.782739030004732e-59,True
FPR,aleatoric,nonlinear,-2.6,0.0,12,NRC,0.07802278125076947,0.0481030014546327,0.11307757103363873,True,0.004827050958751261,0.10619512109252775,False
FPR,aleatoric,nonlinear,-2.6,0.0,12,decileZ(Comp),0.011835511489286896,-0.08933304235143191,0.12095462641221211,False,0.3682276315582107,0.74740151205407,False
FPR,aleatoric,nonlinear,-2.6,0.0,12,decileZ(NRC),-0.024126545992496824,-0.1335164657968196,0.08670489213758675,False,3.623168159597498e-16,1.1956454926671743e-14,False
FPR,aleatoric,nonlinear,-2.6,0.0,12,logit-frac,0.0052649015884293935,-0.013362963320019565,0.024988225951596454,False,0.6316465518611929,0.8573227899033232,False
FPR,epistemic,nonlinear,-2.6,0.0,12,Comp_prob,-0.07379538738809206,-0.18854977773229226,0.0426104299358429,False,0.20260469620990862,0.8929334289915987,False
FPR,epistemic,nonlinear,-2.6,0.0,12,NRC,0.13732654874829264,0.009140981480666279,0.28526453852886113,True,0.26577898501240427,0.8929334289915987,False
FPR,epistemic,nonlinear,-2.6,0.0,12,decileZ(Comp),-0.06446789623121507,-0.18286167236437229,0.05010557696381418,False,0.38420146700508184,0.8929334289915987,False
FPR,epistemic,nonlinear,-2.6,0.0,12,decileZ(NRC),0.08265216600967329,-0.03806700106902327,0.19865791055981666,False,0.4069545720079456,0.8929334289915987,False
FPR,epistemic,nonlinear,-2.6,0.0,12,logit-frac,0.07914601250847038,-0.0375628147508315,0.20984180404276884,False,0.3043614169493506,0.8929334289915987,False
FPR,aleatoric,nonlinear,-2.6,0.0,13,Comp_prob,-1.1202344886604925,-1.2315480386945286,-1.0149125464724373,True,3.5504133524524064e-92,2.343272812618588e-90,True
FPR,aleatoric,nonlinear,-2.6,0.0,13,NRC,0.036154402960262344,0.011194372474220319,0.0627380316587336,True,9.584280503106964e-10,2.1085417106835323e-08,True
FPR,aleatoric,nonlinear,-2.6,0.0,13,decileZ(Comp),-0.00018640989493749202,-0.11225335356049025,0.11297029108615053,False,0.0036652853716999598,0.06047720863304934,False
FPR,aleatoric,nonlinear,-2.6,0.0,13,decileZ(NRC),0.007155808946865006,-0.10381114447643905,0.11854529005837627,False,1.0730005338027054e-13,3.540901761548928e-12,False
FPR,aleatoric,nonlinear,-2.6,0.0,13,logit-frac,-0.01352843492014899,-0.03228700417206423,0.006180382809966873,False,0.13702452175790483,0.5319775550601011,False
FPR,epistemic,nonlinear,-2.6,0.0,13,Comp_prob,-0.04456242911103333,-0.15608026290970742,0.07279658128639033,False,0.1841025267485885,0.847484119913463,False
FPR,epistemic,nonlinear,-2.6,0.0,13,NRC,0.07455439060629734,-0.012314570880029182,0.18240602485595162,False,0.16273423694910616,0.847484119913463,False
FPR,epistemic,nonlinear,-2.6,0.0,13,decileZ(Comp),-0.03927418777941519,-0.1533078237078665,0.07547627391585504,False,0.09006129634936726,0.847484119913463,False
FPR,epistemic,nonlinear,-2.6,0.0,13,decileZ(NRC),0.03514597067988468,-0.07208390590948088,0.1442422437049963,False,0.2818663709130287,0.9658591758799085,False
FPR,epistemic,nonlinear,-2.6,0.0,13,logit-frac,0.04788097001739572,-0.04870902818329818,0.15394803370919716,False,0.1738738279202391,0.847484119913463,False
FPR,aleatoric,nonlinear,-2.6,0.0,14,Comp_prob,-0.7064985250880162,-0.8031840913665778,-0.6176482331787271,True,1.0162014225946931e-49,6.706929389124974e-48,True
FPR,aleatoric,nonlinear,-2.6,0.0,14,NRC,0.033798542932854274,0.015572738243704962,0.05553943158446336,True,0.0005049345785655544,0.011108560728442197,True
FPR,aleatoric,nonlinear,-2.6,0.0,14,decileZ(Comp),0.004779970820311778,-0.1032323789635033,0.09980604300497842,False,0.20316049463872277,0.6399255029152469,False
FPR,aleatoric,nonlinear,-2.6,0.0,14,decileZ(NRC),-0.027564125876385404,-0.12779979148299986,0.0802992565436494,False,9.923710646098548e-13,3.274824513212521e-11,False
FPR,aleatoric,nonlinear,-2.6,0.0,14,logit-frac,0.01811756602081863,-0.0027989041710669046,0.03895088086346621,False,0.019473413087151108,0.18360646625028187,False
FPR,epistemic,nonlinear,-2.6,0.0,14,Comp_prob,-0.0524458826508535,-0.1593295377038037,0.0560721630205723,False,0.5576142079872475,0.9493808212590614,False
FPR,epistemic,nonlinear,-2.6,0.0,14,NRC,0.029490122276098475,-0.08131443166889056,0.15036517287217405,False,0.9310437560256611,0.9505586118056253,False
FPR,epistemic,nonlinear,-2.6,0.0,14,decileZ(Comp),-0.028337425107805687,-0.1311902835385991,0.07793593794322068,False,0.4845148151422882,0.9493808212590614,False
FPR,epistemic,nonlinear,-2.6,0.0,14,decileZ(NRC),0.004607626153538187,-0.10238603513961003,0.11830736548762495,False,0.5325066541972309,0.9493808212590614,False
FPR,epistemic,nonlinear,-2.6,0.0,14,logit-frac,0.0048779494817832,-0.1127376143578113,0.12545535859950727,False,0.7982936152203027,0.9505586118056253,False
FPR,aleatoric,nonlinear,-1.8,0.0,0,Comp_prob,-0.4754531704739065,-0.5698013145520682,-0.3836243165608134,True,2.3121959255322668e-29,1.5260493108512961e-27,True
FPR,aleatoric,nonlinear,-1.8,0.0,0,NRC,0.061926969699904424,0.03810095243868458,0.09562125197994145,True,0.001168844432777582,0.025714577521106802,True
FPR,aleatoric,nonlinear,-1.8,0.0,0,decileZ(Comp),-0.0178087932962562,-0.12392050573164626,0.08458130364171897,False,0.003761864032129129,0.062070756530130625,False
FPR,aleatoric,nonlinear,-1.8,0.0,0,decileZ(NRC),-0.009691754957291795,-0.1163355563354654,0.09952308794997752,False,2.833467011251468e-17,9.350441137129844e-16,False
FPR,aleatoric,nonlinear,-1.8,0.0,0,logit-frac,0.011411354109682527,-0.020931530294684187,0.04241611561957691,False,0.7900588762605447,0.9989306357973692,False
FPR,epistemic,nonlinear,-1.8,0.0,0,Comp_prob,-0.0012876787311741323,-0.12532928716948566,0.1087327517323744,False,0.6876073463284924,0.9842682707609028,False
FPR,epistemic,nonlinear,-1.8,0.0,0,NRC,0.019001479741248852,-0.10366387734776873,0.15879305044049577,False,0.660110374545257,0.9842682707609028,False
FPR,epistemic,nonlinear,-1.8,0.0,0,decileZ(Comp),0.012395120731276148,-0.1101952420586132,0.12672311927629615,False,0.6536874183485065,0.9842682707609028,False
FPR,epistemic,nonlinear,-1.8,0.0,0,decileZ(NRC),-0.017643985560187033,-0.1257537459389447,0.0946172002024188,False,0.9425847501648922,0.9842682707609028,False
FPR,epistemic,nonlinear,-1.8,0.0,0,logit-frac,-0.03244941239535425,-0.15224404909343306,0.08298278395701583,False,0.6677240566822966,0.9842682707609028,False
FPR,aleatoric,nonlinear,-1.8,0.0,1,Comp_prob,-0.4667751951868489,-0.5683399390351873,-0.37158559104348915,True,6.121838402683056e-25,4.040413345770817e-23,True
FPR,aleatoric,nonlinear,-1.8,0.0,1,NRC,0.11220718011968255,0.0751151124076719,0.15727254792169695,True,0.41489957320444293,0.992602987730588,False
FPR,aleatoric,nonlinear,-1.8,0.0,1,decileZ(Comp),-0.004097423794320796,-0.11264742471490394,0.10050986171213937,False,0.37199292702440845,0.9820613273444383,False
FPR,aleatoric,nonlinear,-1.8,0.0,1,decileZ(NRC),-0.02481573079006036,-0.13250429676918418,0.07901978548138927,False,1.2050565002150535e-13,3.976686450709677e-12,False
FPR,aleatoric,nonlinear,-1.8,0.0,1,logit-frac,0.01175994317055513,-0.02796772172130435,0.0486299194365723,False,0.36090812129183025,0.9820613273444383,False
FPR,epistemic,nonlinear,-1.8,0.0,1,Comp_prob,0.0056918920097607855,-0.10545742630570876,0.10913110458007391,False,0.8346585305884423,0.924378468118405,False
FPR,epistemic,nonlinear,-1.8,0.0,1,NRC,0.0213212913312607,-0.09067741636923247,0.1420630123226882,False,0.8682985554743701,0.924378468118405,False
FPR,epistemic,nonlinear,-1.8,0.0,1,decileZ(Comp),0.010537242505511654,-0.10434228523470415,0.11312945138354143,False,0.5961291199753145,0.924378468118405,False
FPR,epistemic,nonlinear,-1.8,0.0,1,decileZ(NRC),-0.03270611988088685,-0.1371801040567593,0.076741401830559,False,0.5219372568829233,0.924378468118405,False
FPR,epistemic,nonlinear,-1.8,0.0,1,logit-frac,0.01693683265551623,-0.08608707328001941,0.1354932637861228,False,0.8684233765926156,0.924378468118405,False
FPR,aleatoric,nonlinear,-1.8,0.0,2,Comp_prob,-0.9339812372896259,-1.0301444025775002,-0.8411480073998953,True,7.08995687814976e-80,4.679371539578842e-78,True
FPR,aleatoric,nonlinear,-1.8,0.0,2,NRC,0.08700244184749441,0.05352849010499942,0.12424587406563814,True,0.2309426384309633,0.7463164715478398,False
FPR,aleatoric,nonlinear,-1.8,0.0,2,decileZ(Comp),-0.02753458291314702,-0.13790467365128883,0.08879059881386706,False,0.20522660244479662,0.7463164715478398,False
FPR,aleatoric,nonlinear,-1.8,0.0,2,decileZ(NRC),-0.022732142987145466,-0.1309078457713184,0.08804609372535609,False,3.9091987938083076e-09,1.2900356019567414e-07,False
FPR,aleatoric,nonlinear,-1.8,0.0,2,logit-frac,0.0033711323597904568,-0.024478634862597166,0.03293753581720684,False,0.7498145955939003,0.8883036993236726,False
FPR,epistemic,nonlinear,-1.8,0.0,2,Comp_prob,-0.059601646878259605,-0.16708301747050613,0.04880908569351588,False,0.17827247706275362,0.9333841421287945,False
FPR,epistemic,nonlinear,-1.8,0.0,2,NRC,-0.0038172825104453,-0.10682063048742921,0.08996179816120689,False,0.7439425447703092,0.9333841421287945,False
FPR,epistemic,nonlinear,-1.8,0.0,2,decileZ(Comp),-0.03196876929659267,-0.13634846220863162,0.07339454719642746,False,0.7338195198954234,0.9333841421287945,False
FPR,epistemic,nonlinear,-1.8,0.0,2,decileZ(NRC),0.002200201509579447,-0.10709354426131228,0.11155620405337659,False,0.6956617324876524,0.9333841421287945,False
FPR,epistemic,nonlinear,-1.8,0.0,2,logit-frac,0.008987252967439503,-0.08290600622350652,0.10377703909765648,False,0.6987989839893132,0.9333841421287945,False
FPR,aleatoric,nonlinear,-1.8,0.0,3,Comp_prob,-0.668591987883011,-0.766413078712629,-0.5755941399125228,True,1.9614471194046667e-40,1.29455509880708e-38,True
FPR,aleatoric,nonlinear,-1.8,0.0,3,NRC,0.0609731999765443,0.03817784879110799,0.0902409214781155,True,0.3165839625923188,0.8831892615345615,False
FPR,aleatoric,nonlinear,-1.8,0.0,3,decileZ(Comp),-0.002261508539244632,-0.10859657527199995,0.10325221108056792,False,0.43139065775472285,0.9157908874522842,False
FPR,aleatoric,nonlinear,-1.8,0.0,3,decileZ(NRC),0.007854595662723693,-0.09535664847378444,0.12770871156812955,False,7.062400762330971e-10,2.3305922515692206e-08,False
FPR,aleatoric,nonlinear,-1.8,0.0,3,logit-frac,0.006170830938872726,-0.021198436801672094,0.03445182971608524,False,0.31664083982448654,0.8831892615345615,False
FPR,epistemic,nonlinear,-1.8,0.0,3,Comp_prob,-0.014142527762916851,-0.12006246598467264,0.0835822671784514,False,0.8151376301670417,0.9532122941484915,False
FPR,epistemic,nonlinear,-1.8,0.0,3,NRC,-0.023765445117180924,-0.13386272324141038,0.08338303252594796,False,0.1729450973903136,0.9086589380310158,False
FPR,epistemic,nonlinear,-1.8,0.0,3,decileZ(Comp),-0.03003715211730691,-0.13585619499136642,0.07436697354519034,False,0.5260631287152517,0.9086589380310158,False
FPR,epistemic,nonlinear,-1.8,0.0,3,decileZ(NRC),0.048102133686441735,-0.06156778539122026,0.16508864632282555,False,0.23097397933905717,0.9086589380310158,False
FPR,epistemic,nonlinear,-1.8,0.0,3,logit-frac,0.013965726327481139,-0.09386893511449358,0.13433761018984505,False,0.3288355936903189,0.9086589380310158,False
FPR,aleatoric,nonlinear,-1.8,0.0,4,Comp_prob,-0.7320442077863983,-0.8251761224134065,-0.63670197112821,True,8.01903758269232e-54,5.2925648045769314e-52,True
FPR,aleatoric,nonlinear,-1.8,0.0,4,NRC,0.06464224496576636,0.0404182626254893,0.10047392982577596,True,0.37302047596841925,0.9310049570765404,False
FPR,aleatoric,nonlinear,-1.8,0.0,4,decileZ(Comp),-0.048859779867015424,-0.15877257028882255,0.06553584581188295,False,0.03007462967491228,0.28356079407774437,False
FPR,aleatoric,nonlinear,-1.8,0.0,4,decileZ(NRC),-0.00829265491726288,-0.10839661701779882,0.10308046735316141,False,6.002756702507426e-11,1.9809097118274505e-09,False
FPR,aleatoric,nonlinear,-1.8,0.0,4,logit-frac,0.015649240218047162,-0.009322680823202896,0.041623840821384414,False,0.052947342663934,0.4368155769774555,False
FPR,epistemic,nonlinear,-1.8,0.0,4,Comp_prob,-0.02613585200783602,-0.1347596310596157,0.08848695197644049,False,0.9677504679626402,0.9996845754342787,False
FPR,epistemic,nonlinear,-1.8,0.0,4,NRC,0.07198702933891123,-0.06188008322025678,0.20093467525035832,False,0.010106638618346687,0.271238563099509,False
FPR,epistemic,nonlinear,-1.8,0.0,4,decileZ(Comp),-0.02554177003669913,-0.13435862276594593,0.08353854550917723,False,0.6438814084902316,0.8838598289115073,False
FPR,epistemic,nonlinear,-1.8,0.0,4,decileZ(NRC),0.10820695952626393,-0.0039046153775706767,0.2066829423410309,False,0.02876772638934186,0.271238563099509,False
FPR,epistemic,nonlinear,-1.8,0.0,4,logit-frac,0.1283693967098919,0.023995184470653404,0.235056129556374,True,0.018946796391369244,0.271238563099509,False
FPR,aleatoric,nonlinear,-1.8,0.0,5,Comp_prob,-0.6383284662262196,-0.7426742872456744,-0.5396515878544471,True,3.244805065563518e-45,2.1415713432719217e-43,True
FPR,aleatoric,nonlinear,-1.8,0.0,5,NRC,0.026337655484399446,0.004857768649158175,0.05069857801325159,True,3.496487781639989e-05,0.0007692273119607975,True
FPR,aleatoric,nonlinear,-1.8,0.0,5,decileZ(Comp),0.016722134119156344,-0.1000504535440094,0.1288539497918453,False,0.025931002029291928,0.27396980815125455,False
FPR,aleatoric,nonlinear,-1.8,0.0,5,decileZ(NRC),-0.004207174164755526,-0.11386516299935769,0.10169379892150243,False,4.63086860111882e-12,1.5281866383692106e-10,False
FPR,aleatoric,nonlinear,-1.8,0.0,5,logit-frac,-0.03994377119127888,-0.07522207660738668,-0.00584826616209148,True,0.026939076344454218,0.27396980815125455,False
FPR,epistemic,nonlinear,-1.8,0.0,5,Comp_prob,-0.009171205937258047,-0.11795593036730491,0.10302034885429062,False,0.4291005233120737,0.9839532703758844,False
FPR,epistemic,nonlinear,-1.8,0.0,5,NRC,-0.08585877120554006,-0.20837550714162825,0.02052422432905971,False,0.5321917264898124,0.9839532703758844,False
FPR,epistemic,nonlinear,-1.8,0.0,5,decileZ(Comp),0.022395248498078703,-0.08519613742937217,0.13318884019527866,False,0.6008094008531353,0.9839532703758844,False
FPR,epistemic,nonlinear,-1.8,0.0,5,decileZ(NRC),-0.04885277689346268,-0.16550762753959095,0.05824022501270465,False,0.9394220740260164,0.9839532703758844,False
FPR,epistemic,nonlinear,-1.8,0.0,5,logit-frac,-0.08058354728059049,-0.22071294540265013,0.042474886625823424,False,0.9361137102553412,0.9839532703758844,False
FPR,aleatoric,nonlinear,-1.8,0.0,6,Comp_prob,-0.9035291486514656,-0.9982638467548565,-0.8183990355361305,True,5.991143321517808e-70,3.954154592201753e-68,True
FPR,aleatoric,nonlinear,-1.8,0.0,6,NRC,0.005062556532999774,-0.010379585520317081,0.022503389657243633,False,4.513101967628416e-05,0.0009928824328782515,False
FPR,aleatoric,nonlinear,-1.8,0.0,6,decileZ(Comp),-0.011067813886226291,-0.12273205963837412,0.10042951232222068,False,0.21882386023104705,0.7803332417217765,False
FPR,aleatoric,nonlinear,-1.8,0.0,6,decileZ(NRC),-0.04685124694370041,-0.14637267195063164,0.06281862454736066,False,3.167808621025328e-08,1.0453768449383582e-06,False
FPR,aleatoric,nonlinear,-1.8,0.0,6,logit-frac,-0.011755058052736179,-0.03372753315491599,0.007750725542894533,False,0.8159331827142212,0.9870120013007503,False
FPR,epistemic,nonlinear,-1.8,0.0,6,Comp_prob,-0.058748272579537276,-0.17525805336056546,0.05611684295016695,False,0.23738301525980154,0.8171906077089257,False
FPR,epistemic,nonlinear,-1.8,0.0,6,NRC,-0.003850803049597408,-0.14184293147157054,0.11717057002180627,False,0.9859788907609234,0.9981814202031474,False
FPR,epistemic,nonlinear,-1.8,0.0,6,decileZ(Comp),-0.05405411953581124,-0.16313992398123817,0.05875609217337847,False,0.27239686923630857,0.8171906077089257,False
FPR,epistemic,nonlinear,-1.8,0.0,6,decileZ(NRC),-0.0274124188721741,-0.14602060595172414,0.09622019126170185,False,0.7269102505756545,0.9876874871248353,False
FPR,epistemic,nonlinear,-1.8,0.0,6,logit-frac,-0.027477415700364913,-0.16302177505303664,0.08372539318967444,False,0.9454159977516065,0.9981814202031474,False
FPR,aleatoric,nonlinear,-1.8,0.0,7,Comp_prob,-0.49467278428094025,-0.601045298138831,-0.40290656826305665,True,1.2156386753001588e-23,8.023215256981048e-22,True
FPR,aleatoric,nonlinear,-1.8,0.0,7,NRC,0.07663358203412157,0.03649217672596805,0.12904494964632668,True,0.045221524774509976,0.4015376791510047,False
FPR,aleatoric,nonlinear,-1.8,0.0,7,decileZ(Comp),-0.0014866761632470653,-0.11694884860372191,0.110225821616403,False,0.060473975154860506,0.4015376791510047,False
FPR,aleatoric,nonlinear,-1.8,0.0,7,decileZ(NRC),0.008545191369369154,-0.0963432264531598,0.11204295515975268,False,5.94419280268849e-16,1.9615836248872017e-14,False
FPR,aleatoric,nonlinear,-1.8,0.0,7,logit-frac,-0.02198105206894806,-0.07421455218129705,0.02727262945108406,False,0.8707932779535379,0.9825677304079916,False
FPR,epistemic,nonlinear,-1.8,0.0,7,Comp_prob,0.029367733120345733,-0.07797562159054813,0.13871052138441742,False,0.5767200771497392,0.9275295694699137,False
FPR,epistemic,nonlinear,-1.8,0.0,7,NRC,-0.10706293923734188,-0.25570236109870503,0.012674267045913595,False,0.9674541449865921,0.9674541449865921,False
FPR,epistemic,nonlinear,-1.8,0.0,7,decileZ(Comp),0.028378407346793415,-0.07924245339691544,0.13839221160452422,False,0.6112079368478536,0.9275295694699137,False
FPR,epistemic,nonlinear,-1.8,0.0,7,decileZ(NRC),-0.014436108139324076,-0.12400769763026322,0.08721248556707815,False,0.8010482645421981,0.9275295694699137,False
FPR,epistemic,nonlinear,-1.8,0.0,7,logit-frac,-0.12304085200020995,-0.2520172414689766,-0.01277448178857648,True,0.7761630910960128,0.9275295694699137,False
FPR,aleatoric,nonlinear,-1.8,0.0,8,Comp_prob,-1.1384863744902414,-1.237993628025912,-1.0505169335131033,True,4.371792937400397e-105,2.885383338684262e-103,True
FPR,aleatoric,nonlinear,-1.8,0.0,8,NRC,0.057592441672819725,0.02628169651815635,0.0904756842376631,True,0.00023576308682926838,0.0051867879102439046,True
FPR,aleatoric,nonlinear,-1.8,0.0,8,decileZ(Comp),-0.014033638041370578,-0.129051490389496,0.09310196629244237,False,0.3808710205318635,0.798361045463809,False
FPR,aleatoric,nonlinear,-1.8,0.0,8,decileZ(NRC),0.011098891880127937,-0.1093076990403195,0.12115105908063378,False,1.866940388396601e-08,6.160903281708783e-07,False
FPR,aleatoric,nonlinear,-1.8,0.0,8,logit-frac,0.003480774635513153,-0.023129045778635383,0.028948000351466333,False,0.6899208987979504,0.9245650188875989,False
FPR,epistemic,nonlinear,-1.8,0.0,8,Comp_prob,0.050634425253941975,-0.06443757859493363,0.16005353973218767,False,0.3275351147997744,0.9621451258193768,False
FPR,epistemic,nonlinear,-1.8,0.0,8,NRC,-0.063670520061713,-0.17726278923118585,0.04491004681928352,False,0.20678963454824972,0.9350222124038382,False
FPR,epistemic,nonlinear,-1.8,0.0,8,decileZ(Comp),-0.005705359193786114,-0.12133059769490007,0.10015078303052373,False,0.6876073463284924,0.9762695554801509,False
FPR,epistemic,nonlinear,-1.8,0.0,8,decileZ(NRC),0.028315657529640412,-0.09278094300792862,0.14499515411124092,False,0.12864847737990331,0.9350222124038382,False
FPR,epistemic,nonlinear,-1.8,0.0,8,logit-frac,-0.03988762091751939,-0.16372310538932786,0.07354837990640557,False,0.2313505069767663,0.9350222124038382,False
FPR,aleatoric,nonlinear,-1.8,0.0,9,Comp_prob,-1.300470268570175,-1.3917579850791695,-1.2058069024399303,True,1.440269995490644e-125,9.50578197023825e-124,True
FPR,aleatoric,nonlinear,-1.8,0.0,9,NRC,0.0808635071553976,0.05336944205483587,0.11224839152129489,True,0.9732335148399316,0.9959327396758713,False
FPR,aleatoric,nonlinear,-1.8,0.0,9,decileZ(Comp),-0.03822215188713696,-0.14607641405057986,0.07846965202376137,False,0.4257241275457505,0.75207745335781,False
FPR,aleatoric,nonlinear,-1.8,0.0,9,decileZ(NRC),-0.008979056813038728,-0.11876137645398117,0.09992343645379692,False,1.6672520253590696e-06,5.5019316836849294e-05,False
FPR,aleatoric,nonlinear,-1.8,0.0,9,logit-frac,0.028095756877259827,0.0050522192855102475,0.05232425621483251,True,0.015190108397558237,0.2917088155099467,False
FPR,epistemic,nonlinear,-1.8,0.0,9,Comp_prob,0.021376679490727232,-0.08714461971104898,0.13168751550185584,False,0.9354289764203236,0.9865494355903129,False
FPR,epistemic,nonlinear,-1.8,0.0,9,NRC,0.03246272139175607,-0.07237866997548434,0.13461178637270868,False,0.2141970140877666,0.5235927011034295,False
FPR,epistemic,nonlinear,-1.8,0.0,9,decileZ(Comp),-0.03248803694749985,-0.14203448775584013,0.07527115816471418,False,0.26306131581228,0.578734894787016,False
FPR,epistemic,nonlinear,-1.8,0.0,9,decileZ(NRC),0.05843239609350795,-0.05007919809882157,0.1639161245011496,False,0.1503522046850735,0.4935552576654739,False
FPR,epistemic,nonlinear,-1.8,0.0,9,logit-frac,0.013050569570374135,-0.0891387659499796,0.11850400132781942,False,0.33427246163012114,0.6685449232602423,False
FPR,aleatoric,nonlinear,-1.8,0.0,10,Comp_prob,-0.8688545912045635,-0.9598693036481366,-0.7740657212588824,True,2.6120545392160746e-59,1.7239559958826092e-57,True
FPR,aleatoric,nonlinear,-1.8,0.0,10,NRC,0.06435893921233433,0.04130419783667696,0.0951307950297658,True,0.9968540535124324,0.9968540535124323,False
FPR,aleatoric,nonlinear,-1.8,0.0,10,decileZ(Comp),-0.03628220907398164,-0.1430045166675869,0.07806925600001809,False,0.33833232186748863,0.8654918302627942,False
FPR,aleatoric,nonlinear,-1.8,0.0,10,decileZ(NRC),0.015339881684443734,-0.09735943436878135,0.13194617630940067,False,1.6993386260903118e-06,5.6078174660980294e-05,False
FPR,aleatoric,nonlinear,-1.8,0.0,10,logit-frac,0.008037807522371704,-0.013792744742175999,0.030420361464688205,False,0.15401617825060174,0.8654918302627942,False
FPR,epistemic,nonlinear,-1.8,0.0,10,Comp_prob,0.020881899822738723,-0.0886415553200581,0.12486240528017455,False,0.8082102734701841,0.9810222013125822,False
FPR,epistemic,nonlinear,-1.8,0.0,10,NRC,0.06501450471672805,-0.02366860649192451,0.17215332944694356,False,0.5958650081814589,0.9810222013125822,False
FPR,epistemic,nonlinear,-1.8,0.0,10,decileZ(Comp),0.04324546633973997,-0.07471695907232564,0.1584716376906107,False,0.5646897531114206,0.9810222013125822,False
FPR,epistemic,nonlinear,-1.8,0.0,10,decileZ(NRC),0.023130443024226545,-0.08771278858359974,0.1327184540141264,False,0.9061597697879687,0.9810222013125822,False
FPR,epistemic,nonlinear,-1.8,0.0,10,logit-frac,0.06588524875228342,-0.03468140014186523,0.15966748957559165,False,0.44966134842378636,0.9810222013125822,False
FPR,aleatoric,nonlinear,-1.8,0.0,11,Comp_prob,-0.9463208566842032,-1.0396525245505988,-0.8511719882451613,True,2.4526020661163484e-81,1.6187173636367898e-79,True
FPR,aleatoric,nonlinear,-1.8,0.0,11,NRC,0.0647794759594402,0.035773137760561194,0.0928793465974384,True,0.015490424626884483,0.34078934179145864,False
FPR,aleatoric,nonlinear,-1.8,0.0,11,decileZ(Comp),-0.015919294534840544,-0.12886802372407857,0.08357940343292716,False,0.49723630028452837,0.9115998838549686,False
FPR,aleatoric,nonlinear,-1.8,0.0,11,decileZ(NRC),-0.02382172122708755,-0.1347112329973417,0.07741488191544914,False,6.108702091357008e-12,2.0158716901478126e-10,False
FPR,aleatoric,nonlinear,-1.8,0.0,11,logit-frac,0.020964733555519862,-0.0037989761052348208,0.046502100899811015,False,0.2570188817465475,0.7500439246450605,False
FPR,epistemic,nonlinear,-1.8,0.0,11,Comp_prob,-0.0052968031956800565,-0.12134726374763366,0.09881682255762923,False,0.8438449296549821,0.9691099128454287,False
FPR,epistemic,nonlinear,-1.8,0.0,11,NRC,0.050905506538601,-0.0660259126510015,0.1747878112923124,False,0.1009488831203224,0.8602990270077434,False
FPR,epistemic,nonlinear,-1.8,0.0,11,decileZ(Comp),0.015073969475190671,-0.10429175978455646,0.11687214878509175,False,0.5690407615845303,0.9332085850593492,False
FPR,epistemic,nonlinear,-1.8,0.0,11,decileZ(NRC),0.05364360363311731,-0.05482543192733835,0.1578697881336422,False,0.1448012112572886,0.8602990270077434,False
FPR,epistemic,nonlinear,-1.8,0.0,11,logit-frac,0.04202501053959653,-0.06645346842521735,0.16159466662188968,False,0.06998262116026302,0.8602990270077434,False
FPR,aleatoric,nonlinear,-1.8,0.0,12,Comp_prob,-0.5720371762098426,-0.6670534498663996,-0.48359075874229024,True,1.1158300987966066e-34,7.364478652057603e-33,True
FPR,aleatoric,nonlinear,-1.8,0.0,12,NRC,0.055864799994602095,0.03428414648060928,0.08462385638916249,True,0.5945008266221826,0.9670407072086314,False
FPR,aleatoric,nonlinear,-1.8,0.0,12,decileZ(Comp),0.020583809067367162,-0.08559961672399488,0.13126805807501762,False,0.02634201868729362,0.2897622055602298,False
FPR,aleatoric,nonlinear,-1.8,0.0,12,decileZ(NRC),-0.03915543324994774,-0.14585824503805922,0.07158174720279853,False,3.600197830131961e-09,1.1880652839435471e-07,False
FPR,aleatoric,nonlinear,-1.8,0.0,12,logit-frac,0.005268126617051178,-0.01522884615305509,0.027942811982053832,False,0.31043324927754257,0.7974153692378699,False
FPR,epistemic,nonlinear,-1.8,0.0,12,Comp_prob,-0.07754065289080023,-0.19366907117016624,0.03837586042174429,False,0.17807043807523637,0.9406917711842706,False
FPR,epistemic,nonlinear,-1.8,0.0,12,NRC,0.0676680646926954,-0.06023255909675637,0.19571327336428987,False,0.28207316448811703,0.9406917711842706,False
FPR,epistemic,nonlinear,-1.8,0.0,12,decileZ(Comp),-0.07609625435005336,-0.19150961390009416,0.04019226045033215,False,0.3377791955855224,0.9406917711842706,False
FPR,epistemic,nonlinear,-1.8,0.0,12,decileZ(NRC),0.02212326235485816,-0.0902061805155437,0.13765954539274558,False,0.4646398182826763,0.9406917711842706,False
FPR,epistemic,nonlinear,-1.8,0.0,12,logit-frac,0.0791460125084702,-0.03756281475083188,0.2098418040427684,False,0.3043614169493506,0.9406917711842706,False
FPR,aleatoric,nonlinear,-1.8,0.0,13,Comp_prob,-0.8737950353151491,-0.9682290380484807,-0.7704200124586496,True,8.294988051653117e-67,5.474692114091057e-65,True
FPR,aleatoric,nonlinear,-1.8,0.0,13,NRC,0.03262553094958809,0.00996177072857287,0.058584808332144515,True,0.00034827201745844387,0.007661984384085766,True
FPR,aleatoric,nonlinear,-1.8,0.0,13,decileZ(Comp),0.016681680525503177,-0.0884655439652934,0.1405546199203192,False,0.62711997210811,0.9283202591771069,False
FPR,aleatoric,nonlinear,-1.8,0.0,13,decileZ(NRC),0.0017296152839838905,-0.11672203834891046,0.11247061705334101,False,1.1567198451712161e-08,3.8171754890650134e-07,False
FPR,aleatoric,nonlinear,-1.8,0.0,13,logit-frac,-0.01483786870578849,-0.0382056875810311,0.0074500410843958064,False,0.1251148577140143,0.5898271863660673,False
FPR,epistemic,nonlinear,-1.8,0.0,13,Comp_prob,-0.060990173935012826,-0.17082484758046182,0.050596084029202404,False,0.13252777537903956,0.6430207003004323,False
FPR,epistemic,nonlinear,-1.8,0.0,13,NRC,-0.004358650260175966,-0.11574540940501432,0.10712886865247663,False,0.2882276862060409,0.7394089948974014,False
FPR,epistemic,nonlinear,-1.8,0.0,13,decileZ(Comp),-0.0315207114790072,-0.1419449472269065,0.0787762839452758,False,0.13948137922029033,0.6430207003004323,False
FPR,epistemic,nonlinear,-1.8,0.0,13,decileZ(NRC),0.015092692706491075,-0.09632942081616802,0.12010073909525208,False,0.2929405737906161,0.7394089948974014,False
FPR,epistemic,nonlinear,-1.8,0.0,13,logit-frac,0.04788097001739577,-0.048709028183297996,0.1539480337091975,False,0.1738738279202391,0.6430207003004323,False
FPR,aleatoric,nonlinear,-1.8,0.0,14,Comp_prob,-0.5393625772965704,-0.6346153073367963,-0.44295865782993316,True,3.832867003401552e-28,2.5296922222450244e-26,True
FPR,aleatoric,nonlinear,-1.8,0.0,14,NRC,0.029625909249178052,0.0030299019416700603,0.05495102800753866,True,0.06896276431351782,0.5281452198171379,False
FPR,aleatoric,nonlinear,-1.8,0.0,14,decileZ(Comp),-0.016105652170932475,-0.12304092471221045,0.08748808460568235,False,0.27839750793779094,0.6124745174631401,False
FPR,aleatoric,nonlinear,-1.8,0.0,14,decileZ(NRC),-0.05111725375441542,-0.1561855208617112,0.05201487439905948,False,2.019920966129712e-13,6.66573918822805e-12,False
FPR,aleatoric,nonlinear,-1.8,0.0,14,logit-frac,-0.01010906375403347,-0.046375751364845265,0.025065408499252845,False,0.20786692651791228,0.5851629501194852,False
FPR,epistemic,nonlinear,-1.8,0.0,14,Comp_prob,-0.04686670313583649,-0.15187504433958543,0.06357864508197207,False,0.5685092944939228,0.9995207895205785,False
FPR,epistemic,nonlinear,-1.8,0.0,14,NRC,0.019478400976266505,-0.09924525441990606,0.13935903407870845,False,0.8665437031627103,0.9995207895205785,False
FPR,epistemic,nonlinear,-1.8,0.0,14,decileZ(Comp),-0.027370584243635525,-0.13222254729134172,0.08324860192096256,False,0.7992393223478219,0.9995207895205785,False
FPR,epistemic,nonlinear,-1.8,0.0,14,decileZ(NRC),-0.015414397470558417,-0.13074787237938706,0.09519835156322712,False,0.7873121068763764,0.9995207895205785,False
FPR,epistemic,nonlinear,-1.8,0.0,14,logit-frac,0.004877949481783244,-0.11273761435781124,0.12545535859950718,False,0.7982936152203027,0.9995207895205785,False
power,epistemic,logistic,-2.6,0.2,0,Comp_prob,0.12500220305218504,0.020220171568291496,0.23544308701211814,True,0.15468054724805733,0.7097618786939836,False
power,epistemic,logistic,-2.6,0.2,0,NRC,-0.02763643282665679,-0.1310709644014317,0.08166712297347486,False,0.007287608802385623,0.16032739365248372,False
power,epistemic,logistic,-2.6,0.2,0,decileZ(Comp),0.10587659277683042,-0.0030503455487834443,0.21253319790298467,False,0.23956747232152475,0.8314604951859704,False
power,epistemic,logistic,-2.6,0.2,0,decileZ(NRC),0.12651462667756389,0.015069582078676383,0.24171962033964864,True,0.0015643586015046398,0.10324766769930623,False
power,epistemic,logistic,-2.6,0.2,0,logit-frac,0.030450462099667883,-0.07779853070385014,0.14891589628119153,False,0.005848238353899565,0.16032739365248372,False
power,epistemic,logistic,-2.6,0.2,1,Comp_prob,0.03707968417758005,-0.06972010091328638,0.14905481299444182,False,0.659236921425715,0.888154841565028,False
power,epistemic,logistic,-2.6,0.2,1,NRC,0.1111963343814836,0.016381221107972476,0.22585280949894435,True,0.0006876617009951243,0.015128557421892735,True
power,epistemic,logistic,-2.6,0.2,1,decileZ(Comp),-0.07431317060941413,-0.18760502156104888,0.05382436243809091,False,0.048202838615079804,0.3521927977727305,False
power,epistemic,logistic,-2.6,0.2,1,decileZ(NRC),0.18980048662754,0.08484735010775601,0.3069585876331155,True,0.0001581823589421775,0.005220017845091858,True
power,epistemic,logistic,-2.6,0.2,1,logit-frac,0.0995934151631155,-0.024967001463947855,0.21029005388695945,False,0.001009698688698375,0.016660028363523188,False
power,epistemic,logistic,-2.6,0.2,2,Comp_prob,0.11627319308021722,0.012718041729967959,0.21804735156740257,True,0.07564051503025046,0.7441097836469593,False
power,epistemic,logistic,-2.6,0.2,2,NRC,-0.04876930025683515,-0.14833644463988396,0.048015095098598574,False,0.266913121428316,0.7718664582977618,False
power,epistemic,logistic,-2.6,0.2,2,decileZ(Comp),0.11182800902691278,0.005760910492589313,0.2198068326071224,True,0.13529268793581078,0.7441097836469593,False
power,epistemic,logistic,-2.6,0.2,2,decileZ(NRC),0.08093975624235372,-0.025072127842597325,0.18390329087089008,False,0.20847301414165575,0.7718664582977618,False
power,epistemic,logistic,-2.6,0.2,2,logit-frac,0.0362192230032562,-0.0795931283131297,0.1566416224885185,False,0.34882045153443786,0.7718664582977618,False
power,epistemic,logistic,-2.6,0.2,3,Comp_prob,0.09482867311311563,-0.011470363045784073,0.2046313034497478,False,0.7150204207451046,0.8279183819153844,False
power,epistemic,logistic,-2.6,0.2,3,NRC,0.0344083352379937,-0.05942005101413399,0.13093370513140515,False,0.03422953898884562,0.5768384398765436,False
power,epistemic,logistic,-2.6,0.2,3,decileZ(Comp),0.01610099107429861,-0.1095676445892571,0.13923702272978394,False,0.29454759187344004,0.8087997254731145,False
power,epistemic,logistic,-2.6,0.2,3,decileZ(NRC),0.13604061596712597,0.017083515455300274,0.2464377648022857,True,0.03495990544706325,0.5768384398765436,False
power,epistemic,logistic,-2.6,0.2,3,logit-frac,0.016228301510599008,-0.08132108646416028,0.1186918502047875,False,0.07853607989859722,0.760790323191725,False
power,epistemic,logistic,-2.6,0.2,4,Comp_prob,0.089493686865528,-0.01905536138796613,0.2035148534043444,False,0.8368612593475568,0.9834006771753128,False
power,epistemic,logistic,-2.6,0.2,4,NRC,0.04129956475236383,-0.04622933500271611,0.1445397697301065,False,0.01917842796308392,0.31644406139088466,False
power,epistemic,logistic,-2.6,0.2,4,decileZ(Comp),-0.0007849648658712246,-0.10475739599503021,0.09427953889722902,False,0.6595773010730023,0.9673800415737367,False
power,epistemic,logistic,-2.6,0.2,4,decileZ(NRC),0.18291147373333735,0.07912048883140693,0.29132259549905476,True,0.0035560729766207625,0.1976941486862096,False
power,epistemic,logistic,-2.6,0.2,4,logit-frac,0.024848381441918938,-0.09668144139563875,0.1357161939649508,False,0.03504441892990473,0.4625863298747424,False
power,epistemic,logistic,-2.6,0.2,5,Comp_prob,0.0979265607723567,-0.022912364151097223,0.20713013006043823,False,0.16866878752040404,0.6996011822868089,False
power,epistemic,logistic,-2.6,0.2,5,NRC,-0.006136312791935705,-0.12472307897314906,0.11163099966246347,False,0.028549479700199127,0.2401704002999212,False
power,epistemic,logistic,-2.6,0.2,5,decileZ(Comp),0.05899390448159672,-0.05344049163626902,0.17762866709061614,False,0.7331115834100803,0.9624923816538195,False
power,epistemic,logistic,-2.6,0.2,5,decileZ(NRC),0.12765101984637442,0.013610437524838113,0.24393029072592223,True,0.010858293838042293,0.17916184832769783,False
power,epistemic,logistic,-2.6,0.2,5,logit-frac,-0.006200583592230374,-0.11932404349405334,0.09976970168387315,False,0.010439852644427408,0.17916184832769783,False
power,epistemic,logistic,-2.6,0.2,6,Comp_prob,0.021173439415738005,-0.0935005670142221,0.13314059767540595,False,0.8941599522617538,0.9674517516274713,False
power,epistemic,logistic,-2.6,0.2,6,NRC,0.10441536669805401,-0.026618232968201174,0.22820403849903587,False,0.0012741040485981013,0.02803028906915823,False
power,epistemic,logistic,-2.6,0.2,6,decileZ(Comp),-0.047027337134638705,-0.16524665768589705,0.08329341416902607,False,0.23293361589053763,0.9674517516274713,False
power,epistemic,logistic,-2.6,0.2,6,decileZ(NRC),0.2690484646419847,0.14959313587216186,0.387870233748309,True,0.00020230391631891807,0.013352058477048593,True
power,epistemic,logistic,-2.6,0.2,6,logit-frac,0.05208323124659577,-0.06463180795161326,0.16506181056483976,False,0.0006432880133628218,0.02122850444097312,False
power,epistemic,logistic,-2.6,0.2,7,Comp_prob,0.08977903024798341,-0.031767376934720516,0.19994133121027366,False,0.38326031094207325,0.841868248129721,False
power,epistemic,logistic,-2.6,0.2,7,NRC,0.03624721668268509,-0.07778340438219639,0.14811782357435585,False,0.18131421111526147,0.841868248129721,False
power,epistemic,logistic,-2.6,0.2,7,decileZ(Comp),0.10374431447260936,-0.020497561254443922,0.22442728247528,False,0.1615603816010991,0.841868248129721,False
power,epistemic,logistic,-2.6,0.2,7,decileZ(NRC),0.0862600039435717,-0.031159762740686322,0.1984889888867514,False,0.051411187014769474,0.7194781569544534,False
power,epistemic,logistic,-2.6,0.2,7,logit-frac,0.07556741613250748,-0.035632562556613165,0.1747935217961024,False,0.06009377169842285,0.7194781569544534,False
power,epistemic,logistic,-2.6,0.2,8,Comp_prob,0.03089767028020329,-0.07890756452876149,0.15137697947783985,False,0.5395465763229321,0.8939884700554587,False
power,epistemic,logistic,-2.6,0.2,8,NRC,0.07557503511561692,-0.0433473140842881,0.18925207717161796,False,0.010372096066891321,0.1880802705775933,False
power,epistemic,logistic,-2.6,0.2,8,decileZ(Comp),-0.011038606471160704,-0.1328115299295852,0.10661118982284865,False,0.8067537769366577,0.9681045323239893,False
power,epistemic,logistic,-2.6,0.2,8,decileZ(NRC),0.14983747097646533,0.04512420800321397,0.2676256456410599,True,0.007088596016223137,0.1880802705775933,False
power,epistemic,logistic,-2.6,0.2,8,logit-frac,0.12678969007385468,0.026136487139134364,0.23336508454874724,True,0.0021622369477128324,0.14270763854904694,False
power,epistemic,logistic,-2.6,0.2,9,Comp_prob,0.01141415219569786,-0.09795203965415841,0.12307784455332049,False,0.2046107650775396,0.7107531839535587,False
power,epistemic,logistic,-2.6,0.2,9,NRC,0.019989279495051925,-0.1040526428331302,0.15876965359731499,False,0.0048794403421815605,0.1610215312919915,False
power,epistemic,logistic,-2.6,0.2,9,decileZ(Comp),0.09158371107279499,-0.022818502121795772,0.20366335694490081,False,0.954762592416401,0.9833592482243325,False
power,epistemic,logistic,-2.6,0.2,9,decileZ(NRC),0.15150088075961965,0.03229484175683967,0.27071175668447345,True,0.003911067878145721,0.1610215312919915,False
power,epistemic,logistic,-2.6,0.2,9,logit-frac,0.026074290787100954,-0.0911427323667784,0.1347841230967723,False,0.012103980435287163,0.19971567718223818,False
power,epistemic,logistic,-2.6,0.2,10,Comp_prob,-0.037128444268011165,-0.14973080920197565,0.07057032266032406,False,0.28104649560509665,0.8951570040386841,False
power,epistemic,logistic,-2.6,0.2,10,NRC,0.1722599602872009,0.04576615326853245,0.3394900811666454,True,0.005438724201543371,0.08973894932546563,False
power,epistemic,logistic,-2.6,0.2,10,decileZ(Comp),-0.007316371354498346,-0.12003890985497531,0.10533740553160482,False,0.900607765100418,0.961477652156417,False
power,epistemic,logistic,-2.6,0.2,10,decileZ(NRC),0.18594181473523053,0.07782287939927986,0.30437026581470156,True,0.004631331808853269,0.08973894932546563,False
power,epistemic,logistic,-2.6,0.2,10,logit-frac,0.1203724872385778,-0.005400264239534804,0.2543080460716191,False,0.0005542340995272804,0.036579450568800506,False
power,epistemic,logistic,-2.6,0.2,11,Comp_prob,0.05840088823379342,-0.052143518489596516,0.16868755003373898,False,0.2652733827516277,0.7520197636793348,False
power,epistemic,logistic,-2.6,0.2,11,NRC,0.005357439949780926,-0.10191932281604439,0.10730349220456595,False,0.03142326406941133,0.34565590476352465,False
power,epistemic,logistic,-2.6,0.2,11,decileZ(Comp),-0.023196164573412503,-0.1285902031361358,0.07672128771239321,False,0.07717543630046429,0.4244648996525536,False
power,epistemic,logistic,-2.6,0.2,11,decileZ(NRC),0.1578457301575022,0.047576350201517625,0.271255440674721,True,0.013930867824475546,0.2736753212314614,False
power,epistemic,logistic,-2.6,0.2,11,logit-frac,-0.0020256342749741794,-0.1243362693648417,0.10805887812510169,False,0.12206397996990181,0.47389545164785407,False
power,epistemic,logistic,-2.6,0.2,12,Comp_prob,0.044513093962498064,-0.0646703554318884,0.14944216044400466,False,0.5243260775897765,0.8591902430024305,False
power,epistemic,logistic,-2.6,0.2,12,NRC,0.06802630465186049,-0.036625474593501066,0.19113625476726123,False,0.01204772976075556,0.1923895048075397,False
power,epistemic,logistic,-2.6,0.2,12,decileZ(Comp),0.06807058176020538,-0.03604338390951727,0.1682037115086173,False,0.6693645877354943,0.9217609848773068,False
power,epistemic,logistic,-2.6,0.2,12,decileZ(NRC),0.20674560931109778,0.09423897734763172,0.3314514674101575,True,0.0010756828082184931,0.07099506534242055,False
power,epistemic,logistic,-2.6,0.2,12,logit-frac,0.09332352653675327,-0.01885123457693751,0.21917884030591692,False,0.0046405134653121505,0.10209129623686732,False
power,epistemic,logistic,-2.6,0.2,13,Comp_prob,0.012074714273405994,-0.10173931760881436,0.12480436783924706,False,0.7549221889808586,0.9505251684791135,False
power,epistemic,logistic,-2.6,0.2,13,NRC,0.07425086070845233,0.006383006369309531,0.19178046437133545,True,0.00010280534009665959,0.002261717482126511,True
power,epistemic,logistic,-2.6,0.2,13,decileZ(Comp),-0.018993634668162753,-0.1289356312803118,0.09104541223421478,False,0.9602561971919168,0.9726011139048933,False
power,epistemic,logistic,-2.6,0.2,13,decileZ(NRC),0.2084041948349011,0.09000417670976549,0.322554102513096,True,0.000393155014717505,0.006487057742838832,True
power,epistemic,logistic,-2.6,0.2,13,logit-frac,0.16133361336302207,0.06933357107615501,0.27175774720160933,True,8.786880991127239e-05,0.002261717482126511,True
power,epistemic,logistic,-2.6,0.2,14,Comp_prob,0.05449045099848045,-0.057448340300842074,0.16072662601038273,False,0.19017855738361733,0.8737308879487604,False
power,epistemic,logistic,-2.6,0.2,14,NRC,-0.06404768651006024,-0.18990038591070107,0.054478050570335404,False,0.6632224190021199,0.9449795080969182,False
power,epistemic,logistic,-2.6,0.2,14,decileZ(Comp),0.03327001184375324,-0.07517545512124814,0.13091317555871768,False,0.7097635997770924,0.9449795080969182,False
power,epistemic,logistic,-2.6,0.2,14,decileZ(NRC),0.07014019828209563,-0.040808381007714764,0.19840642470997538,False,0.829567866496882,0.9605522664700739,False
power,epistemic,logistic,-2.6,0.2,14,logit-frac,-0.011164550777404173,-0.11982246084804306,0.10679372359220902,False,0.7954938043679028,0.9504958861250324,False
power,epistemic,logistic,-2.6,0.2,15,Comp_prob,0.12854412194589052,0.019454685097676956,0.23398377292830527,True,0.0772279090530426,0.43816357964443803,False
power,epistemic,logistic,-2.6,0.2,15,NRC,0.004908287274772334,-0.09171031033314841,0.09584735931343734,False,0.22279783313333468,0.639332912469569,False
power,epistemic,logistic,-2.6,0.2,15,decileZ(Comp),0.20523801693686838,0.09487628845763736,0.3137105232682082,True,0.00015013697623126346,0.009909040431263389,True
power,epistemic,logistic,-2.6,0.2,15,decileZ(NRC),0.14653902269043695,0.037192165897660834,0.2527916812405259,True,0.12748214942632807,0.5471165606959025,False
power,epistemic,logistic,-2.6,0.2,15,logit-frac,0.035422556366046125,-0.05650576420669777,0.12750344472346192,False,0.032561540494594456,0.4167621436886142,False
power,epistemic,logistic,-2.6,0.2,16,Comp_prob,-0.09909541243546313,-0.21182418599921227,0.004093893338340081,False,0.013161050736106775,0.17372586971660944,False
power,epistemic,logistic,-2.6,0.2,16,NRC,0.12036283532558123,0.007620060464984993,0.26871747420848136,True,0.0021823308923990675,0.06853377617490727,False
power,epistemic,logistic,-2.6,0.2,16,decileZ(Comp),-0.10036849166923889,-0.20967169337863611,0.009498355460705446,False,0.03750219117581507,0.334414300973913,False
power,epistemic,logistic,-2.6,0.2,16,decileZ(NRC),0.2176566312587977,0.10921220911984014,0.3372885253908828,True,0.0007995148964470017,0.05276798316550211,False
power,epistemic,logistic,-2.6,0.2,16,logit-frac,0.09827670912139001,-0.016094639435218713,0.2235138807491638,False,0.003115171644313967,0.06853377617490727,False
power,epistemic,logistic,-2.6,0.2,17,Comp_prob,0.0740433720169023,-0.028353292422085317,0.18607229919422963,False,0.561516262177744,0.9126461537077153,False
power,epistemic,logistic,-2.6,0.2,17,NRC,0.0740747777101357,0.0025267004242634675,0.17846829227515068,True,0.000607991813402682,0.020063729842288505,True
power,epistemic,logistic,-2.6,0.2,17,decileZ(Comp),0.049050392823802386,-0.060840712185804786,0.159310941700984,False,0.8324570983323208,0.9302673119742084,False
power,epistemic,logistic,-2.6,0.2,17,decileZ(NRC),0.2510507183009736,0.14492576901794382,0.35856456399457554,True,4.275087131228063e-05,0.0028215575066105215,True
power,epistemic,logistic,-2.6,0.2,17,logit-frac,0.0892724030547272,-0.010736603109688003,0.19274501095563704,False,0.002099101118098108,0.046180224598158376,False
power,epistemic,logistic,-2.6,0.2,18,Comp_prob,0.08288940732363137,-0.02742318811804403,0.19323563300739877,False,0.11413056511639208,0.6873483055088966,False
power,epistemic,logistic,-2.6,0.2,18,NRC,0.0829850721985632,-0.025717300227601343,0.2030277861197362,False,0.14176526166847994,0.744482105245662,False
power,epistemic,logistic,-2.6,0.2,18,decileZ(Comp),0.09282580603195574,-0.008799853927189684,0.20925094376021877,False,0.5192341926457418,0.9477886616018109,False
power,epistemic,logistic,-2.6,0.2,18,decileZ(NRC),0.11681738960165089,0.003835392899208353,0.23248728169030808,True,0.15703028691590584,0.744482105245662,False
power,epistemic,logistic,-2.6,0.2,18,logit-frac,0.037773292523826524,-0.08107623153134116,0.1520577241958625,False,0.11455805091814944,0.6873483055088966,False
power,epistemic,logistic,-2.6,0.2,19,Comp_prob,0.12269264231318128,0.011312439122577483,0.23244557232242577,True,0.09685692613275945,0.5364348096219836,False
power,epistemic,logistic,-2.6,0.2,19,NRC,0.060392662809289926,-0.06746529496385989,0.18201949264785752,False,0.0011353981115988234,0.04265123783845031,False
power,epistemic,logistic,-2.6,0.2,19,decileZ(Comp),0.042082159516417424,-0.07260857737822102,0.15864025579557678,False,0.3384113873572263,0.8790425829626404,False
power,epistemic,logistic,-2.6,0.2,19,decileZ(NRC),0.16653068259672837,0.04986840618709431,0.2820575321125316,True,0.0012924617526803123,0.04265123783845031,True
power,epistemic,logistic,-2.6,0.2,19,logit-frac,0.01736265101758187,-0.1030399834412381,0.12959307162233502,False,0.00212187209738289,0.04668118614242358,False
power,epistemic,logistic,-2.6,0.2,20,Comp_prob,0.06521177045941184,-0.04047126152509246,0.17758005593781073,False,0.9968742019919067,0.9968742019919066,False
power,epistemic,logistic,-2.6,0.2,20,NRC,0.05202525126416539,-0.04526035074892236,0.15433944660904625,False,0.00046996112978585103,0.015508717282933085,False
power,epistemic,logistic,-2.6,0.2,20,decileZ(Comp),0.10543397638895109,-0.004506150899424517,0.21643063575060484,False,0.19332503871234097,0.9129562106000697,False
power,epistemic,logistic,-2.6,0.2,20,decileZ(NRC),0.17041278346802677,0.07073805599390269,0.27585193194321106,True,0.0014291641519347722,0.03144161134256499,True
power,epistemic,logistic,-2.6,0.2,20,logit-frac,0.0827435106667003,-0.026212442410332677,0.20122404586963913,False,8.313240064540681e-05,0.0054867384425968495,False
power,epistemic,logistic,-2.6,0.2,21,Comp_prob,0.0011128952155854827,-0.0984205981705349,0.10763483672663991,False,0.5908161237226868,0.926413474165466,False
power,epistemic,logistic,-2.6,0.2,21,NRC,0.05602200656930282,-0.04038201740703277,0.15546753917413259,False,0.001170403907596298,0.038623328950677834,False
power,epistemic,logistic,-2.6,0.2,21,decileZ(Comp),0.027395395398147095,-0.08181603551696881,0.14370031635419023,False,0.11405879740253602,0.8652377986890617,False
power,epistemic,logistic,-2.6,0.2,21,decileZ(NRC),0.2247613531794723,0.11867637159211296,0.3270921446827154,True,0.0010188841825529433,0.038623328950677834,True
power,epistemic,logistic,-2.6,0.2,21,logit-frac,0.06800037251008159,-0.05066215927492095,0.17179855159529953,False,0.0034314759677032546,0.0754924712894716,False
power,epistemic,logistic,-2.6,0.2,22,Comp_prob,0.007066174120087144,-0.10331512998712465,0.12155060300254768,False,0.8998634436305686,0.9672351604084719,False
power,epistemic,logistic,-2.6,0.2,22,NRC,0.06360556614491839,-0.053559934612997934,0.18876921496077323,False,0.04031592551405368,0.37670772644002176,False
power,epistemic,logistic,-2.6,0.2,22,decileZ(Comp),-0.06460775114481532,-0.18089311179852605,0.04310542862756134,False,0.11622733362382748,0.6084446054272278,False
power,epistemic,logistic,-2.6,0.2,22,decileZ(NRC),0.13896523323201848,0.02780796256608346,0.24843311418505049,True,0.006187250944780098,0.20417928117774323,False
power,epistemic,logistic,-2.6,0.2,22,logit-frac,-0.01608906311193052,-0.12535952315152085,0.0965344544672703,False,0.028148345936519027,0.37670772644002176,False
power,epistemic,logistic,-2.6,0.2,23,Comp_prob,0.032967187988884025,-0.06864265712157694,0.13654382775482862,False,0.9863721484903929,0.986372148490393,False
power,epistemic,logistic,-2.6,0.2,23,NRC,0.1567430916310042,0.05486727614640941,0.2690563226253086,True,0.0010744444276638142,0.023637777408603913,True
power,epistemic,logistic,-2.6,0.2,23,decileZ(Comp),0.12165255284299643,0.014825708399558893,0.2413088121998368,True,0.03918550956103568,0.4310406051713924,False
power,epistemic,logistic,-2.6,0.2,23,decileZ(NRC),0.2060087700671942,0.09936182784536858,0.3147009646964288,True,0.0015716617632493568,0.025932419093614385,True
power,epistemic,logistic,-2.6,0.2,23,logit-frac,0.12048744622161263,0.009543694245614189,0.2278711363724742,True,0.00013902246869615742,0.00917548293394639,True
power,epistemic,logistic,-2.6,0.2,24,Comp_prob,0.021948306976960107,-0.09094877767845637,0.14060290276124116,False,0.8885857379513371,0.9998672926238793,False
power,epistemic,logistic,-2.6,0.2,24,NRC,0.022711675700126915,-0.11371734962753267,0.14417450804717094,False,0.0262480139528451,0.5774563069625922,False
power,epistemic,logistic,-2.6,0.2,24,decileZ(Comp),0.009840365594223749,-0.10223585233057936,0.12205643336514019,False,0.9456530675572644,0.9998672926238793,False
power,epistemic,logistic,-2.6,0.2,24,decileZ(NRC),0.05452386369862624,-0.052896448995367405,0.16934452091670282,False,0.19463829563597612,0.9998672926238793,False
power,epistemic,logistic,-2.6,0.2,24,logit-frac,0.0359001388850124,-0.0753008579114441,0.15748860277189278,False,0.014651998305817147,0.48351594409196585,False
power,epistemic,logistic,-2.6,0.4,0,Comp_prob,0.22238593738490453,0.11661797377044471,0.3368588944830818,True,0.015527611618121561,0.25620559169900575,False
power,epistemic,logistic,-2.6,0.4,0,NRC,0.10045689708723793,-0.00805804181704946,0.23188422905960931,False,4.372565604219142e-07,9.619644329282112e-06,False
power,epistemic,logistic,-2.6,0.4,0,decileZ(Comp),0.19483030603131427,0.08915927203359136,0.3042697065743956,True,0.02177251863762052,0.2873972460165909,False
power,epistemic,logistic,-2.6,0.4,0,decileZ(NRC),0.25068738332184104,0.14214523306834217,0.378747465290177,True,5.482540735950217e-08,3.618476885727143e-06,True
power,epistemic,logistic,-2.6,0.4,0,logit-frac,0.14406563963749078,0.037439930531451865,0.2752562373631922,True,2.3400818029509985e-07,7.722269949738295e-06,True
power,epistemic,logistic,-2.6,0.4,1,Comp_prob,0.10928863628472914,0.012286138353147893,0.22259491166600612,True,0.5031134052554256,0.9844983695388673,False
power,epistemic,logistic,-2.6,0.4,1,NRC,0.07932831115386504,-0.017375722200736302,0.2008122986901086,False,1.4255654127359478e-06,4.318711970978683e-05,False
power,epistemic,logistic,-2.6,0.4,1,decileZ(Comp),-0.04801895554178556,-0.15090413596229277,0.06034505863298094,False,0.04699020810077885,0.6726242810846477,False
power,epistemic,logistic,-2.6,0.4,1,decileZ(NRC),0.30987982712688644,0.20636079181674535,0.4309254180312139,True,8.58205606570203e-09,5.66415700336334e-07,True
power,epistemic,logistic,-2.6,0.4,1,logit-frac,0.08223268641000726,-0.04324267819225364,0.2051749744432525,False,1.9630508958994014e-06,4.318711970978683e-05,False
power,epistemic,logistic,-2.6,0.4,2,Comp_prob,0.16524422172036765,0.06528678110582775,0.26833837952705736,True,0.05701728783116508,0.6099846315934687,False
power,epistemic,logistic,-2.6,0.4,2,NRC,-0.015927933523628597,-0.11719846131662677,0.07429947793737848,False,0.000967886104679805,0.03194024145443357,False
power,epistemic,logistic,-2.6,0.4,2,decileZ(Comp),0.15043631998862214,0.04465127544799712,0.2588965799666305,True,0.09185895805586147,0.6099846315934687,False
power,epistemic,logistic,-2.6,0.4,2,decileZ(NRC),0.20042548173699604,0.09102505888004313,0.3120305265186812,True,5.0733121262421766e-05,0.0033483860033198367,True
power,epistemic,logistic,-2.6,0.4,2,logit-frac,0.04107623194975733,-0.072095336059011,0.16249675143517936,False,0.0018712326131314432,0.04116711748889175,False
power,epistemic,logistic,-2.6,0.4,3,Comp_prob,0.12597106431334065,0.01789901089639009,0.23920968852348695,True,0.885862552872606,0.9969292910846324,False
power,epistemic,logistic,-2.6,0.4,3,NRC,0.08363059983770427,-0.015640022339145278,0.20397142461914847,False,0.00037286301851929983,0.012304479611136895,False
power,epistemic,logistic,-2.6,0.4,3,decileZ(Comp),-0.0025319865947775458,-0.12039611500717258,0.11591580824914939,False,0.11111164830388012,0.6455331967726825,False
power,epistemic,logistic,-2.6,0.4,3,decileZ(NRC),0.253865014784705,0.14383315735771968,0.36706154686407827,True,3.456767330979185e-05,0.002281466438446262,True
power,epistemic,logistic,-2.6,0.4,3,logit-frac,0.020122438925887692,-0.08940076316991243,0.12949027741138242,False,0.0023864646793380472,0.05250222294543704,False
power,epistemic,logistic,-2.6,0.4,4,Comp_prob,0.1442425133686109,0.03876223875567258,0.25578318582798687,True,0.4688883262023994,0.9849192985490676,False
power,epistemic,logistic,-2.6,0.4,4,NRC,0.087964230413199,0.007818594237013017,0.18667479112077037,True,1.2295968638214675e-05,0.0004057669650610843,True
power,epistemic,logistic,-2.6,0.4,4,decileZ(Comp),0.056276498784815984,-0.05049027439241781,0.17226384389313001,False,0.9672507539474209,0.9849192985490676,False
power,epistemic,logistic,-2.6,0.4,4,decileZ(NRC),0.27574454140383375,0.16900264881733648,0.38118965539408806,True,3.1879927294189934e-07,2.1040752014165358e-05,True
power,epistemic,logistic,-2.6,0.4,4,logit-frac,0.013421592200374173,-0.10482800144434103,0.13096217448006245,False,7.295914255141515e-05,0.00120382585209835,False
power,epistemic,logistic,-2.6,0.4,5,Comp_prob,0.14274208500706442,0.024485636281580382,0.25156434495684027,True,0.22064917792800842,0.7723041769136947,False
power,epistemic,logistic,-2.6,0.4,5,NRC,0.07742084181387318,-0.019655649220519683,0.19114867460151277,False,1.6201447642325818e-05,0.00035643184813116804,False
power,epistemic,logistic,-2.6,0.4,5,decileZ(Comp),0.07604952907009804,-0.033410909897056335,0.18704078566175986,False,0.9924981761216526,0.9941936842973617,False
power,epistemic,logistic,-2.6,0.4,5,decileZ(NRC),0.2509739029935925,0.14962557856852265,0.3612597935695999,True,2.719259960778593e-07,1.7947115741138712e-05,True
power,epistemic,logistic,-2.6,0.4,5,logit-frac,0.052808083194839914,-0.05279456586419176,0.15452310685295415,False,1.3799364696013768e-06,4.5537903496845435e-05,False
power,epistemic,logistic,-2.6,0.4,6,Comp_prob,0.05584843423617408,-0.05436772634465516,0.1679027167886818,False,0.8379631046756165,0.9373824560778083,False
power,epistemic,logistic,-2.6,0.4,6,NRC,0.10809109012161476,-0.019958308302980482,0.22172106934228258,False,9.726361762383743e-07,2.1397995877244234e-05,False
power,epistemic,logistic,-2.6,0.4,6,decileZ(Comp),-0.04489963073626796,-0.16101190899086787,0.08332411538495631,False,0.25290687351239116,0.6264058577642265,False
power,epistemic,logistic,-2.6,0.4,6,decileZ(NRC),0.3438327170829991,0.22858770837299044,0.45835596030730386,True,1.373773327086357e-08,9.066903958769956e-07,True
power,epistemic,logistic,-2.6,0.4,6,logit-frac,0.13983078637741234,0.0386939767384627,0.26237013922491603,True,1.2451258616648068e-07,4.108915343493863e-06,True
power,epistemic,logistic,-2.6,0.4,7,Comp_prob,0.13051829510122995,0.006156923393146765,0.24338802300531187,True,0.34349624390128564,0.893360114520587,False
power,epistemic,logistic,-2.6,0.4,7,NRC,0.08077943317445978,-0.03148700698376727,0.19224914389181466,False,0.00021534668128262094,0.0047376269882176605,False
power,epistemic,logistic,-2.6,0.4,7,decileZ(Comp),0.13644299182730277,0.013751659118360455,0.25203143365111064,True,0.18020036239219128,0.743326494867789,False
power,epistemic,logistic,-2.6,0.4,7,decileZ(NRC),0.18832142702693877,0.08321147229801223,0.2999120325724604,True,1.0179106400394765e-05,0.00048104390472866455,True
power,epistemic,logistic,-2.6,0.4,7,logit-frac,0.12264632498213274,0.01623967081684188,0.23242212372881701,True,1.4577088022080745e-05,0.00048104390472866455,True
power,epistemic,logistic,-2.6,0.4,8,Comp_prob,0.03814524725611547,-0.07136989977882964,0.15501292255156912,False,0.8525610258127831,0.9528108222656709,False
power,epistemic,logistic,-2.6,0.4,8,NRC,0.07084736896924304,-0.07199200847192742,0.2103425906825669,False,1.0326043640196626e-05,0.00022717296008432575,False
power,epistemic,logistic,-2.6,0.4,8,decileZ(Comp),-0.034951489712554865,-0.150013517998889,0.0840642214103372,False,0.28845480100025067,0.7719062135903989,False
power,epistemic,logistic,-2.6,0.4,8,decileZ(NRC),0.22815847469702813,0.11407908298288356,0.3496324312049639,True,1.643838434219336e-06,5.4246668329238084e-05,True
power,epistemic,logistic,-2.6,0.4,8,logit-frac,0.16431834758924277,0.06593076704898328,0.2776071981493422,True,9.205717238623103e-07,5.4246668329238084e-05,True
power,epistemic,logistic,-2.6,0.4,9,Comp_prob,0.09422968277107666,-0.014659054304433731,0.1998819377847611,False,0.4540169839775632,0.8910690313698918,False
power,epistemic,logistic,-2.6,0.4,9,NRC,0.09168681260488593,-0.015532037020568164,0.2053411913257087,False,5.984713288931289e-09,1.9749553853473254e-07,False
power,epistemic,logistic,-2.6,0.4,9,decileZ(Comp),0.16342264199821677,0.049474235657439226,0.27603760632220886,True,0.9039582840534383,0.9556258394422672,False
power,epistemic,logistic,-2.6,0.4,9,decileZ(NRC),0.3127024364102027,0.20267252325705992,0.4276882672270547,True,1.0590561965025709e-09,6.989770896916968e-08,True
power,epistemic,logistic,-2.6,0.4,9,logit-frac,0.12233504439312207,0.02245820040528884,0.2274501602804684,True,3.4546963148264114e-08,7.600331892618105e-07,True
power,epistemic,logistic,-2.6,0.4,10,Comp_prob,0.01272701412907241,-0.0915165465125244,0.12102300454193098,False,0.459514784309383,0.919029568618766,False
power,epistemic,logistic,-2.6,0.4,10,NRC,0.15996386772751708,0.050646918792816235,0.3025786194486655,True,0.0005328060107723747,0.011721732236992244,True
power,epistemic,logistic,-2.6,0.4,10,decileZ(Comp),0.04221559296782128,-0.06408782435309936,0.14708659533973759,False,0.7070820867899397,0.9469026191328618,False
power,epistemic,logistic,-2.6,0.4,10,decileZ(NRC),0.20830392244290974,0.09924918945193276,0.3206764000021954,True,0.00022953894619195833,0.007574785224334625,True
power,epistemic,logistic,-2.6,0.4,10,logit-frac,0.1264557993793584,0.004139548028241136,0.24390102858743185,True,2.6292619288105756e-05,0.0017353128730149799,True
power,epistemic,logistic,-2.6,0.4,11,Comp_prob,0.11016217969101746,-0.0002774061835443939,0.21812947295089669,False,0.07986186183206125,0.5800438051750245,False
power,epistemic,logistic,-2.6,0.4,11,NRC,0.03667398308300646,-0.08534338734029405,0.15873493554851137,False,0.0005198307695624515,0.0171544153955609,False
power,epistemic,logistic,-2.6,0.4,11,decileZ(Comp),0.03221360287892787,-0.07765101193158093,0.13738896788597638,False,0.2429655160097678,0.5800438051750245,False
power,epistemic,logistic,-2.6,0.4,11,decileZ(NRC),0.22255453054256147,0.12081228973667196,0.3382845348186761,True,5.4733968758161336e-05,0.003612441938038648,True
power,epistemic,logistic,-2.6,0.4,11,logit-frac,0.05712746372415307,-0.04704619002380452,0.1762759408431519,False,0.0023992385096894032,0.03958743540987515,False
power,epistemic,logistic,-2.6,0.4,12,Comp_prob,0.07918924666994957,-0.02805326169679604,0.18300467536954634,False,0.8331907639944053,0.977051240642695,False
power,epistemic,logistic,-2.6,0.4,12,NRC,0.08976096755913623,-0.011457396039211379,0.2095677492731771,False,1.0035568527621937e-05,0.00022078250760768263,False
power,epistemic,logistic,-2.6,0.4,12,decileZ(Comp),0.08028431549926085,-0.019597916431918196,0.17968468039154634,False,0.6521053399954102,0.977051240642695,False
power,epistemic,logistic,-2.6,0.4,12,decileZ(NRC),0.2674602809472236,0.1557366099599164,0.3806205215472517,True,7.609080613313226e-08,5.021993204786729e-06,True
power,epistemic,logistic,-2.6,0.4,12,logit-frac,0.10730387147652433,-0.012289070741761667,0.23033000433611953,False,1.918621256736643e-06,6.331450147230922e-05,False
power,epistemic,logistic,-2.6,0.4,13,Comp_prob,0.02874446925041956,-0.08185821810963195,0.14111288999026017,False,0.9122797992594155,0.9897661037024055,False
power,epistemic,logistic,-2.6,0.4,13,NRC,0.0901531381651727,0.02142691897374696,0.22563591730437918,True,1.1858054518018418e-07,7.525660788181411e-06,True
power,epistemic,logistic,-2.6,0.4,13,decileZ(Comp),-0.024070696426120947,-0.12856880133001322,0.08987685713969508,False,0.30758424347513635,0.8859565799140159,False
power,epistemic,logistic,-2.6,0.4,13,decileZ(NRC),0.2957183443523458,0.1873697457801594,0.40636648476872567,True,4.952486002002184e-07,1.0895469204404804e-05,True
power,epistemic,logistic,-2.6,0.4,13,logit-frac,0.16705066163045887,0.06696217302017056,0.2835760866597993,True,2.2805032691458822e-07,7.525660788181411e-06,True
power,epistemic,logistic,-2.6,0.4,14,Comp_prob,0.10464133578043083,-0.0028882042184582408,0.21560367644333667,False,0.26019807742609413,0.8879203105710954,False
power,epistemic,logistic,-2.6,0.4,14,NRC,0.0020680544014995425,-0.11173625087278655,0.1160499055758641,False,0.09150505385575237,0.8643020081018244,False
power,epistemic,logistic,-2.6,0.4,14,decileZ(Comp),0.08049534702790355,-0.02379907575873568,0.18537642340172242,False,0.5545650951858226,0.946260118839417,False
power,epistemic,logistic,-2.6,0.4,14,decileZ(NRC),0.1452672611456471,0.03590727760326128,0.2572727199169829,True,0.016622418491040823,0.5485398102043472,False
power,epistemic,logistic,-2.6,0.4,14,logit-frac,0.07196950005044249,-0.04444848214963466,0.19131146937281693,False,0.07392367878614543,0.8643020081018244,False
power,epistemic,logistic,-2.6,0.4,15,Comp_prob,0.13869376694224197,0.03533972253966704,0.24401361593438456,True,0.14837722886358584,0.6674191467397875,False
power,epistemic,logistic,-2.6,0.4,15,NRC,-0.008104088495200234,-0.11830477153273082,0.09271234906936252,False,0.013357736436240303,0.19238405328149616,False
power,epistemic,logistic,-2.6,0.4,15,decileZ(Comp),0.19087908376747564,0.085556532729685,0.29676707393947666,True,0.002632910495645834,0.08138460484939307,False
power,epistemic,logistic,-2.6,0.4,15,decileZ(NRC),0.17366524234727332,0.07038509002397425,0.2807518748099681,True,0.0036993002204269575,0.08138460484939307,False
power,epistemic,logistic,-2.6,0.4,15,logit-frac,0.025182696949839305,-0.05837065746479392,0.11249008771731443,False,0.000521351782371746,0.03440921763653524,False
power,epistemic,logistic,-2.6,0.4,16,Comp_prob,-0.032635613035414,-0.1465661271229983,0.0691579497161595,False,0.07582131148070947,0.6863829339676226,False
power,epistemic,logistic,-2.6,0.4,16,NRC,0.04212574271100157,-0.11101788906963432,0.2141337242680283,False,2.227242787326291e-06,4.8999341321178396e-05,False
power,epistemic,logistic,-2.6,0.4,16,decileZ(Comp),-0.03432467277208007,-0.1469514909094904,0.07600464749879039,False,0.13236650643692857,0.718469996974383,False
power,epistemic,logistic,-2.6,0.4,16,decileZ(NRC),0.2882199952655168,0.16881966758629513,0.4049368639415375,True,3.1019627281489654e-08,2.0472954005783174e-06,True
power,epistemic,logistic,-2.6,0.4,16,logit-frac,0.1288280720593396,0.005779727915841188,0.26390380012337555,True,6.873415194491285e-07,2.2682270141821243e-05,True
power,epistemic,logistic,-2.6,0.4,17,Comp_prob,0.10960979009880165,0.0015895818036898556,0.22256571255077862,True,0.5183203720088432,0.8591976819505754,False
power,epistemic,logistic,-2.6,0.4,17,NRC,0.05188160013367133,-0.04011095719602416,0.14620687966496684,False,1.4311434684548919e-05,0.0004722773445901143,False
power,epistemic,logistic,-2.6,0.4,17,decileZ(Comp),0.07546053638630515,-0.035019809460545316,0.188120771841572,False,0.9677504679626402,0.9699098521619943,False
power,epistemic,logistic,-2.6,0.4,17,decileZ(NRC),0.28080941978701934,0.17348208968291504,0.39731003967934336,True,1.2912543853369139e-07,8.522278943223631e-06,True
power,epistemic,logistic,-2.6,0.4,17,logit-frac,0.09304121895929895,-0.005202880515296053,0.19826031087180745,False,4.274193260099797e-05,0.0009403225172219553,False
power,epistemic,logistic,-2.6,0.4,18,Comp_prob,0.14633260170543394,0.03709364106950374,0.25714484958520795,True,0.10069751207606169,0.6865250690414351,False
power,epistemic,logistic,-2.6,0.4,18,NRC,0.09390949813802033,-0.0014502939535460434,0.2126301314197989,False,1.260844890689785e-05,0.0002773858759517527,False
power,epistemic,logistic,-2.6,0.4,18,decileZ(Comp),0.14662175198112046,0.03622287013776927,0.25394590540199363,True,0.5184218665629887,0.943457000223863,False
power,epistemic,logistic,-2.6,0.4,18,decileZ(NRC),0.24412285481257753,0.13612527945018896,0.34859037707563584,True,1.770788103207616e-06,9.072535641206618e-05,True
power,epistemic,logistic,-2.6,0.4,18,logit-frac,0.11136811007387694,0.014194014207932606,0.218663613834689,True,2.749253224608066e-06,9.072535641206618e-05,True
power,epistemic,logistic,-2.6,0.4,19,Comp_prob,0.17935822488101705,0.07180829639869403,0.2820854609279552,True,0.041649635158104784,0.6339480641350967,False
power,epistemic,logistic,-2.6,0.4,19,NRC,0.17338964714504607,0.05136150640015281,0.29408603435715697,True,4.71253781307803e-10,1.55513747831575e-08,True
power,epistemic,logistic,-2.6,0.4,19,decileZ(Comp),0.08030955415791496,-0.024319097362987874,0.19716697795444582,False,0.5964551115685544,0.9777565685291644,False
power,epistemic,logistic,-2.6,0.4,19,decileZ(NRC),0.3062346905912049,0.19466099492098626,0.4171943762207065,True,5.1530186656809265e-11,3.4009923193494115e-09,True
power,epistemic,logistic,-2.6,0.4,19,logit-frac,0.13586895529594317,0.01625326204989642,0.24746740095385725,True,2.1914248097795787e-09,4.821134581515073e-08,True
power,epistemic,logistic,-2.6,0.4,20,Comp_prob,0.10190667396738314,-0.009000250963372427,0.208481853294131,False,0.9747477046829958,0.9907216847578,False
power,epistemic,logistic,-2.6,0.4,20,NRC,0.06778011670509755,-0.025838203700814084,0.1771686885635305,False,5.117252032465484e-05,0.0011257954471424064,False
power,epistemic,logistic,-2.6,0.4,20,decileZ(Comp),0.13495109770808747,0.02817161289210935,0.2451580887662312,True,0.3370688873778065,0.7671222954115596,False
power,epistemic,logistic,-2.6,0.4,20,decileZ(NRC),0.22960401668077945,0.12379042159228491,0.3466012474648236,True,2.6154563500159553e-05,0.0008631005955052652,True
power,epistemic,logistic,-2.6,0.4,20,logit-frac,0.0633291916124264,-0.05479050882148924,0.1885416880612117,False,9.565782063916315e-06,0.0006313416162184767,False
power,epistemic,logistic,-2.6,0.4,21,Comp_prob,0.045203898269505154,-0.05357153847177887,0.14847177242873238,False,0.5780046980694049,0.8293110885343636,False
power,epistemic,logistic,-2.6,0.4,21,NRC,0.15839417587027607,0.06261457086320639,0.2827936082414072,True,7.802940659666145e-10,1.7166469451265518e-08,True
power,epistemic,logistic,-2.6,0.4,21,decileZ(Comp),0.0701901823011882,-0.04359802518766762,0.18694385326671734,False,0.28188656135961154,0.6077375809320843,False
power,epistemic,logistic,-2.6,0.4,21,decileZ(NRC),0.3346313646567779,0.2277646171864069,0.438024201108077,True,7.759581850921109e-11,5.121324021607932e-09,True
power,epistemic,logistic,-2.6,0.4,21,logit-frac,0.21594693134794,0.10851379718804396,0.32529832604424835,True,3.687195398933242e-10,1.21677448164797e-08,True
power,epistemic,logistic,-2.6,0.4,22,Comp_prob,0.03226550558917092,-0.08133050562393129,0.14977317910669136,False,0.7580204020052258,0.8777078339007878,False
power,epistemic,logistic,-2.6,0.4,22,NRC,0.10001487359045115,-0.0064361565829243374,0.21526181243159612,False,4.3793920604426085e-05,0.0009634662532973739,False
power,epistemic,logistic,-2.6,0.4,22,decileZ(Comp),-0.05349283597985682,-0.17237773154091335,0.05979750160202301,False,0.060152716560308864,0.5671541847114836,False
power,epistemic,logistic,-2.6,0.4,22,decileZ(NRC),0.22406476915011117,0.11550621297078734,0.3384094401912688,True,3.355745041226217e-06,0.00022147917272093032,True
power,epistemic,logistic,-2.6,0.4,22,logit-frac,0.04494126718837085,-0.07240164370047773,0.15857657717762882,False,2.388705250398706e-05,0.0007882727326315729,False
power,epistemic,logistic,-2.6,0.4,23,Comp_prob,0.09310364570680178,-0.006845981085994121,0.19862280818013692,False,0.5566670589780216,0.8504593693994472,False
power,epistemic,logistic,-2.6,0.4,23,NRC,0.14542160177464283,0.06349982629219078,0.25997578386336984,True,4.084308363940907e-07,8.985478400669995e-06,True
power,epistemic,logistic,-2.6,0.4,23,decileZ(Comp),0.15256400280123328,0.04339094334601563,0.2770420132347306,True,0.07860243521495393,0.5944419747841517,False
power,epistemic,logistic,-2.6,0.4,23,decileZ(NRC),0.31595479483261024,0.20705292585290752,0.4231198467958382,True,1.2081128632045705e-08,7.973544897150166e-07,True
power,epistemic,logistic,-2.6,0.4,23,logit-frac,0.12342831603303592,0.017648719430497787,0.23188702363995803,True,4.451276722362015e-08,1.468921318379465e-06,True
power,epistemic,logistic,-2.6,0.4,24,Comp_prob,0.0948016683455517,-0.01026224757896937,0.2097355087085169,False,0.9822468869993297,0.9901071411699957,False
power,epistemic,logistic,-2.6,0.4,24,NRC,0.0663870681171589,-0.05988744653824599,0.19936970516881145,False,1.2835437095126217e-05,0.00042356942413916514,False
power,epistemic,logistic,-2.6,0.4,24,decileZ(Comp),0.06940086211125128,-0.039645107976349625,0.18677495462288768,False,0.9042065394314716,0.9879348983593299,False
power,epistemic,logistic,-2.6,0.4,24,decileZ(NRC),0.17009678091244324,0.054245715792681844,0.2849563628795711,True,0.00040250595486990157,0.008855131007137834,True
power,epistemic,logistic,-2.6,0.4,24,logit-frac,0.070179193162786,-0.026862740598440786,0.1674983011033183,False,6.76047966741009e-06,0.00042356942413916514,False
power,epistemic,logistic,-2.6,0.6,0,Comp_prob,0.23844453705490917,0.13408294565019654,0.35199800537362397,True,0.10131658500878431,0.8980338407330335,False
power,epistemic,logistic,-2.6,0.6,0,NRC,0.15585676478218558,0.05147194372020202,0.27180601372789903,True,1.0034642989742138e-12,2.2076214577432702e-11,True
power,epistemic,logistic,-2.6,0.6,0,decileZ(Comp),0.19390304812293102,0.09148599888696529,0.2986265551398412,True,0.3568293724652639,0.8980338407330335,False
power,epistemic,logistic,-2.6,0.6,0,decileZ(NRC),0.3394371760164849,0.23507665404453548,0.45122186675545345,True,1.426911539920155e-13,9.417616163473023e-12,True
power,epistemic,logistic,-2.6,0.6,0,logit-frac,0.15748759653558964,0.04460558776839068,0.2945207851811657,True,9.007079926107125e-13,2.2076214577432702e-11,True
power,epistemic,logistic,-2.6,0.6,1,Comp_prob,0.09996019061227976,0.000601607396018015,0.21705127988355621,True,0.9329368453215725,0.9472897198649812,False
power,epistemic,logistic,-2.6,0.6,1,NRC,0.11098650315763388,0.03100635566042202,0.24986800043708435,True,1.2133672580465188e-09,4.004111951553512e-08,True
power,epistemic,logistic,-2.6,0.6,1,decileZ(Comp),-0.08447477414594312,-0.1882823808047376,0.023757922986213438,False,0.0017293911812894015,0.028534954491275126,False
power,epistemic,logistic,-2.6,0.6,1,decileZ(NRC),0.38353479533891804,0.28994022136058,0.5004673631108135,True,8.677232922342176e-14,5.726973728745836e-12,True
power,epistemic,logistic,-2.6,0.6,1,logit-frac,0.08594325506594906,-0.039952265402036224,0.2257628813099115,False,1.2139506001854141e-08,2.6706913204079114e-07,False
power,epistemic,logistic,-2.6,0.6,2,Comp_prob,0.2445643912771037,0.13792777501431333,0.3457136408536283,True,0.029298358451963394,0.32228194297159735,False
power,epistemic,logistic,-2.6,0.6,2,NRC,0.08439526430555501,-0.013215876586734744,0.1922290455372782,False,2.4392842113641876e-08,5.366425265001213e-07,False
power,epistemic,logistic,-2.6,0.6,2,decileZ(Comp),0.1953667128669584,0.09023354333922047,0.30758788345724375,True,0.09632244401191625,0.5405645593529455,False
power,epistemic,logistic,-2.6,0.6,2,decileZ(NRC),0.3152586203206297,0.20076635263133352,0.42968039860043833,True,2.7852950403739135e-10,1.838294726646783e-08,True
power,epistemic,logistic,-2.6,0.6,2,logit-frac,0.15307625759102608,0.04816947264892687,0.2782222267358399,True,1.9423996357035615e-08,5.366425265001213e-07,True
power,epistemic,logistic,-2.6,0.6,3,Comp_prob,0.19232090748794425,0.08207229159501256,0.30426548137710785,True,0.09995214536835331,0.8030547136587035,False
power,epistemic,logistic,-2.6,0.6,3,NRC,0.18222050617889546,0.07712252540199767,0.3018086174558588,True,2.4142126837536314e-08,7.966901856386983e-07,True
power,epistemic,logistic,-2.6,0.6,3,decileZ(Comp),0.07233867285923459,-0.03874613849410897,0.19231490461903442,False,0.7018461727674339,0.9202207257941394,False
power,epistemic,logistic,-2.6,0.6,3,decileZ(NRC),0.3840160357870693,0.2661080244472891,0.5005379252834236,True,6.498651697639668e-11,4.289110120442181e-09,True
power,epistemic,logistic,-2.6,0.6,3,logit-frac,0.09992150394729025,0.0019528659225775396,0.20045974956129298,True,2.902457362376589e-07,6.385406197228496e-06,True
power,epistemic,logistic,-2.6,0.6,4,Comp_prob,0.1630329713948788,0.06123689876897807,0.27136408000528595,True,0.8859863050243981,0.974584935526838,False
power,epistemic,logistic,-2.6,0.6,4,NRC,0.20912532709632323,0.11811566662994852,0.33065882667487545,True,2.219413491222949e-12,7.324064521035732e-11,True
power,epistemic,logistic,-2.6,0.6,4,decileZ(Comp),-0.0324419095554192,-0.13032797552318004,0.06909466078667126,False,0.2775645270620217,0.7633024494205598,False
power,epistemic,logistic,-2.6,0.6,4,decileZ(NRC),0.44076940682661137,0.33222594163288666,0.5548892560876848,True,3.8840162901542597e-16,2.5634507515018113e-14,True
power,epistemic,logistic,-2.6,0.6,4,logit-frac,0.1360444115192839,0.005810346433979855,0.27650824625863435,True,1.80008649501334e-11,3.960190289029348e-10,True
power,epistemic,logistic,-2.6,0.6,5,Comp_prob,0.20749140696227417,0.09191158770588877,0.3232015779861372,True,0.20166238275974646,0.9101871380363212,False
power,epistemic,logistic,-2.6,0.6,5,NRC,0.11241236482462974,0.027071661234832525,0.25416710202169057,True,1.2546421481276908e-11,2.7602127258809197e-10,True
power,epistemic,logistic,-2.6,0.6,5,decileZ(Comp),0.11161640159030456,0.00820225687883545,0.2321997292724914,True,0.9272074777228397,0.9561827114016784,False
power,epistemic,logistic,-2.6,0.6,5,decileZ(NRC),0.359358980036863,0.24506547342780613,0.4780475837942679,True,2.6370713467721222e-14,1.7404670888696008e-12,True
power,epistemic,logistic,-2.6,0.6,5,logit-frac,0.0869909807948942,-0.020363057540859476,0.18870389384471123,False,1.2798806277749193e-12,4.2236060716572336e-11,False
power,epistemic,logistic,-2.6,0.6,6,Comp_prob,0.12746308804676212,0.014331461682993664,0.2337939583158836,True,0.47390468403353125,0.82309760911087,False
power,epistemic,logistic,-2.6,0.6,6,NRC,0.15554694196089652,0.018121782463579546,0.27655178875443676,True,6.224769562770631e-15,1.3694493038095388e-13,True
power,epistemic,logistic,-2.6,0.6,6,decileZ(Comp),0.007299328171601079,-0.1064135651961898,0.12660755032706547,False,0.30204542340000107,0.806671264355433,False
power,epistemic,logistic,-2.6,0.6,6,decileZ(NRC),0.47574336611767676,0.3609722923392452,0.5922715481670284,True,4.840493310396613e-18,3.1947255848617644e-16,True
power,epistemic,logistic,-2.6,0.6,6,logit-frac,0.14070091520511882,0.01160119121101284,0.26403442213668354,True,1.958958219940983e-15,6.464562125805244e-14,True
power,epistemic,logistic,-2.6,0.6,7,Comp_prob,0.17605860927467612,0.05763112459905997,0.2860394586350132,True,0.46294587727641934,0.8565286773746221,False
power,epistemic,logistic,-2.6,0.6,7,NRC,0.111166391658979,-0.012947815213144361,0.25146129681426455,False,3.94813119836482e-08,8.685888636402604e-07,False
power,epistemic,logistic,-2.6,0.6,7,decileZ(Comp),0.1729137822008805,0.05481737908455689,0.28634206062359036,True,0.5243260775897765,0.8565286773746221,False
power,epistemic,logistic,-2.6,0.6,7,decileZ(NRC),0.290991443961717,0.17581813386935385,0.41479709804330883,True,5.929866050133539e-10,3.9137115930881356e-08,True
power,epistemic,logistic,-2.6,0.6,7,logit-frac,0.17130985618458294,0.06567949143452287,0.2834103132054583,True,2.1463943694845328e-09,7.083101419298958e-08,True
power,epistemic,logistic,-2.6,0.6,8,Comp_prob,0.1407688606834043,0.029510912544430345,0.25258881916748493,True,0.2609284724888413,0.7613636543063487,False
power,epistemic,logistic,-2.6,0.6,8,NRC,0.22578046649219927,0.10393144599302839,0.40981046588262743,True,3.8799500722399006e-15,8.535890158927781e-14,True
power,epistemic,logistic,-2.6,0.6,8,decileZ(Comp),0.017360977738211054,-0.09047576472793827,0.12941807548329853,False,0.35707477254402753,0.7613636543063487,False
power,epistemic,logistic,-2.6,0.6,8,decileZ(NRC),0.43959091315548127,0.32491033904097416,0.5695436111152689,True,4.241001163337433e-17,2.799060767802706e-15,True
power,epistemic,logistic,-2.6,0.6,8,logit-frac,0.26425414074537545,0.16184422104793167,0.39157362099686577,True,2.3889053901250217e-16,7.883387787412572e-15,True
power,epistemic,logistic,-2.6,0.6,9,Comp_prob,0.14413274483828828,0.04187206682175676,0.24541439196146983,True,0.4215481448717011,0.8308570555403595,False
power,epistemic,logistic,-2.6,0.6,9,NRC,0.14988759740034552,0.04630822046291805,0.28073575314673577,True,1.8136209294303028e-13,5.984949067119999e-12,True
power,epistemic,logistic,-2.6,0.6,9,decileZ(Comp),0.19587097711639434,0.08626512633209651,0.30471682323142474,True,0.8159893671731856,0.9448297935689517,False
power,epistemic,logistic,-2.6,0.6,9,decileZ(NRC),0.3923912827478327,0.28411139406067326,0.50867682190985,True,1.0282712668956806e-14,6.786590361511492e-13,True
power,epistemic,logistic,-2.6,0.6,9,logit-frac,0.16039906867353196,0.05859587350050408,0.2693276931605805,True,5.938889378966109e-13,1.306555663372544e-11,True
power,epistemic,logistic,-2.6,0.6,10,Comp_prob,0.11041227069681922,0.0014302602041283228,0.21495827994764702,True,0.9904977743778202,0.9924592256795675,False
power,epistemic,logistic,-2.6,0.6,10,NRC,0.12884944596254663,0.007941761890198497,0.27578265999997426,True,1.2267139656920725e-06,2.6987707245225594e-05,True
power,epistemic,logistic,-2.6,0.6,10,decileZ(Comp),0.11683885965793497,0.007512610206033834,0.22075860078212803,True,0.09641659252246583,0.6363495106482745,False
power,epistemic,logistic,-2.6,0.6,10,decileZ(NRC),0.23736329290944244,0.12359068779657344,0.3487776139964954,True,7.175565668123967e-08,2.3679366704809094e-06,True
power,epistemic,logistic,-2.6,0.6,10,logit-frac,0.0832510329259563,-0.03649188617175434,0.2050780682950699,False,6.005607354260492e-08,2.3679366704809094e-06,False
power,epistemic,logistic,-2.6,0.6,11,Comp_prob,0.14409391623800183,0.02908813099545078,0.24922236096978015,True,0.2746624705323565,0.7146266576135049,False
power,epistemic,logistic,-2.6,0.6,11,NRC,0.06117109500196608,-0.02159855325151285,0.14816890427285773,False,1.2972608557195027e-08,4.280960823874359e-07,False
power,epistemic,logistic,-2.6,0.6,11,decileZ(Comp),0.036649239366902876,-0.07189796800365122,0.14607181927305066,False,0.15756181569539718,0.6068037912208992,False
power,epistemic,logistic,-2.6,0.6,11,decileZ(NRC),0.27489189090270044,0.1711880132641185,0.3812847214653686,True,5.876803056208195e-10,3.8786900170974087e-08,True
power,epistemic,logistic,-2.6,0.6,11,logit-frac,0.03992060879589414,-0.06881940050756265,0.1532897603359551,False,1.2073678188441363e-07,2.6562092014570995e-06,False
power,epistemic,logistic,-2.6,0.6,12,Comp_prob,0.13103750802420527,0.02213748975940679,0.23136033736264416,True,0.7001039939805118,0.9902620261134635,False
power,epistemic,logistic,-2.6,0.6,12,NRC,0.13643314207604434,0.027219914709013016,0.24847754969724342,True,1.2328950456962515e-12,2.712369100531753e-11,True
power,epistemic,logistic,-2.6,0.6,12,decileZ(Comp),0.10691706465831914,0.002624432368927677,0.20418135301486381,True,0.81015330241473,0.9928688337862328,False
power,epistemic,logistic,-2.6,0.6,12,decileZ(NRC),0.37927470882855324,0.26946801310804824,0.48851770233707725,True,6.415058561561882e-15,4.2339386506308424e-13,True
power,epistemic,logistic,-2.6,0.6,12,logit-frac,0.15747100536037284,0.05333504942376997,0.2653651598547615,True,3.709285028199864e-14,1.224064059305955e-12,True
power,epistemic,logistic,-2.6,0.6,13,Comp_prob,0.08462633263955537,-0.024287594719371138,0.1995535621409452,False,0.4928772961076793,0.928117054898837,False
power,epistemic,logistic,-2.6,0.6,13,NRC,0.16916350541912212,0.08816589823932186,0.34137699962137913,True,4.032350186740925e-13,1.3306755616245053e-11,True
power,epistemic,logistic,-2.6,0.6,13,decileZ(Comp),0.020660131133452754,-0.08066776731054476,0.12830358369629027,False,0.560038257150988,0.928117054898837,False
power,epistemic,logistic,-2.6,0.6,13,decileZ(NRC),0.41482877976089694,0.3072742296814858,0.5254204139436145,True,6.475295343239226e-14,4.273694926537889e-12,True
power,epistemic,logistic,-2.6,0.6,13,logit-frac,0.25629730690591035,0.15547875259708088,0.3789902997072512,True,7.184268710750909e-13,1.5805391163652e-11,True
power,epistemic,logistic,-2.6,0.6,14,Comp_prob,0.17751142783395776,0.054667033531323,0.28605022475451136,True,0.08478103391674952,0.5216816213152651,False
power,epistemic,logistic,-2.6,0.6,14,NRC,0.07759442608046244,-0.01631900186233665,0.17834867885641675,False,4.714855764829785e-06,0.00010372682682625527,False
power,epistemic,logistic,-2.6,0.6,14,decileZ(Comp),0.14448255793344977,0.03283356753714333,0.2464401816693367,True,0.05532164675326651,0.40569207619062103,False
power,epistemic,logistic,-2.6,0.6,14,decileZ(NRC),0.2902667390765028,0.17800212448480496,0.40822899857534234,True,6.746415677818654e-09,4.4526343473603115e-07,True
power,epistemic,logistic,-2.6,0.6,14,logit-frac,0.11263340324694611,0.012197815645162247,0.22866100306364875,True,2.5814324129861088e-06,8.518726962854159e-05,True
power,epistemic,logistic,-2.6,0.6,15,Comp_prob,0.20972405842732408,0.1077174333236838,0.3132251094435577,True,0.06032387794310637,0.37510028218560953,False
power,epistemic,logistic,-2.6,0.6,15,NRC,-0.0038773973175952763,-0.1454187320118874,0.13379133204970492,False,3.708935049971935e-06,8.159657109938256e-05,False
power,epistemic,logistic,-2.6,0.6,15,decileZ(Comp),0.22514189569591586,0.1186794366060151,0.33708493748169355,True,0.00273654135332295,0.04515293232982868,True
power,epistemic,logistic,-2.6,0.6,15,decileZ(NRC),0.2689072266350787,0.15426291586231572,0.38350227828780015,True,1.3394913164354038e-07,6.993106299569051e-06,True
power,epistemic,logistic,-2.6,0.6,15,logit-frac,0.029932180398969183,-0.07159315380163635,0.126643417689311,False,2.1191231210815308e-07,6.993106299569051e-06,False
power,epistemic,logistic,-2.6,0.6,16,Comp_prob,0.08515836825747986,-0.02896886637065089,0.1932558177104689,False,0.24928295597796335,0.5526628436713857,False
power,epistemic,logistic,-2.6,0.6,16,NRC,0.1793495363274155,0.07676406580431744,0.3647971463345604,True,2.8595182136482207e-16,6.290940070026086e-15,True
power,epistemic,logistic,-2.6,0.6,16,decileZ(Comp),0.0780953335274723,-0.031413057769150994,0.19120294015491995,False,0.6762264657832058,0.8456827505549374,False
power,epistemic,logistic,-2.6,0.6,16,decileZ(NRC),0.42383508020418875,0.3212130404507128,0.5413508201651317,True,2.9814256729674005e-18,1.9677409441584844e-16,True
power,epistemic,logistic,-2.6,0.6,16,logit-frac,0.1445933211078038,0.034318297840812646,0.2658804123345621,True,1.921968816229947e-16,6.290940070026086e-15,True
power,epistemic,logistic,-2.6,0.6,17,Comp_prob,0.16321820231175918,0.05940852335683689,0.27720393543454647,True,0.8947796373545012,0.9751148544073628,False
power,epistemic,logistic,-2.6,0.6,17,NRC,0.07221293518196882,-0.06702651886709023,0.1986213273285167,False,4.521591863422432e-13,1.4921253149294027e-11,False
power,epistemic,logistic,-2.6,0.6,17,decileZ(Comp),0.11030803999865804,0.004611398199635149,0.23256612134672983,True,0.1796915287997144,0.7557998277976073,False
power,epistemic,logistic,-2.6,0.6,17,decileZ(NRC),0.38023872127189795,0.26080178083342526,0.4989724615256316,True,7.043236406185167e-16,4.64853602808221e-14,True
power,epistemic,logistic,-2.6,0.6,17,logit-frac,0.13194874401351128,0.01236665346835417,0.24274311276984575,True,3.682372497315082e-12,8.101219494093179e-11,True
power,epistemic,logistic,-2.6,0.6,18,Comp_prob,0.1909153314922405,0.08551981146345407,0.29870107523236633,True,0.0897051842243829,0.5216075420392084,False
power,epistemic,logistic,-2.6,0.6,18,NRC,0.20143769905030295,0.08254873822931524,0.37673072966780474,True,1.9097322495191538e-09,4.201410948942138e-08,True
power,epistemic,logistic,-2.6,0.6,18,decileZ(Comp),0.17576810911561863,0.0768497149252359,0.2824001361278371,True,0.5933072668435702,0.9321890090280228,False
power,epistemic,logistic,-2.6,0.6,18,decileZ(NRC),0.37291351304377307,0.2559719613974972,0.49751630144028075,True,2.5921545391440063e-11,1.7108219958350442e-09,True
power,epistemic,logistic,-2.6,0.6,18,logit-frac,0.1743347016642163,0.08151514186464771,0.28817397958576724,True,5.412949000092012e-10,1.786273170030364e-08,True
power,epistemic,logistic,-2.6,0.6,19,Comp_prob,0.21839748952131594,0.1063411021446212,0.33311415955724266,True,0.07466517833395826,0.5600930162196803,False
power,epistemic,logistic,-2.6,0.6,19,NRC,0.1270860569768306,0.014280432643250397,0.23213706692826336,True,3.809011178625241e-12,1.2569736889463295e-10,True
power,epistemic,logistic,-2.6,0.6,19,decileZ(Comp),0.09853928865340032,-0.01383982735042232,0.22115873408373068,False,0.578647512930094,0.7956403302788791,False
power,epistemic,logistic,-2.6,0.6,19,decileZ(NRC),0.3148657284077644,0.2016202381318723,0.4206189948439063,True,4.114614882383873e-14,2.7156458223733563e-12,True
power,epistemic,logistic,-2.6,0.6,19,logit-frac,0.09393388798027542,-0.028704957965923088,0.2018512012274369,False,9.92643094228905e-12,2.183814807303591e-10,False
power,epistemic,logistic,-2.6,0.6,20,Comp_prob,0.15173321271539777,0.04415425379061153,0.2587800694158644,True,0.4373780613707694,0.7765521595050247,False
power,epistemic,logistic,-2.6,0.6,20,NRC,0.152417620041218,0.03628203913705321,0.2931429586341689,True,1.796497632686347e-08,3.9522947919099634e-07,True
power,epistemic,logistic,-2.6,0.6,20,decileZ(Comp),0.1639842761081114,0.05362258173120019,0.27218282899647855,True,0.3379371723526633,0.7320997167285666,False
power,epistemic,logistic,-2.6,0.6,20,decileZ(NRC),0.3249671258204482,0.21513496725005912,0.44296486970108173,True,2.279284921286564e-09,7.521640240245662e-08,True
power,epistemic,logistic,-2.6,0.6,20,logit-frac,0.1658888126810407,0.04743976084184137,0.2904930870983109,True,1.085986904532598e-09,7.167513569915146e-08,True
power,epistemic,logistic,-2.6,0.6,21,Comp_prob,0.11374299085945778,0.012447325765654695,0.22017791025410974,True,0.7269856989257062,0.9816699290969368,False
power,epistemic,logistic,-2.6,0.6,21,NRC,0.21742144320215168,0.10031651916863896,0.5449004049222128,True,3.0472700939245385e-17,6.703994206633985e-16,True
power,epistemic,logistic,-2.6,0.6,21,decileZ(Comp),0.11413794103418955,0.00047065309801842223,0.23283809167601127,True,0.12047412107309156,0.7638766561098689,False
power,epistemic,logistic,-2.6,0.6,21,decileZ(NRC),0.4838554982097094,0.3839589510184377,0.6056209991794246,True,5.0762148426367135e-18,3.350301796140231e-16,True
power,epistemic,logistic,-2.6,0.6,21,logit-frac,0.26755741930786664,0.1536542332620366,0.40532811386395545,True,1.701697345518491e-17,5.61560124021102e-16,True
power,epistemic,logistic,-2.6,0.6,22,Comp_prob,0.11537893842542138,0.005092231193507862,0.23457854652707835,True,0.3002871067508923,0.7287164742527182,False
power,epistemic,logistic,-2.6,0.6,22,NRC,0.1516033150236131,0.023976584888815107,0.3306912591129129,True,2.7233763230999084e-10,6.14040625334846e-09,True
power,epistemic,logistic,-2.6,0.6,22,decileZ(Comp),0.0059072711303972195,-0.10814015079198681,0.12162246350028777,False,0.33770022499661245,0.7287164742527182,False
power,epistemic,logistic,-2.6,0.6,22,decileZ(NRC),0.38923663516051776,0.26887419138433905,0.5196592669282255,True,3.287088907215724e-14,2.169478678762378e-12,True
power,epistemic,logistic,-2.6,0.6,22,logit-frac,0.08767786857473236,-0.027801609952338668,0.2018978830480952,False,2.791093751522027e-10,6.14040625334846e-09,False
power,epistemic,logistic,-2.6,0.6,23,Comp_prob,0.14189163226872245,0.04270011898655316,0.24890309191442703,True,0.22118114819492019,0.6820338877298181,False
power,epistemic,logistic,-2.6,0.6,23,NRC,0.21998042647397736,0.10221338628021846,0.3422283990770615,True,1.1359096047563286e-13,2.499001130463923e-12,True
power,epistemic,logistic,-2.6,0.6,23,decileZ(Comp),0.18353673951056063,0.0753150103188297,0.30881906013205396,True,0.2293319316336474,0.6820338877298181,False
power,epistemic,logistic,-2.6,0.6,23,decileZ(NRC),0.4179398079209461,0.31181126085392397,0.535978383542117,True,9.803419385670506e-16,6.470256794542534e-14,True
power,epistemic,logistic,-2.6,0.6,23,logit-frac,0.18767803908663144,0.08693908508778692,0.29930741084995766,True,2.0275426207552355e-14,6.690890648492278e-13,True
power,epistemic,logistic,-2.6,0.6,24,Comp_prob,0.16564370504238785,0.06182631851063136,0.28364068823821426,True,0.8670863307884544,0.9260992294854966,False
power,epistemic,logistic,-2.6,0.6,24,NRC,0.13400604792613244,0.0028258666110982816,0.2686674476434394,True,3.577445514547539e-11,2.3611140396013756e-09,True
power,epistemic,logistic,-2.6,0.6,24,decileZ(Comp),0.11464569288227876,0.005991983876652637,0.22748608626145267,True,0.9163820521950178,0.9450189913261121,False
power,epistemic,logistic,-2.6,0.6,24,decileZ(NRC),0.28885538198204713,0.1665596322624752,0.4068841287664225,True,9.955069827973712e-10,2.1901153621542167e-08,True
power,epistemic,logistic,-2.6,0.6,24,logit-frac,0.13384024845266487,0.02086357785208021,0.25754949087043294,True,8.481447630965116e-11,2.7988777182184882e-09,True
power,epistemic,logistic,-2.6,0.8,0,Comp_prob,0.3274454897126102,0.22216537217592142,0.43564201091623755,True,0.015743029412509497,0.20780798824512536,False
power,epistemic,logistic,-2.6,0.8,0,NRC,0.1843819179950054,0.07828115829342773,0.3234411772167178,True,9.97407107859451e-21,3.291443455936188e-19,True
power,epistemic,logistic,-2.6,0.8,0,decileZ(Comp),0.27135593193647034,0.17649840172937242,0.3760406717411351,True,0.1758092312883227,0.6963735341179357,False
power,epistemic,logistic,-2.6,0.8,0,decileZ(NRC),0.4582714381505549,0.3358377753774763,0.5792721126123567,True,9.204537485347017e-24,6.074994740329031e-22,True
power,epistemic,logistic,-2.6,0.8,0,logit-frac,0.1647925570590622,0.03942683989576451,0.308935273237859,True,1.7558040280501516e-20,3.8627688617103337e-19,True
power,epistemic,logistic,-2.6,0.8,1,Comp_prob,0.14677552355712767,0.038537698633007926,0.2628022811052827,True,0.5516288829263094,0.992602987730588,False
power,epistemic,logistic,-2.6,0.8,1,NRC,0.19301153362244242,0.09330917112883655,0.3252277559128325,True,1.5280142035352894e-15,5.042446871666455e-14,True
power,epistemic,logistic,-2.6,0.8,1,decileZ(Comp),-0.05437577847202529,-0.16287102365516004,0.048443060444226145,False,0.00955357982150522,0.15763406705483612,False
power,epistemic,logistic,-2.6,0.8,1,decileZ(NRC),0.4578429468966747,0.3463897810693855,0.5696048806994568,True,1.694856667076158e-21,1.1186054002702644e-19,True
power,epistemic,logistic,-2.6,0.8,1,logit-frac,0.08839088607557233,-0.030188811474727368,0.21180983573746265,False,1.0127216831447611e-13,2.2279877029184745e-12,False
power,epistemic,logistic,-2.6,0.8,2,Comp_prob,0.28537090122218745,0.18429307663811528,0.392873602346439,True,0.020595887500164483,0.339832143752714,False
power,epistemic,logistic,-2.6,0.8,2,NRC,0.1081415078256761,0.009933093450534065,0.2158147452578903,True,7.0384937417858926e-15,2.3227029347893447e-13,True
power,epistemic,logistic,-2.6,0.8,2,decileZ(Comp),0.23330895279479114,0.1288436420280675,0.3400460026775668,True,0.13289118683383486,0.574672593423782,False
power,epistemic,logistic,-2.6,0.8,2,decileZ(NRC),0.3858527103842655,0.28324276939430076,0.49070069115951676,True,9.103081303631933e-16,6.008033660397075e-14,True
power,epistemic,logistic,-2.6,0.8,2,logit-frac,0.18752409465834013,0.07690456456667882,0.313014285690377,True,1.7837405484471793e-14,3.9242292065837946e-13,True
power,epistemic,logistic,-2.6,0.8,3,Comp_prob,0.25904975707274347,0.15302323184704164,0.36941028878430915,True,0.11160449936820988,0.5784110670828576,False
power,epistemic,logistic,-2.6,0.8,3,NRC,0.2362858291518739,0.14189704436057965,0.35425036380481584,True,1.538366641464025e-19,5.076609916831282e-18,True
power,epistemic,logistic,-2.6,0.8,3,decileZ(Comp),0.053993308489050984,-0.05542296686873519,0.17153535371008535,False,0.8217137562782351,0.9652972501562604,False
power,epistemic,logistic,-2.6,0.8,3,decileZ(NRC),0.5745683272730909,0.46268144247184806,0.6816780826373651,True,3.957090047172997e-27,2.611679431134178e-25,True
power,epistemic,logistic,-2.6,0.8,3,logit-frac,0.2473645565813172,0.14182306136489203,0.37118100183739394,True,8.76679035080541e-19,1.9286938771771902e-17,True
power,epistemic,logistic,-2.6,0.8,4,Comp_prob,0.2100428900505798,0.10653075871683002,0.3238554907162712,True,0.27014409049629995,0.9246155608543382,False
power,epistemic,logistic,-2.6,0.8,4,NRC,0.18008058373291774,0.07790974309091536,0.2842803917163566,True,9.17315194326473e-13,2.4332671185020417e-11,True
power,epistemic,logistic,-2.6,0.8,4,decileZ(Comp),0.03695136635333428,-0.0651557254788182,0.14675608700195472,False,0.463423545098807,0.9310049570765404,False
power,epistemic,logistic,-2.6,0.8,4,decileZ(NRC),0.4660131530727224,0.3448144862305973,0.581759876263568,True,2.255274382695259e-17,1.488481092578871e-15,True
power,epistemic,logistic,-2.6,0.8,4,logit-frac,0.20312488149461427,0.09987340064940048,0.3219567542151396,True,1.106030508410019e-12,2.4332671185020417e-11,True
power,epistemic,logistic,-2.6,0.8,5,Comp_prob,0.2872932953076541,0.17358063279207764,0.39989535730854453,True,0.030027084726656213,0.33029793199321833,False
power,epistemic,logistic,-2.6,0.8,5,NRC,0.2066060066626231,0.10878456063997241,0.34471303894078764,True,2.2737595616054488e-20,5.002271035531987e-19,True
power,epistemic,logistic,-2.6,0.8,5,decileZ(Comp),0.163380587335538,0.056289358958831234,0.28460510698134034,True,0.7638698820719568,0.9906267198218127,False
power,epistemic,logistic,-2.6,0.8,5,decileZ(NRC),0.5206521062077698,0.4072516848656404,0.6345881184167074,True,1.0371517255803273e-26,6.84520138883016e-25,True
power,epistemic,logistic,-2.6,0.8,5,logit-frac,0.20677528836797673,0.10151826780887231,0.3234847314284751,True,3.183551181427209e-21,1.0505718898709789e-19,True
power,epistemic,logistic,-2.6,0.8,6,Comp_prob,0.17806033714522226,0.0723576384648457,0.2819356658653257,True,0.2901664461018504,0.754322133664384,False
power,epistemic,logistic,-2.6,0.8,6,NRC,0.1401299661999604,0.004823011315904925,0.2711145424438728,True,5.684874724193517e-17,1.2506724393225736e-15,True
power,epistemic,logistic,-2.6,0.8,6,decileZ(Comp),0.022664581988262905,-0.09158055362276533,0.1484662924928918,False,0.19727085516367282,0.754322133664384,False
power,epistemic,logistic,-2.6,0.8,6,decileZ(NRC),0.5003106585636907,0.3832912246466964,0.6195892248063827,True,7.448987637882038e-23,4.916331841002145e-21,True
power,epistemic,logistic,-2.6,0.8,6,logit-frac,0.15895426470990273,0.04660575116852502,0.2927491298470843,True,2.0556023434757035e-17,6.783487733469821e-16,True
power,epistemic,logistic,-2.6,0.8,7,Comp_prob,0.20446334438608882,0.09398957577574221,0.316960386532231,True,0.6058345095806721,0.8878166061997769,False
power,epistemic,logistic,-2.6,0.8,7,NRC,0.13983801232891307,0.023366901141424954,0.2584324807116545,True,3.518109232453689e-13,7.739840311398116e-12,True
power,epistemic,logistic,-2.6,0.8,7,decileZ(Comp),0.181159337689826,0.07072485413340643,0.2867757591445729,True,0.6593503734716917,0.8878166061997769,False
power,epistemic,logistic,-2.6,0.8,7,decileZ(NRC),0.3626646080889451,0.2603648550817189,0.4670893151241316,True,5.240794650658691e-15,3.458924469434736e-13,True
power,epistemic,logistic,-2.6,0.8,7,logit-frac,0.19631975088990536,0.10085706295013419,0.3185069179893095,True,2.7074694140487408e-14,8.934649066360844e-13,True
power,epistemic,logistic,-2.6,0.8,8,Comp_prob,0.2248329793077144,0.11697371196122394,0.34510248318678666,True,0.11213446650773823,0.7741682865103603,False
power,epistemic,logistic,-2.6,0.8,8,NRC,0.19000591550299412,0.0662698583002378,0.3291115019986934,True,9.182774272927892e-21,2.2481289127124463e-19,True
power,epistemic,logistic,-2.6,0.8,8,decileZ(Comp),0.057798404120459536,-0.056589822856075736,0.16938648048421995,False,0.10716212227626289,0.7741682865103603,False
power,epistemic,logistic,-2.6,0.8,8,decileZ(NRC),0.5273227140363096,0.4068522721039067,0.6511651869395286,True,3.6372721878616704e-26,2.4005996439887024e-24,True
power,epistemic,logistic,-2.6,0.8,8,logit-frac,0.23839167116061227,0.13662400436573396,0.3395337294986917,True,1.0218767785056574e-20,2.2481289127124463e-19,True
power,epistemic,logistic,-2.6,0.8,9,Comp_prob,0.2672925635307808,0.1515236536776847,0.3850039167313574,True,0.16799105619016252,0.5612854061057008,False
power,epistemic,logistic,-2.6,0.8,9,NRC,0.23074302592226678,0.10196800966442623,0.42999995817969405,True,1.0631881837797454e-28,3.5085210064731596e-27,True
power,epistemic,logistic,-2.6,0.8,9,decileZ(Comp),0.3068361925199617,0.1854916517937726,0.43503989839264523,True,0.054391372741504705,0.4964550581144215,False
power,epistemic,logistic,-2.6,0.8,9,decileZ(NRC),0.5223706614234248,0.4044405835954191,0.6424414009562569,True,6.882764363240193e-29,3.5085210064731596e-27,True
power,epistemic,logistic,-2.6,0.8,9,logit-frac,0.2601407128700183,0.1496073411700833,0.38435561783546845,True,4.178732749804614e-28,9.193212049570151e-27,True
power,epistemic,logistic,-2.6,0.8,10,Comp_prob,0.17538393682083195,0.06438782874913025,0.2915444500684364,True,0.6085734136913314,0.8702965325214085,False
power,epistemic,logistic,-2.6,0.8,10,NRC,0.17169075446202786,0.06949907422956833,0.30295405821859767,True,8.803208594920171e-16,1.9367058908824378e-14,True
power,epistemic,logistic,-2.6,0.8,10,decileZ(Comp),0.13669996670212953,0.022977890478741766,0.2502025736985581,True,0.4393226283213669,0.8702965325214085,False
power,epistemic,logistic,-2.6,0.8,10,decileZ(NRC),0.42335020590410977,0.31616096833034624,0.5324517391480303,True,9.659242503965741e-18,6.375100052617389e-16,True
power,epistemic,logistic,-2.6,0.8,10,logit-frac,0.06527919994298738,-0.06492033649152304,0.18364309239099608,False,4.3133007548290666e-16,1.423389249093592e-14,False
power,epistemic,logistic,-2.6,0.8,11,Comp_prob,0.2309446646579621,0.12405732295159533,0.3335142732267096,True,0.08157570368639769,0.7500439246450605,False
power,epistemic,logistic,-2.6,0.8,11,NRC,0.09999195731699995,-0.013885017316569109,0.20826105924334637,False,3.663282965232021e-15,1.2088833785265667e-13,False
power,epistemic,logistic,-2.6,0.8,11,decileZ(Comp),0.0727163242878742,-0.03657714085381166,0.1799649171067326,False,0.3912618301769043,0.8471964512822457,False
power,epistemic,logistic,-2.6,0.8,11,decileZ(NRC),0.39332071788034484,0.2810749549070817,0.5013635126337967,True,2.154577317726613e-19,1.4220210296995647e-17,True
power,epistemic,logistic,-2.6,0.8,11,logit-frac,0.12439783011487056,0.015730418044876297,0.23770903327122003,True,2.0219613806399509e-13,4.4483150374078915e-12,True
power,epistemic,logistic,-2.6,0.8,12,Comp_prob,0.18648770182834534,0.07831240555076754,0.2902154635190259,True,0.30366322071954355,0.7974153692378699,False
power,epistemic,logistic,-2.6,0.8,12,NRC,0.0760049229625067,-0.01779367699585057,0.17946798350777293,False,3.5290996480696327e-15,7.764019225753192e-14,False
power,epistemic,logistic,-2.6,0.8,12,decileZ(Comp),0.1498060621888736,0.040074534322193,0.24676459596032674,True,0.9563854910204896,0.9854878574645713,False
power,epistemic,logistic,-2.6,0.8,12,decileZ(NRC),0.39597465712613644,0.284816675433984,0.5050702172050944,True,1.917517499416737e-19,1.2655615496150464e-17,True
power,epistemic,logistic,-2.6,0.8,12,logit-frac,0.09327823131005115,-0.0041103634409671,0.19735705765087272,False,7.701760469590284e-16,2.5415809549647937e-14,False
power,epistemic,logistic,-2.6,0.8,13,Comp_prob,0.13950197505594428,0.03129526429861018,0.2498796657484122,True,0.8546506947180655,0.9650726148960955,False
power,epistemic,logistic,-2.6,0.8,13,NRC,0.1645036762860535,0.08292546046281139,0.302714266024183,True,9.144965770412105e-20,2.011892469490663e-18,True
power,epistemic,logistic,-2.6,0.8,13,decileZ(Comp),0.04657138478484127,-0.06432145068609915,0.15354505848597427,False,0.2880279554271673,0.7311478868535786,False
power,epistemic,logistic,-2.6,0.8,13,decileZ(NRC),0.4658766628070101,0.3492964430393205,0.5800044312588999,True,1.564870467178826e-24,1.0328145083380252e-22,True
power,epistemic,logistic,-2.6,0.8,13,logit-frac,0.2216156796288156,0.11947606681118979,0.3383381549051391,True,5.425391608700827e-20,1.790379230871273e-18,True
power,epistemic,logistic,-2.6,0.8,14,Comp_prob,0.2360271177195675,0.12964888507440228,0.35194483186040476,True,0.1705675706845915,0.5851629501194852,False
power,epistemic,logistic,-2.6,0.8,14,NRC,0.08112978017367081,-0.022427437403537878,0.19816102211689993,False,2.3206181013820732e-10,7.658039734560841e-09,False
power,epistemic,logistic,-2.6,0.8,14,decileZ(Comp),0.17696318819365991,0.06925817729068229,0.2889899294822186,True,0.32854259570146926,0.6429857688925691,False
power,epistemic,logistic,-2.6,0.8,14,decileZ(NRC),0.34304011581474536,0.22888422096247313,0.46907725933638716,True,1.3058888280389511e-14,8.618866265057078e-13,True
power,epistemic,logistic,-2.6,0.8,14,logit-frac,0.08682194549645628,-0.00871598475992651,0.2039764356727201,False,8.045027682134769e-10,1.7699060900696492e-08,False
power,epistemic,logistic,-2.6,0.8,15,Comp_prob,0.23581059321162512,0.1250486940657927,0.34517752970409343,True,0.28639566176804154,0.9689485737342373,False
power,epistemic,logistic,-2.6,0.8,15,NRC,0.10493338564992306,-0.02648697074188783,0.22247486207536046,False,4.932391471395912e-14,1.0851261237071006e-12,False
power,epistemic,logistic,-2.6,0.8,15,decileZ(Comp),0.19586416597870965,0.08876096263914483,0.30650520734922443,True,0.3302521361248887,0.9689485737342373,False
power,epistemic,logistic,-2.6,0.8,15,decileZ(NRC),0.3705548572603883,0.2629864413778,0.48000215695518894,True,1.1343661850022859e-16,7.486816821015086e-15,True
power,epistemic,logistic,-2.6,0.8,15,logit-frac,0.12364680234734808,0.01759410199971823,0.23225138344105062,True,6.312510675833346e-16,2.0831285230250042e-14,True
power,epistemic,logistic,-2.6,0.8,16,Comp_prob,0.13488574391140684,0.027511408054493997,0.2480241139125574,True,0.6534613116283157,0.8765463083835103,False
power,epistemic,logistic,-2.6,0.8,16,NRC,0.150591428422637,0.04934126902282333,0.2708466290114096,True,4.6114174957216826e-20,1.01451184905877e-18,True
power,epistemic,logistic,-2.6,0.8,16,decileZ(Comp),0.10840919230442445,-0.0033548169108731252,0.2224888517463801,False,0.728986494552978,0.8765463083835103,False
power,epistemic,logistic,-2.6,0.8,16,decileZ(NRC),0.47013434599876985,0.3668542946933689,0.5836254658365416,True,9.528029579200099e-24,6.288499522272066e-22,True
power,epistemic,logistic,-2.6,0.8,16,logit-frac,0.12511841378447508,0.014835111497600613,0.23362013896501374,True,2.8464700774922403e-20,9.393351255724392e-19,True
power,epistemic,logistic,-2.6,0.8,17,Comp_prob,0.1953668626873809,0.09336768529404396,0.3009181579742114,True,0.644892990807834,0.9277996111512602,False
power,epistemic,logistic,-2.6,0.8,17,NRC,0.2538927754267367,0.1470175452360382,0.3902131651608769,True,3.525761451526573e-24,1.1635012790037691e-22,True
power,epistemic,logistic,-2.6,0.8,17,decileZ(Comp),0.11237144010525094,0.01801244045621988,0.21751330282059608,True,0.46008564233470073,0.8923732504605564,False
power,epistemic,logistic,-2.6,0.8,17,decileZ(NRC),0.5520834749791994,0.4411640472118964,0.6659055214273892,True,6.29843044303343e-30,4.156964092402064e-28,True
power,epistemic,logistic,-2.6,0.8,17,logit-frac,0.2266895640802345,0.12844499227747488,0.3425535316342222,True,2.4433490781069957e-22,5.37536797183539e-21,True
power,epistemic,logistic,-2.6,0.8,18,Comp_prob,0.26745477312765503,0.16369624414149067,0.3758784884674804,True,0.020078883337164392,0.26504126005056994,False
power,epistemic,logistic,-2.6,0.8,18,NRC,0.20550090365461793,0.09979773318942319,0.3374002555378786,True,3.909991017324037e-20,8.601980238112881e-19,True
power,epistemic,logistic,-2.6,0.8,18,decileZ(Comp),0.2003933445556798,0.09670041941058481,0.30472569323651705,True,0.3245247176339009,0.9005217384248423,False
power,epistemic,logistic,-2.6,0.8,18,decileZ(NRC),0.487024131752361,0.37313173065579,0.6091281733443367,True,6.787814923311137e-23,4.47995784938535e-21,True
power,epistemic,logistic,-2.6,0.8,18,logit-frac,0.10846800910623074,-0.02203787975122856,0.2379657975154399,False,1.1417903441252193e-20,3.7679081356132236e-19,False
power,epistemic,logistic,-2.6,0.8,19,Comp_prob,0.2797048989092234,0.16792737184968376,0.3925054435390108,True,0.005691337753956492,0.09390707294028212,False
power,epistemic,logistic,-2.6,0.8,19,NRC,0.19254104074381898,0.07685666437555426,0.30897111862862614,True,5.184779675792133e-19,1.710977293011404e-17,True
power,epistemic,logistic,-2.6,0.8,19,decileZ(Comp),0.11890735256432243,0.007105982142688792,0.2374573624676579,True,0.51882794747941,0.8446952546369765,False
power,epistemic,logistic,-2.6,0.8,19,decileZ(NRC),0.45600185233367607,0.3552981516372454,0.5726358276665883,True,1.8659902968545118e-24,1.2315535959239777e-22,True
power,epistemic,logistic,-2.6,0.8,19,logit-frac,0.16958590654212727,0.05667724567037224,0.2819174435367161,True,2.8475748383361567e-18,6.264664644339544e-17,True
power,epistemic,logistic,-2.6,0.8,20,Comp_prob,0.19086949819795676,0.08514275449733046,0.300428858939307,True,0.5094292431901981,0.8375453168250806,False
power,epistemic,logistic,-2.6,0.8,20,NRC,0.17185893261484314,0.07077105951136158,0.28679280286429093,True,2.04426213440391e-16,4.497376695688602e-15,True
power,epistemic,logistic,-2.6,0.8,20,decileZ(Comp),0.17458662620964674,0.06254866451244322,0.2851709721460415,True,0.5864952013003241,0.8721068886584676,False
power,epistemic,logistic,-2.6,0.8,20,decileZ(NRC),0.4500901354985034,0.34713949669695143,0.5603538532696598,True,1.1284728031496171e-18,7.447920500787473e-17,True
power,epistemic,logistic,-2.6,0.8,20,logit-frac,0.18078140160497752,0.061770732105551625,0.30223821298981635,True,3.2048132498649385e-17,1.0575883724554297e-15,True
power,epistemic,logistic,-2.6,0.8,21,Comp_prob,0.18505106825157716,0.08650075286587704,0.30639869389046187,True,0.9738729327418355,0.9995985243122536,False
power,epistemic,logistic,-2.6,0.8,21,NRC,0.05051800031513715,-0.09936167350001823,0.18040637572273374,False,7.52248817469591e-25,1.6549473984331e-23,False
power,epistemic,logistic,-2.6,0.8,21,decileZ(Comp),0.15648796842208113,0.04383479357737037,0.28002179175992614,True,0.18832991402890287,0.7718450619367858,False
power,epistemic,logistic,-2.6,0.8,21,decileZ(NRC),0.4666726265449765,0.3433328044531847,0.5737529197297074,True,2.8745711741253266e-31,1.8972169749227156e-29,True
power,epistemic,logistic,-2.6,0.8,21,logit-frac,0.13144061938045093,0.011946948367181841,0.2593938805341901,True,1.3356855410069398e-25,4.407762285322901e-24,True
power,epistemic,logistic,-2.6,0.8,22,Comp_prob,0.19176423886447908,0.08481811372524597,0.29720530437925785,True,0.07833656823127028,0.71225441303984,False
power,epistemic,logistic,-2.6,0.8,22,NRC,0.2305652113243757,0.12079076016401634,0.3571400101903423,True,1.6071978216546329e-16,3.5358352076401924e-15,True
power,epistemic,logistic,-2.6,0.8,22,decileZ(Comp),0.04436283005144802,-0.06075938265506922,0.1489888293055785,False,0.34533547298901335,0.71225441303984,False
power,epistemic,logistic,-2.6,0.8,22,decileZ(NRC),0.4925972639804833,0.39484711791785454,0.6108186687170609,True,2.6441002012383726e-24,1.745106132817326e-22,True
power,epistemic,logistic,-2.6,0.8,22,logit-frac,0.1277918366817343,0.02826945355932098,0.23171915067798227,True,6.755066712849161e-17,2.229172015240223e-15,True
power,epistemic,logistic,-2.6,0.8,23,Comp_prob,0.18765963223301918,0.09241239491416682,0.2913578034597003,True,0.4447190523083331,0.7932826338472968,False
power,epistemic,logistic,-2.6,0.8,23,NRC,0.26014452683132583,0.1510942359244586,0.3744322761796846,True,4.376463719653664e-22,9.62822018323806e-21,True
power,epistemic,logistic,-2.6,0.8,23,decileZ(Comp),0.1703288339912333,0.06682385256950794,0.28605821526049346,True,0.2936102071960247,0.7932826338472968,False
power,epistemic,logistic,-2.6,0.8,23,decileZ(NRC),0.4746916908745767,0.36989478329831205,0.5778277826714451,True,3.200160662795095e-25,2.112106037444763e-23,True
power,epistemic,logistic,-2.6,0.8,23,logit-frac,0.25122376345934944,0.14162234709615937,0.38276563202964875,True,5.235755387104903e-24,1.727799277744618e-22,True
power,epistemic,logistic,-2.6,0.8,24,Comp_prob,0.24167780542755996,0.13605614619990075,0.35942484849535766,True,0.3653155316637987,0.8888273736736908,False
power,epistemic,logistic,-2.6,0.8,24,NRC,0.11692103107528655,0.02206382624367241,0.23567982128231002,True,8.34547173667945e-20,2.7540056731042187e-18,True
power,epistemic,logistic,-2.6,0.8,24,decileZ(Comp),0.1720295090769529,0.06792904744837973,0.28768808841393056,True,0.939542364806904,0.9842824774167566,False
power,epistemic,logistic,-2.6,0.8,24,decileZ(NRC),0.4134191375592233,0.30436194857406396,0.5195641590544884,True,6.209964541166767e-20,2.7540056731042187e-18,True
power,epistemic,logistic,-2.6,0.8,24,logit-frac,0.10893054435511121,-0.005536909233140982,0.21688236689893717,False,1.684514611428462e-18,3.7059321451426163e-17,False
power,epistemic,logistic,-2.6,1.0,0,Comp_prob,0.37700698840991775,0.26855279316760033,0.48701786505738554,True,0.015547696260350932,0.14659256474045163,False
power,epistemic,logistic,-2.6,1.0,0,NRC,0.18902648491465884,0.07950265319322396,0.3052991005916477,True,2.8401784746372256e-29,9.372588966302844e-28,True
power,epistemic,logistic,-2.6,1.0,0,decileZ(Comp),0.24398030328274012,0.14051812722071985,0.34866120411108137,True,0.23545999488622205,0.6407745895138258,False
power,epistemic,logistic,-2.6,1.0,0,decileZ(NRC),0.5936038857267314,0.47599877651475914,0.713149991287423,True,1.085988879854335e-37,7.16752660703861e-36,True
power,epistemic,logistic,-2.6,1.0,0,logit-frac,0.15832064932355694,0.062413397663616796,0.2832690322459488,True,1.402486589650166e-28,3.085470497230365e-27,True
power,epistemic,logistic,-2.6,1.0,1,Comp_prob,0.22599325435890413,0.12418067353595712,0.3407568762240591,True,0.1911876866382386,0.5735630599147158,False
power,epistemic,logistic,-2.6,1.0,1,NRC,0.17242103186980262,0.054779474405782194,0.30248622120091356,True,1.1189224924416483e-20,3.692444225057439e-19,True
power,epistemic,logistic,-2.6,1.0,1,decileZ(Comp),-0.005799816187232477,-0.11108911342369741,0.11148626764618519,False,0.024065797098509832,0.3758597895108796,False
power,epistemic,logistic,-2.6,1.0,1,decileZ(NRC),0.531197019575527,0.42357418339075276,0.6369667797587664,True,7.181887765581394e-31,4.74004592528372e-29,True
power,epistemic,logistic,-2.6,1.0,1,logit-frac,0.18108879321160473,0.05908418361362478,0.31351555155233846,True,1.4697242696453826e-19,3.2333933932198416e-18,True
power,epistemic,logistic,-2.6,1.0,2,Comp_prob,0.32865505910573695,0.22634828805812862,0.4376612034978863,True,0.007794474422903832,0.12860882797791323,False
power,epistemic,logistic,-2.6,1.0,2,NRC,0.07022043096982747,-0.044794811285804696,0.18365664695961512,False,3.5315086022281164e-20,1.1653978387352785e-18,False
power,epistemic,logistic,-2.6,1.0,2,decileZ(Comp),0.26811106698691195,0.16511652785636513,0.3726867507867245,True,0.05370712477289069,0.5907783725017975,False
power,epistemic,logistic,-2.6,1.0,2,decileZ(NRC),0.4183938620326836,0.2953947834666715,0.5312269772576963,True,2.6736091066799002e-22,1.764582010408734e-20,True
power,epistemic,logistic,-2.6,1.0,2,logit-frac,0.1479438692757743,0.04351500184028497,0.26638616300577234,True,7.583595140433714e-20,1.6683909308954171e-18,True
power,epistemic,logistic,-2.6,1.0,3,Comp_prob,0.26322882729759123,0.1505889499838801,0.37460211796490206,True,0.25219215130943395,0.7926039041153639,False
power,epistemic,logistic,-2.6,1.0,3,NRC,0.25607244211520935,0.16276424414361146,0.4013942678225947,True,3.5190693805638966e-24,1.1612928955860858e-22,True
power,epistemic,logistic,-2.6,1.0,3,decileZ(Comp),0.013576511020476465,-0.09458348850085734,0.1287694647602731,False,0.10349063214956267,0.6830381721871136,False
power,epistemic,logistic,-2.6,1.0,3,decileZ(NRC),0.6494750797922577,0.545125763911998,0.7565381064249276,True,4.618291846923442e-37,3.048072618969472e-35,True
power,epistemic,logistic,-2.6,1.0,3,logit-frac,0.24034897491019316,0.13178238940968884,0.35974208781003536,True,1.2598393987590275e-23,2.7716466772698604e-22,True
power,epistemic,logistic,-2.6,1.0,4,Comp_prob,0.24364208026024528,0.13446706490881266,0.3494194605149378,True,0.32761254206129053,0.6683707565234205,False
power,epistemic,logistic,-2.6,1.0,4,NRC,0.1586811418192771,0.046806833541787295,0.28975445179865633,True,2.1261415505275755e-18,7.016267116740999e-17,True
power,epistemic,logistic,-2.6,1.0,4,decileZ(Comp),0.04287071226335195,-0.06829022186374545,0.1538368226010467,False,0.21730133186775824,0.6508800164690525,False
power,epistemic,logistic,-2.6,1.0,4,decileZ(NRC),0.5144191782763928,0.4047000796780829,0.6414596056663576,True,3.4281789437027733e-26,2.2625981028438302e-24,True
power,epistemic,logistic,-2.6,1.0,4,logit-frac,0.13584797021768313,0.016898364368639996,0.2597062687760653,True,6.6362241551873134e-18,1.459969314141209e-16,True
power,epistemic,logistic,-2.6,1.0,5,Comp_prob,0.316037504931513,0.20433149741644455,0.44289296071554546,True,0.12476442679196113,0.5881751548763882,False
power,epistemic,logistic,-2.6,1.0,5,NRC,0.1754371618147042,0.04384100663893398,0.32684881306299124,True,3.317965868340712e-30,7.299524910349567e-29,True
power,epistemic,logistic,-2.6,1.0,5,decileZ(Comp),0.13632800125265374,0.030135747455630996,0.2546666521427079,True,0.6797823784923673,0.8388484910220719,False
power,epistemic,logistic,-2.6,1.0,5,decileZ(NRC),0.5723662335568803,0.45436824196904435,0.699059192836662,True,1.0256046929621889e-38,6.768990973550447e-37,True
power,epistemic,logistic,-2.6,1.0,5,logit-frac,0.21235750585333926,0.10605719877496896,0.33199587917415935,True,1.1806067414608525e-30,3.8960022468208134e-29,True
power,epistemic,logistic,-2.6,1.0,6,Comp_prob,0.26351770573998745,0.15944302101961486,0.36929093106158517,True,0.07249574625858803,0.47847192530668103,False
power,epistemic,logistic,-2.6,1.0,6,NRC,0.17084233219565026,0.05509147369084431,0.2828709821540213,True,6.138203309157219e-22,1.3504047280145883e-20,True
power,epistemic,logistic,-2.6,1.0,6,decileZ(Comp),0.09794854371944586,-0.002482881138084488,0.20951492251450374,False,0.8232987892245245,0.9718343778914253,False
power,epistemic,logistic,-2.6,1.0,6,decileZ(NRC),0.5312206686137161,0.4221139089490295,0.6392185874864872,True,7.122541466837445e-31,4.700877368112714e-29,True
power,epistemic,logistic,-2.6,1.0,6,logit-frac,0.1782907998526546,0.05452931249388619,0.31394834295871954,True,4.028378301309879e-23,1.32936483943226e-21,True
power,epistemic,logistic,-2.6,1.0,7,Comp_prob,0.2684231854149099,0.14756362172255516,0.385129416874893,True,0.1761094822189011,0.8762391673852632,False
power,epistemic,logistic,-2.6,1.0,7,NRC,0.09187263316929074,-0.041462117606096534,0.2315715146724144,False,1.9240057654684502e-21,4.232812684030591e-20,False
power,epistemic,logistic,-2.6,1.0,7,decileZ(Comp),0.23002759165783582,0.11172210868774804,0.34738613098180376,True,0.35283622118506786,0.8762391673852632,False
power,epistemic,logistic,-2.6,1.0,7,decileZ(NRC),0.41627780975834827,0.3019168018513371,0.527211135291909,True,1.2255877493748446e-23,4.044439572936987e-22,True
power,epistemic,logistic,-2.6,1.0,7,logit-frac,0.16053456162654423,0.05877977517429672,0.2680610359138064,True,9.8495945072887e-24,4.044439572936987e-22,True
power,epistemic,logistic,-2.6,1.0,8,Comp_prob,0.2663378240365142,0.15830761463175858,0.39067473789860235,True,0.03179242650053577,0.3031459230857796,False
power,epistemic,logistic,-2.6,1.0,8,NRC,0.22014231207426965,0.0904140906551271,0.41005878484369085,True,1.1232257594572294e-26,2.471096670805905e-25,True
power,epistemic,logistic,-2.6,1.0,8,decileZ(Comp),0.05821391886069445,-0.05895038123378978,0.17951883255927728,False,0.14523512857660534,0.599094905378497,False
power,epistemic,logistic,-2.6,1.0,8,decileZ(NRC),0.6037904148799298,0.4779273299072634,0.7354021168603867,True,3.3428043846121725e-38,2.206250893844034e-36,True
power,epistemic,logistic,-2.6,1.0,8,logit-frac,0.2203803290580621,0.10589264783828571,0.3403234243957366,True,2.2948112890371135e-27,7.572877253822474e-26,True
power,epistemic,logistic,-2.6,1.0,9,Comp_prob,0.3508863980720476,0.2443801963075576,0.4639157848744575,True,0.07964634050243352,0.4746134841548112,False
power,epistemic,logistic,-2.6,1.0,9,NRC,0.19268880135962801,0.08913536931720395,0.3353576578516258,True,5.030267721850892e-30,1.6599883482107945e-28,True
power,epistemic,logistic,-2.6,1.0,9,decileZ(Comp),0.3663794221974837,0.2502401215597444,0.48498382453052563,True,0.02441135692792345,0.23016422246327822,False
power,epistemic,logistic,-2.6,1.0,9,decileZ(NRC),0.5558064132442724,0.44969733224366276,0.6701362277559992,True,6.571489863189501e-34,4.337183309705071e-32,True
power,epistemic,logistic,-2.6,1.0,9,logit-frac,0.19324793813544577,0.09299095514696094,0.3044738425251587,True,3.6370241577248315e-28,8.00145314699463e-27,True
power,epistemic,logistic,-2.6,1.0,10,Comp_prob,0.18658625865465686,0.07345411177361659,0.29212599592412586,True,0.5342767867223591,0.9352609806397394,False
power,epistemic,logistic,-2.6,1.0,10,NRC,0.20900621923046142,0.08946083849002298,0.3644411229957584,True,1.403258326632939e-17,3.0871683185924654e-16,True
power,epistemic,logistic,-2.6,1.0,10,decileZ(Comp),0.13180338112216294,0.024798931295982183,0.24931705457699582,True,0.5814369186420638,0.9352609806397394,False
power,epistemic,logistic,-2.6,1.0,10,decileZ(NRC),0.42138500403470236,0.30718501367915535,0.5395592284982325,True,1.1931128322688935e-21,7.874544692974697e-20,True
power,epistemic,logistic,-2.6,1.0,10,logit-frac,0.18833850428887466,0.07224599853872762,0.3129748304950466,True,2.442794615349669e-19,8.061222230653909e-18,True
power,epistemic,logistic,-2.6,1.0,11,Comp_prob,0.3057053180683358,0.20118657485949343,0.40997733469026765,True,0.03198002757307912,0.24989867115107975,False
power,epistemic,logistic,-2.6,1.0,11,NRC,0.21925665982260858,0.10154020228327149,0.33262101509189557,True,2.4264322510089912e-23,8.007226428329671e-22,True
power,epistemic,logistic,-2.6,1.0,11,decileZ(Comp),0.12002863944204792,0.008677649586813017,0.223492218620097,True,0.6368188810875173,0.9136966554733944,False
power,epistemic,logistic,-2.6,1.0,11,decileZ(NRC),0.5615668597731485,0.44595343468750914,0.673721785148888,True,3.4664788717356194e-32,2.287876055345509e-30,True
power,epistemic,logistic,-2.6,1.0,11,logit-frac,0.22352068630539437,0.11710302383429436,0.3532625030264584,True,3.5012088175629752e-22,7.702659398638545e-21,True
power,epistemic,logistic,-2.6,1.0,12,Comp_prob,0.2662423247233447,0.1509242293228811,0.37211441449235155,True,0.18425783318986555,0.6544459840164984,False
power,epistemic,logistic,-2.6,1.0,12,NRC,0.1741964278979898,0.06625691469109257,0.2777835101756579,True,4.15673472362662e-24,9.144816391978564e-23,True
power,epistemic,logistic,-2.6,1.0,12,decileZ(Comp),0.18952093728930086,0.08359328711624342,0.30071659803630796,True,0.7709310298593932,0.9549647935157075,False
power,epistemic,logistic,-2.6,1.0,12,decileZ(NRC),0.5225114668530522,0.41330642460820705,0.6333615841839425,True,3.7452148286313874e-32,2.4718417868967157e-30,True
power,epistemic,logistic,-2.6,1.0,12,logit-frac,0.21007815511387892,0.10401496566982188,0.3228456830615378,True,3.8648416232358785e-26,1.27539773566784e-24,True
power,epistemic,logistic,-2.6,1.0,13,Comp_prob,0.21965963684869144,0.11119417693236637,0.33256184992309873,True,0.4543949478405124,0.952669295775954,False
power,epistemic,logistic,-2.6,1.0,13,NRC,0.17376685364078076,0.08621646735375799,0.33603075917395153,True,7.189750311811686e-28,1.5817450685985708e-26,True
power,epistemic,logistic,-2.6,1.0,13,decileZ(Comp),0.10475222572643741,0.0035734586900593697,0.2067001147768094,True,0.7744087748642077,0.952669295775954,False
power,epistemic,logistic,-2.6,1.0,13,decileZ(NRC),0.5693861860662879,0.45303899453286084,0.6930691111363162,True,5.58891287467793e-35,3.6886824972874336e-33,True
power,epistemic,logistic,-2.6,1.0,13,logit-frac,0.24919093630360475,0.14462283722064384,0.3737578071167479,True,3.7475752995818203e-28,1.2366998488620007e-26,True
power,epistemic,logistic,-2.6,1.0,14,Comp_prob,0.3260598820592938,0.21955362951806628,0.439450160903036,True,0.13232621296181182,0.7992282005571887,False
power,epistemic,logistic,-2.6,1.0,14,NRC,0.18155816385744195,0.07744782415894695,0.3223612595859204,True,1.3160933910941822e-24,4.343108190610801e-23,True
power,epistemic,logistic,-2.6,1.0,14,decileZ(Comp),0.23386146289890025,0.13160802865850574,0.3480346455448568,True,0.6419724420188408,0.9620271339348337,False
power,epistemic,logistic,-2.6,1.0,14,decileZ(NRC),0.5468511945815813,0.4367218426862711,0.6695458496551683,True,6.153319831919884e-33,4.061191089067123e-31,True
power,epistemic,logistic,-2.6,1.0,14,logit-frac,0.25201664207074875,0.14675465083550962,0.36428207171203436,True,1.015974761140175e-23,2.235144474508385e-22,True
power,epistemic,logistic,-2.6,1.0,15,Comp_prob,0.32690469551662443,0.22569404909661056,0.433381787236286,True,0.08652216469122204,0.6560726212607783,False
power,epistemic,logistic,-2.6,1.0,15,NRC,0.11987096238733695,0.014392191909780284,0.23891855016717647,True,1.1352495577096623e-18,2.497549026961257e-17,True
power,epistemic,logistic,-2.6,1.0,15,decileZ(Comp),0.2465219953827552,0.1435864043968723,0.36431612387842727,True,0.19634674208903835,0.6560726212607783,False
power,epistemic,logistic,-2.6,1.0,15,decileZ(NRC),0.49687856468067615,0.397435409429043,0.6016690059342666,True,3.5436320633078643e-28,2.3387971617831906e-26,True
power,epistemic,logistic,-2.6,1.0,15,logit-frac,0.09092499298918696,-0.008364037925662789,0.19232746136855391,False,4.822760625038367e-20,1.5915110062626612e-18,False
power,epistemic,logistic,-2.6,1.0,16,Comp_prob,0.27073355149919576,0.16122353861151242,0.37850485612024454,True,0.40809879132425586,0.7723586085182771,False
power,epistemic,logistic,-2.6,1.0,16,NRC,0.26459086857042413,0.14080969848896555,0.42950260482473684,True,1.2802867842321823e-32,2.8166309253108007e-31,True
power,epistemic,logistic,-2.6,1.0,16,decileZ(Comp),0.2068180305442403,0.09030606449530716,0.3252047777856594,True,0.4248142569689102,0.7723586085182771,False
power,epistemic,logistic,-2.6,1.0,16,decileZ(NRC),0.6029524771752861,0.4863183122005903,0.7201418986280153,True,6.293435366775734e-37,4.1536673420719843e-35,True
power,epistemic,logistic,-2.6,1.0,16,logit-frac,0.2961003732925638,0.187755743993363,0.41167524510862935,True,1.2866238029141329e-34,4.2458585496166386e-33,True
power,epistemic,logistic,-2.6,1.0,17,Comp_prob,0.28507966641954086,0.17922422648500763,0.39808562448228374,True,0.25180289688099255,0.791380533054548,False
power,epistemic,logistic,-2.6,1.0,17,NRC,0.21974607295484574,0.12708913111694894,0.35745293407629525,True,2.9594827445962406e-36,9.766293057167594e-35,True
power,epistemic,logistic,-2.6,1.0,17,decileZ(Comp),0.14744543645788283,0.04444117474903731,0.256979521259235,True,0.5835868852194566,0.9828402193791875,False
power,epistemic,logistic,-2.6,1.0,17,decileZ(NRC),0.6774238801374943,0.5621101280984833,0.7987182647671316,True,1.132787190086989e-47,7.476395454574127e-46,True
power,epistemic,logistic,-2.6,1.0,17,logit-frac,0.26297634755682153,0.1680861953046083,0.3777433107040344,True,5.347335487659259e-36,1.176413807285037e-34,True
power,epistemic,logistic,-2.6,1.0,18,Comp_prob,0.30514144769506985,0.19270230326497173,0.41883013701860766,True,0.09015050193250025,0.4958277606287514,False
power,epistemic,logistic,-2.6,1.0,18,NRC,0.28297612059351124,0.14941100610872218,0.43063316793029427,True,5.3127050002208576e-36,1.1687951000485886e-34,True
power,epistemic,logistic,-2.6,1.0,18,decileZ(Comp),0.16405666688844525,0.05319517171553631,0.2797155845682807,True,0.7764495645509977,0.9906824721773817,False
power,epistemic,logistic,-2.6,1.0,18,decileZ(NRC),0.6020783709314872,0.4865036622618413,0.721276156312713,True,5.4427960166024936e-40,3.592245370957646e-38,True
power,epistemic,logistic,-2.6,1.0,18,logit-frac,0.2560877224096152,0.12258688732718297,0.4142576145156203,True,1.1973443702229419e-37,3.951236421735708e-36,True
power,epistemic,logistic,-2.6,1.0,19,Comp_prob,0.3376260313759759,0.218835651354433,0.4494912603341564,True,0.01625824485421508,0.2682610400945488,False
power,epistemic,logistic,-2.6,1.0,19,NRC,0.1922875566362661,0.06544327578345421,0.33093006607398684,True,1.0518887696597783e-25,3.471232939877268e-24,True
power,epistemic,logistic,-2.6,1.0,19,decileZ(Comp),0.15801190067258117,0.042848836585504424,0.27612876370887196,True,0.1865990810898427,0.6481862816805062,False
power,epistemic,logistic,-2.6,1.0,19,decileZ(NRC),0.5108304985630279,0.39992488583473507,0.6281800277330382,True,8.041725842676454e-31,5.307539056166459e-29,True
power,epistemic,logistic,-2.6,1.0,19,logit-frac,0.15650341714919586,0.042093409438444605,0.2618091514453151,True,7.784672199472512e-24,1.7126278838839525e-22,True
power,epistemic,logistic,-2.6,1.0,20,Comp_prob,0.2787405761409205,0.1695847398241757,0.39596336218925327,True,0.09736213228993641,0.5443107861393892,False
power,epistemic,logistic,-2.6,1.0,20,NRC,0.11277412226825576,-0.026619914992574545,0.26043269604884584,False,3.006799053146384e-25,6.614957916922045e-24,False
power,epistemic,logistic,-2.6,1.0,20,decileZ(Comp),0.2455858031241251,0.132681205270147,0.3578025014301855,True,0.16998163175832803,0.6514461579865598,False
power,epistemic,logistic,-2.6,1.0,20,decileZ(NRC),0.5252131814765449,0.4134214982426093,0.6489387660575396,True,2.1767151285499784e-29,1.4366319848429859e-27,True
power,epistemic,logistic,-2.6,1.0,20,logit-frac,0.16415122464802664,0.05662537848753931,0.2791087278395399,True,1.020539462361273e-26,3.367780225792201e-25,True
power,epistemic,logistic,-2.6,1.0,21,Comp_prob,0.29759186245098346,0.19972706021132602,0.4082647374915931,True,0.14895004525585212,0.6685560517730291,False
power,epistemic,logistic,-2.6,1.0,21,NRC,0.14485240391103818,0.0022406816037057746,0.30412575688431664,True,1.6760823053545139e-32,3.6873810717799303e-31,True
power,epistemic,logistic,-2.6,1.0,21,decileZ(Comp),0.21453922600581765,0.1017521681022284,0.3387542972174407,True,0.8189112531812694,0.9707385655758407,False
power,epistemic,logistic,-2.6,1.0,21,decileZ(NRC),0.6191539249707275,0.4983109214600134,0.7388748574179524,True,1.7384055813504112e-40,1.1473476836912714e-38,True
power,epistemic,logistic,-2.6,1.0,21,logit-frac,0.23775984807609532,0.11525904452925412,0.3574659404239553,True,2.3811310343487152e-34,7.857732413350761e-33,True
power,epistemic,logistic,-2.6,1.0,22,Comp_prob,0.21776565918838298,0.10998625574110514,0.32306195295640316,True,0.2170677746371592,0.6228901359153264,False
power,epistemic,logistic,-2.6,1.0,22,NRC,0.26343477240849794,0.15184977248010906,0.398230615070552,True,1.030218867316762e-28,2.266481508096876e-27,True
power,epistemic,logistic,-2.6,1.0,22,decileZ(Comp),0.003676407232068756,-0.10074004496923335,0.10829374241660548,False,0.012571643593395363,0.1519601713518415,False
power,epistemic,logistic,-2.6,1.0,22,decileZ(NRC),0.6172532144563899,0.5085626419842406,0.7429121163314524,True,3.1620372520225637e-37,2.086944586334892e-35,True
power,epistemic,logistic,-2.6,1.0,22,logit-frac,0.22746196520013817,0.10264577660269321,0.3488916566015918,True,4.542424040806756e-29,1.4989999334662295e-27,True
power,epistemic,logistic,-2.6,1.0,23,Comp_prob,0.24664739767514446,0.14762444823647725,0.3473506046874665,True,0.383859064940001,0.8545209961107783,False
power,epistemic,logistic,-2.6,1.0,23,NRC,0.29405269207353985,0.1960027595763314,0.42217947525015864,True,9.242572326261171e-33,2.0333659117774577e-31,True
power,epistemic,logistic,-2.6,1.0,23,decileZ(Comp),0.16859889128725575,0.057557971821244884,0.2832933356441009,True,0.7562324935180114,0.8605404236584268,False
power,epistemic,logistic,-2.6,1.0,23,decileZ(NRC),0.6119132332765718,0.505732438179712,0.7315218903153503,True,1.5906336470313917e-38,1.0498182070407185e-36,True
power,epistemic,logistic,-2.6,1.0,23,logit-frac,0.2918459271012191,0.17546347922780034,0.4240567327012786,True,1.5027722271330963e-35,4.9591483495392175e-34,True
power,epistemic,logistic,-2.6,1.0,24,Comp_prob,0.33630294955466294,0.23720408619044517,0.44659858718153395,True,0.1313620171766802,0.7196836501432293,False
power,epistemic,logistic,-2.6,1.0,24,NRC,0.16580840224802065,0.062437421788459284,0.3009562283584549,True,1.8547393375661783e-28,4.0804265426455925e-27,True
power,epistemic,logistic,-2.6,1.0,24,decileZ(Comp),0.2475928793507453,0.14544054588747957,0.3551945853850822,True,0.515280318784896,0.9191910813060175,False
power,epistemic,logistic,-2.6,1.0,24,decileZ(NRC),0.49808225922198496,0.3963086925966312,0.6204220670342747,True,9.41552716607403e-29,3.10712396480443e-27,True
power,epistemic,logistic,-2.6,1.0,24,logit-frac,0.23378671777349802,0.12590636327542998,0.3658030611211656,True,4.2897287373726525e-29,2.8312209666659506e-27,True
power,epistemic,nonlinear,-2.6,0.2,0,Comp_prob,0.05648439499285336,-0.04404333719356084,0.16926576818226247,False,0.6894534259448843,0.8750755021608148,False
power,epistemic,nonlinear,-2.6,0.2,0,NRC,0.016186594348542256,-0.12680669932329253,0.1423618328975651,False,0.17490038608039338,0.6423991945234553,False
power,epistemic,nonlinear,-2.6,0.2,0,decileZ(Comp),0.020419970265870738,-0.08473356193386514,0.13070875342413765,False,0.6848417179116315,0.8750755021608148,False
power,epistemic,nonlinear,-2.6,0.2,0,decileZ(NRC),0.08635437912760666,-0.028353394474818328,0.2089486272707968,False,0.09719534053905224,0.6423991945234553,False
power,epistemic,nonlinear,-2.6,0.2,0,logit-frac,0.01619250570545932,-0.0986722708999808,0.13850837141161157,False,0.10002512574356878,0.6423991945234553,False
power,epistemic,nonlinear,-2.6,0.2,1,Comp_prob,0.0039022413140909424,-0.11387268840385822,0.11313682599684799,False,0.5365468391698922,0.8954357541814851,False
power,epistemic,nonlinear,-2.6,0.2,1,NRC,-0.08885765381977342,-0.21501143936735034,0.031404724536224275,False,0.638269857446053,0.8954357541814851,False
power,epistemic,nonlinear,-2.6,0.2,1,decileZ(Comp),-0.013227197236937136,-0.12594962366513257,0.09379189436005907,False,0.45865924144989445,0.8954357541814851,False
power,epistemic,nonlinear,-2.6,0.2,1,decileZ(NRC),-0.04336689617615918,-0.16145044606020406,0.06365938637516066,False,0.9863831384065204,0.9863831384065204,False
power,epistemic,nonlinear,-2.6,0.2,1,logit-frac,-0.11731712807982449,-0.24535462618590917,0.007828745228160353,False,0.8028138372004577,0.8954357541814851,False
power,epistemic,nonlinear,-2.6,0.2,2,Comp_prob,-0.018265150944966176,-0.12602539386968695,0.08612476736709108,False,0.8685660834955506,0.96262504099032,False
power,epistemic,nonlinear,-2.6,0.2,2,NRC,0.04659924535190131,-0.0729323457857948,0.15860560635390114,False,0.20471367728547207,0.6755551350420579,False
power,epistemic,nonlinear,-2.6,0.2,2,decileZ(Comp),-0.029049510173054047,-0.13661864598544862,0.08402190457092934,False,0.9188693573089418,0.96262504099032,False
power,epistemic,nonlinear,-2.6,0.2,2,decileZ(NRC),0.05603816861847558,-0.05268384162616368,0.1613870896415694,False,0.3063964994594397,0.7848816667635219,False
power,epistemic,nonlinear,-2.6,0.2,2,logit-frac,0.023198731752464622,-0.09027260615227194,0.1415067418704567,False,0.11400805153072315,0.6755551350420579,False
power,epistemic,nonlinear,-2.6,0.2,3,Comp_prob,0.09634048673155125,-0.015106669628315982,0.20797737932315963,False,0.305878570045667,0.8501158943916455,False
power,epistemic,nonlinear,-2.6,0.2,3,NRC,-0.02746191382353391,-0.1284425803371997,0.061862783096104074,False,0.978659312851087,0.9858423635165023,False
power,epistemic,nonlinear,-2.6,0.2,3,decileZ(Comp),0.06340754008648744,-0.05316087287830351,0.1777687964731042,False,0.5019150962055599,0.958531957401263,False
power,epistemic,nonlinear,-2.6,0.2,3,decileZ(NRC),0.03728897555620772,-0.07098536169929531,0.14423873824666936,False,0.5829368797276866,0.958531957401263,False
power,epistemic,nonlinear,-2.6,0.2,3,logit-frac,0.02442301489584067,-0.05148343707089843,0.1101873719479007,False,0.6382679481780511,0.958531957401263,False
power,epistemic,nonlinear,-2.6,0.2,4,Comp_prob,0.022446649712663316,-0.09048398097992746,0.13452764542419765,False,0.8857388035044165,0.9313221548765801,False
power,epistemic,nonlinear,-2.6,0.2,4,NRC,0.0364739760472769,-0.0653867021231312,0.13825006069845613,False,0.023480832087628634,0.309946983556698,False
power,epistemic,nonlinear,-2.6,0.2,4,decileZ(Comp),0.039932188956001834,-0.06362098656484366,0.1506616021427727,False,0.3880663549984221,0.6710449119408358,False
power,epistemic,nonlinear,-2.6,0.2,4,decileZ(NRC),0.0066579515032590166,-0.1013998690083474,0.11376975988004735,False,0.3787500244280988,0.6710449119408358,False
power,epistemic,nonlinear,-2.6,0.2,4,logit-frac,0.06514425490809299,-0.051131721974166426,0.17836653716062334,False,0.021253817776691313,0.309946983556698,False
power,epistemic,nonlinear,-2.6,0.2,5,Comp_prob,-0.022966103298325394,-0.13786863179682937,0.08291884284252178,False,0.41883767015127393,0.9587132444790524,False
power,epistemic,nonlinear,-2.6,0.2,5,NRC,-0.10334084420690598,-0.22774887078484396,0.010387797660501744,False,0.1727043600478647,0.5999204085873195,False
power,epistemic,nonlinear,-2.6,0.2,5,decileZ(Comp),0.02856985356012784,-0.077133281688955,0.13736057972415083,False,0.7586166597677311,0.962338436255845,False
power,epistemic,nonlinear,-2.6,0.2,5,decileZ(NRC),-0.064937725806401,-0.1752002886308118,0.05126059237924805,False,0.14078067803024674,0.5999204085873195,False
power,epistemic,nonlinear,-2.6,0.2,5,logit-frac,-0.08162987960885924,-0.20121106013612844,0.028231594547987623,False,0.16997340300833497,0.5999204085873195,False
power,epistemic,nonlinear,-2.6,0.2,6,Comp_prob,0.05066934671192846,-0.06004404254600958,0.16034936410798592,False,0.18035322101681028,0.9379413771608347,False
power,epistemic,nonlinear,-2.6,0.2,6,NRC,0.06575694872643918,-0.06819666251154194,0.20100085442978,False,0.4677239325870435,0.9379413771608347,False
power,epistemic,nonlinear,-2.6,0.2,6,decileZ(Comp),0.08176720130783831,-0.03216809256626855,0.19171557628050337,False,0.1572396807404164,0.9379413771608347,False
power,epistemic,nonlinear,-2.6,0.2,6,decileZ(NRC),0.020738018803822873,-0.09074019008477031,0.13319112556169854,False,0.5391178872924329,0.9379413771608347,False
power,epistemic,nonlinear,-2.6,0.2,6,logit-frac,0.02823196011159944,-0.07902377364687624,0.13583327333849327,False,0.6443568764308576,0.9379413771608347,False
power,epistemic,nonlinear,-2.6,0.2,7,Comp_prob,0.00784834136584874,-0.11170955150778128,0.11618023225442507,False,0.9722484404529208,0.9872061087675812,False
power,epistemic,nonlinear,-2.6,0.2,7,NRC,0.03715975292208128,-0.07134652401873096,0.15666957263497522,False,0.024689026897845842,0.525328879635623,False
power,epistemic,nonlinear,-2.6,0.2,7,decileZ(Comp),0.01585974641533963,-0.09751555382861904,0.12892118022605295,False,0.7313427362398137,0.9645249285763966,False
power,epistemic,nonlinear,-2.6,0.2,7,decileZ(NRC),0.10883348449436318,-0.00334229344061616,0.2253582526097674,False,0.05683642750735044,0.525328879635623,False
power,epistemic,nonlinear,-2.6,0.2,7,logit-frac,0.05050258045934598,-0.06171573118103453,0.16596676484401526,False,0.06471473976286564,0.525328879635623,False
power,epistemic,nonlinear,-2.6,0.2,8,Comp_prob,0.043104357389313536,-0.07319234834438947,0.1531951620710459,False,0.5577194951605557,0.8394739557003887,False
power,epistemic,nonlinear,-2.6,0.2,8,NRC,0.06721076972712581,-0.038724812388386355,0.19841254111348844,False,0.07563017900836198,0.8137180106497444,False
power,epistemic,nonlinear,-2.6,0.2,8,decileZ(Comp),0.01996995858409508,-0.09523281467617309,0.12773869175336638,False,0.8232987892245245,0.9575270826656167,False
power,epistemic,nonlinear,-2.6,0.2,8,decileZ(NRC),0.1197746358026971,0.01318964601183524,0.2315915832793978,True,0.11706936044887005,0.8137180106497444,False
power,epistemic,nonlinear,-2.6,0.2,8,logit-frac,0.03721798337143875,-0.08103913877832158,0.15294431405195366,False,0.046499888776782086,0.8137180106497444,False
power,epistemic,nonlinear,-2.6,0.2,9,Comp_prob,-0.0059085445838757454,-0.1279705628584159,0.12175554578802371,False,0.8972590161857511,0.9863001377745897,False
power,epistemic,nonlinear,-2.6,0.2,9,NRC,0.009589741304293846,-0.11688076676476553,0.14268123532241278,False,0.6008819820578937,0.9863001377745897,False
power,epistemic,nonlinear,-2.6,0.2,9,decileZ(Comp),-0.03545353555194578,-0.16414783497399735,0.08728897304761889,False,0.33212364453210774,0.9490930001474271,False
power,epistemic,nonlinear,-2.6,0.2,9,decileZ(NRC),0.013464933562654591,-0.10249831444685863,0.14180756025339328,False,0.558848301744342,0.9863001377745897,False
power,epistemic,nonlinear,-2.6,0.2,9,logit-frac,-0.020116950436491955,-0.11550255027405355,0.07011999657158687,False,0.9011103024088468,0.9863001377745897,False
power,epistemic,nonlinear,-2.6,0.2,10,Comp_prob,0.08280289100878603,-0.03575731118729131,0.19314668801886362,False,0.05102296182071258,0.43358657972840464,False
power,epistemic,nonlinear,-2.6,0.2,10,NRC,-0.04099835238586806,-0.16710213593334625,0.09228536128228441,False,0.9435572433816815,0.997252010827923,False
power,epistemic,nonlinear,-2.6,0.2,10,decileZ(Comp),0.032702383067580554,-0.07969091196227299,0.13756845229172826,False,0.032688812225613144,0.43358657972840464,False
power,epistemic,nonlinear,-2.6,0.2,10,decileZ(NRC),0.04026975051854237,-0.07026818125708266,0.16063998604802462,False,0.3742464050047819,0.992945752289259,False
power,epistemic,nonlinear,-2.6,0.2,10,logit-frac,-0.052323349035776366,-0.16079097929118455,0.06705416832664168,False,0.9851420316365903,0.997252010827923,False
power,epistemic,nonlinear,-2.6,0.2,11,Comp_prob,0.06928549108241061,-0.03747843722879901,0.17792801030934868,False,0.27089359278399017,0.7756535650945446,False
power,epistemic,nonlinear,-2.6,0.2,11,NRC,0.031244220968103406,-0.09505265304944911,0.16439565084262586,False,0.9002250330891362,0.97329169713419,False
power,epistemic,nonlinear,-2.6,0.2,11,decileZ(Comp),0.060402838183272675,-0.05013933657561986,0.17374610817333108,False,0.3796798130444907,0.7756535650945446,False
power,epistemic,nonlinear,-2.6,0.2,11,decileZ(NRC),-0.029879420260070684,-0.14137479207938067,0.09030601046292094,False,0.872936359841005,0.97329169713419,False
power,epistemic,nonlinear,-2.6,0.2,11,logit-frac,-0.022006719753013878,-0.14297886551482816,0.11526921256586248,False,0.8147806699811087,0.9602772181920208,False
power,epistemic,nonlinear,-2.6,0.2,12,Comp_prob,-0.024509313220342086,-0.1378919877674055,0.08421410244232735,False,0.9466510466183506,0.9762338918251741,False
power,epistemic,nonlinear,-2.6,0.2,12,NRC,0.04021315156287088,-0.04479290007409964,0.13227404281403418,False,0.6646897701250698,0.9649017896494371,False
power,epistemic,nonlinear,-2.6,0.2,12,decileZ(Comp),-0.02099853400832375,-0.13769289295156836,0.08713173077058588,False,0.5342767867223591,0.9649017896494371,False
power,epistemic,nonlinear,-2.6,0.2,12,decileZ(NRC),0.0010074584152885077,-0.10844528004596714,0.11675101340827546,False,0.6366670101018799,0.9649017896494371,False
power,epistemic,nonlinear,-2.6,0.2,12,logit-frac,-0.03709250712178485,-0.13453232903217047,0.048892099996894235,False,0.7522757122298946,0.9649017896494371,False
power,epistemic,nonlinear,-2.6,0.2,13,Comp_prob,0.06604385218241558,-0.04451984942050275,0.1715582147737182,False,0.1438121423049918,0.654346087271502,False
power,epistemic,nonlinear,-2.6,0.2,13,NRC,0.0454813882589813,-0.06629208036716794,0.15756221357163386,False,0.02946120117037257,0.5120578020881064,False
power,epistemic,nonlinear,-2.6,0.2,13,decileZ(Comp),0.020136262508059374,-0.08450620690460121,0.12022966367627431,False,0.3897916597751321,0.8758948581943002,False
power,epistemic,nonlinear,-2.6,0.2,13,decileZ(NRC),0.09615379432357854,-0.008459671387343434,0.20388058676110354,False,0.04157500722110478,0.5120578020881064,False
power,epistemic,nonlinear,-2.6,0.2,13,logit-frac,0.023837460565358206,-0.10618585187407965,0.15495590540334797,False,0.04045847509260456,0.5120578020881064,False
power,epistemic,nonlinear,-2.6,0.2,14,Comp_prob,0.06041099972634852,-0.04962616934113786,0.1762051059112413,False,0.2795107929783669,0.8020744494161833,False
power,epistemic,nonlinear,-2.6,0.2,14,NRC,-0.01420015649308582,-0.13423007198846335,0.10604301681522893,False,0.16759282956161736,0.7100628675536407,False
power,epistemic,nonlinear,-2.6,0.2,14,decileZ(Comp),0.04087406729541216,-0.07309651043418396,0.1579273401605184,False,0.7997235733290432,0.9917553489616627,False
power,epistemic,nonlinear,-2.6,0.2,14,decileZ(NRC),0.05310638343330555,-0.06439370201458107,0.1671017663484192,False,0.25040311207749233,0.7601103806038307,False
power,epistemic,nonlinear,-2.6,0.2,14,logit-frac,0.031935123187546675,-0.06966350961258967,0.14161865339775362,False,0.1936535093328111,0.7100628675536407,False
power,epistemic,nonlinear,-2.6,0.2,15,Comp_prob,0.00907073887288548,-0.10216898048652981,0.12328707395139267,False,0.8604332790638809,0.9551400630101884,False
power,epistemic,nonlinear,-2.6,0.2,15,NRC,0.09891126690416485,-0.007861488843741826,0.21134061014775823,False,0.008786844554870226,0.19331058020714498,False
power,epistemic,nonlinear,-2.6,0.2,15,decileZ(Comp),0.05058994340802064,-0.06087966375493954,0.16522044865790417,False,0.25121980118473375,0.7264068589724938,False
power,epistemic,nonlinear,-2.6,0.2,15,decileZ(NRC),0.10395621177913095,-0.014386257860668872,0.21225371409905547,False,0.08289353911683814,0.5980277594549624,False
power,epistemic,nonlinear,-2.6,0.2,15,logit-frac,0.10975906211941244,0.012296669920617337,0.23332732315902094,True,0.013770232637814775,0.2272088385239438,False
power,epistemic,nonlinear,-2.6,0.2,16,Comp_prob,0.12374458743657529,0.02852059498571884,0.22694890910286766,True,0.0756663215334367,0.717083230471692,False
power,epistemic,nonlinear,-2.6,0.2,16,NRC,0.029486282624150054,-0.07388410042313985,0.13178896999949244,False,0.609376913309871,0.9064937807810897,False
power,epistemic,nonlinear,-2.6,0.2,16,decileZ(Comp),0.12712719234249467,0.03358492261374183,0.23125847282782255,True,0.0760542820197249,0.717083230471692,False
power,epistemic,nonlinear,-2.6,0.2,16,decileZ(NRC),0.07091192201592518,-0.03131568692164939,0.1731823329833414,False,0.22009977224630728,0.8545049981327224,False
power,epistemic,nonlinear,-2.6,0.2,16,logit-frac,-0.03858554197839711,-0.1446854886987884,0.05206236058929205,False,0.502590079747844,0.8899993246486332,False
power,epistemic,nonlinear,-2.6,0.2,17,Comp_prob,0.019029945677214798,-0.09242811787334584,0.13309011381187186,False,0.711164080792908,0.9725823704850137,False
power,epistemic,nonlinear,-2.6,0.2,17,NRC,0.051028545714207105,-0.058725078078652064,0.1864683432245958,False,0.7867664578259987,0.9725823704850137,False
power,epistemic,nonlinear,-2.6,0.2,17,decileZ(Comp),0.05662256978696849,-0.05574858173776758,0.17185939821895338,False,0.32529489171164006,0.9725823704850137,False
power,epistemic,nonlinear,-2.6,0.2,17,decileZ(NRC),-0.0016315162820091586,-0.10607900207981528,0.12169031353041339,False,0.8713168299701527,0.9725823704850137,False
power,epistemic,nonlinear,-2.6,0.2,17,logit-frac,0.03665634868751981,-0.060795988431437985,0.13919199412448344,False,0.9151682378990271,0.9725823704850137,False
power,epistemic,nonlinear,-2.6,0.2,18,Comp_prob,0.011537543689361142,-0.10568294643250901,0.11770554205641792,False,0.6011365507413418,0.9088906102985247,False
power,epistemic,nonlinear,-2.6,0.2,18,NRC,-0.051197604726830354,-0.19378126771115348,0.06477184576238568,False,0.9974629230122355,0.9974629230122354,False
power,epistemic,nonlinear,-2.6,0.2,18,decileZ(Comp),0.016125067941572285,-0.0961091897809129,0.12249909291121644,False,0.9687499337890264,0.9865752772208654,False
power,epistemic,nonlinear,-2.6,0.2,18,decileZ(NRC),0.012611532137153145,-0.0985854531367757,0.12114104178051768,False,0.84807079572672,0.9865752772208654,False
power,epistemic,nonlinear,-2.6,0.2,18,logit-frac,-0.04389372360354616,-0.16521594959499514,0.05233634674594063,False,0.8621864017891211,0.9865752772208654,False
power,epistemic,nonlinear,-2.6,0.2,19,Comp_prob,-0.04302291390816084,-0.15699727238258085,0.0689532448501223,False,0.31401766168601086,0.880220929886426,False
power,epistemic,nonlinear,-2.6,0.2,19,NRC,-0.11070973795827072,-0.23094137456837752,-0.01595144993097695,True,0.03478232295256509,0.7335437163096712,False
power,epistemic,nonlinear,-2.6,0.2,19,decileZ(Comp),0.007611737179726673,-0.1081565999062526,0.12456916175009163,False,0.7699724583880523,0.9519249483099059,False
power,epistemic,nonlinear,-2.6,0.2,19,decileZ(NRC),-0.11359929100244404,-0.22287194817344155,0.0009500493286913708,False,0.040690388846166776,0.7335437163096712,False
power,epistemic,nonlinear,-2.6,0.2,19,logit-frac,-0.021269986305831465,-0.1446851791719576,0.09411229516995838,False,0.23103574113051284,0.880220929886426,False
power,epistemic,nonlinear,-2.6,0.2,20,Comp_prob,-0.04243350022979921,-0.15211372230026554,0.06555992483382689,False,0.37645810081072106,0.8237626642385852,False
power,epistemic,nonlinear,-2.6,0.2,20,NRC,0.027550396059892273,-0.08412892234436609,0.13445751888356317,False,0.3340302322880513,0.8237626642385852,False
power,epistemic,nonlinear,-2.6,0.2,20,decileZ(Comp),-0.061416200117723516,-0.1689094997491644,0.05015094647103195,False,0.10819052699585838,0.5950478984772211,False
power,epistemic,nonlinear,-2.6,0.2,20,decileZ(NRC),0.05460353885536825,-0.0559515911999027,0.16872628711011414,False,0.25925158779089086,0.8237626642385852,False
power,epistemic,nonlinear,-2.6,0.2,20,logit-frac,0.03196200979817926,-0.07673109606213266,0.15751410833436522,False,0.3714881275144085,0.8237626642385852,False
power,epistemic,nonlinear,-2.6,0.2,21,Comp_prob,-0.06860859888312376,-0.18024814415152204,0.04156291026866874,False,0.39848794007171473,0.9777867813487311,False
power,epistemic,nonlinear,-2.6,0.2,21,NRC,0.028522359150714147,-0.10187176808681944,0.15537094765532644,False,0.3199178991437648,0.9777867813487311,False
power,epistemic,nonlinear,-2.6,0.2,21,decileZ(Comp),-0.09763664850043736,-0.2104882946751549,0.020665410511424624,False,0.13390471157112946,0.9777867813487311,False
power,epistemic,nonlinear,-2.6,0.2,21,decileZ(NRC),0.006693177614739794,-0.11700252766433131,0.13391520194541104,False,0.31539841873863095,0.9777867813487311,False
power,epistemic,nonlinear,-2.6,0.2,21,logit-frac,0.05540062027707775,-0.04052107392140213,0.17204861591590823,False,0.36926055394006807,0.9777867813487311,False
power,epistemic,nonlinear,-2.6,0.2,22,Comp_prob,-0.05628672119224265,-0.1571346937826105,0.055263761671429705,False,0.37883035470999527,0.7347491277980648,False
power,epistemic,nonlinear,-2.6,0.2,22,NRC,-0.058087218397056564,-0.15748476656149943,0.040953656506417385,False,0.012849432368311218,0.17409603886361213,False
power,epistemic,nonlinear,-2.6,0.2,22,decileZ(Comp),-0.03999112409536577,-0.15409461879385625,0.0753486415160042,False,0.40756618860648364,0.7347491277980648,False
power,epistemic,nonlinear,-2.6,0.2,22,decileZ(NRC),-0.045855389775182755,-0.1589000196826691,0.072670363522143,False,0.1532071582547035,0.5524967394315906,False
power,epistemic,nonlinear,-2.6,0.2,22,logit-frac,-0.06075702991547002,-0.15899063357433585,0.03656669374915094,False,0.008247574085954407,0.17409603886361213,False
power,epistemic,nonlinear,-2.6,0.2,23,Comp_prob,0.018445236606762748,-0.08626314850745209,0.12861318053782445,False,0.7802952297769932,0.9178641202366274,False
power,epistemic,nonlinear,-2.6,0.2,23,NRC,0.025100836880868803,-0.0922633638077407,0.14314559482323672,False,0.4691883405267555,0.9178641202366274,False
power,epistemic,nonlinear,-2.6,0.2,23,decileZ(Comp),0.018588935130284697,-0.0861569638555929,0.12550028307859035,False,0.6456802318588986,0.9178641202366274,False
power,epistemic,nonlinear,-2.6,0.2,23,decileZ(NRC),0.0751174045688925,-0.02416231870285563,0.1850684829957454,False,0.25992057139167724,0.9178641202366274,False
power,epistemic,nonlinear,-2.6,0.2,23,logit-frac,-0.017354024078406367,-0.11677969594069743,0.08447620160362161,False,0.6395138540511827,0.9178641202366274,False
power,epistemic,nonlinear,-2.6,0.2,24,Comp_prob,0.018643366977001537,-0.09780362765099815,0.14364871898605006,False,0.9827468956090539,0.9981779765468964,False
power,epistemic,nonlinear,-2.6,0.2,24,NRC,0.06270254910479417,-0.03599013300689323,0.17238616748814065,False,0.1386591623690247,0.7815901614758087,False
power,epistemic,nonlinear,-2.6,0.2,24,decileZ(Comp),0.018911983228907452,-0.09757021632594264,0.13661845455423888,False,0.6110980641999767,0.9981779765468964,False
power,epistemic,nonlinear,-2.6,0.2,24,decileZ(NRC),0.004943255419411899,-0.11234703279400647,0.12428091684699095,False,0.6344324074457293,0.9981779765468964,False
power,epistemic,nonlinear,-2.6,0.2,24,logit-frac,0.012636719967393305,-0.09197214161654436,0.10761013411690845,False,0.09419879926628426,0.7815901614758087,False
power,epistemic,nonlinear,-2.6,0.4,0,Comp_prob,0.048232724306599056,-0.056425600311433975,0.15872216814489135,False,0.5535155709448975,0.9367186585221341,False
power,epistemic,nonlinear,-2.6,0.4,0,NRC,0.044898792586183754,-0.0811202263322038,0.17390511954870014,False,0.14777612453052552,0.8127686849178904,False
power,epistemic,nonlinear,-2.6,0.4,0,decileZ(Comp),0.007449441030621993,-0.10121174787404347,0.11238493774619997,False,0.8357597339526753,0.988533414741528,False
power,epistemic,nonlinear,-2.6,0.4,0,decileZ(NRC),0.11456676348893717,0.004459540559242261,0.23236591483323235,True,0.08534087047693313,0.779596146504044,False
power,epistemic,nonlinear,-2.6,0.4,0,logit-frac,0.037748199469396095,-0.07600881010833418,0.15601469028701925,False,0.09420738660952718,0.779596146504044,False
power,epistemic,nonlinear,-2.6,0.4,1,Comp_prob,0.006479829656110213,-0.10350467806316654,0.1196863412643824,False,0.37806684311631067,0.9922758211554713,False
power,epistemic,nonlinear,-2.6,0.4,1,NRC,-0.05284685160231214,-0.16480456065450982,0.04321673450374972,False,0.12595853677015587,0.7958319073975753,False
power,epistemic,nonlinear,-2.6,0.4,1,decileZ(Comp),-0.0072333601376044325,-0.11200258897807744,0.10176496469576554,False,0.5712755108809271,0.9922758211554713,False
power,epistemic,nonlinear,-2.6,0.4,1,decileZ(NRC),-0.024232632342457597,-0.13147431305628401,0.070616984224665,False,0.3284550104825894,0.9922758211554713,False
power,epistemic,nonlinear,-2.6,0.4,1,logit-frac,-0.08207656545473457,-0.21175718908018878,0.03491433320922596,False,0.14396655039405257,0.7958319073975753,False
power,epistemic,nonlinear,-2.6,0.4,2,Comp_prob,-0.005473295867331398,-0.11395202133782484,0.10394866338543235,False,0.8659768215470456,0.9525745037017502,False
power,epistemic,nonlinear,-2.6,0.4,2,NRC,0.05484532508793769,-0.05104394364588245,0.176353251812217,False,0.13052109468386633,0.6626455576257828,False
power,epistemic,nonlinear,-2.6,0.4,2,decileZ(Comp),-0.020142717873486485,-0.12102801152685003,0.09085158333656018,False,0.7980290330035584,0.926512406002463,False
power,epistemic,nonlinear,-2.6,0.4,2,decileZ(NRC),0.04413524740614057,-0.06025437147084457,0.1530267924939496,False,0.34717000058870806,0.692862575465635,False
power,epistemic,nonlinear,-2.6,0.4,2,logit-frac,0.04761412186679245,-0.07169814835953905,0.17560466962542828,False,0.06820708072030486,0.5740201685219813,False
power,epistemic,nonlinear,-2.6,0.4,3,Comp_prob,0.10809259889869553,-0.01008825388057628,0.2178019214836398,False,0.1679427251658352,0.7899822898943326,False
power,epistemic,nonlinear,-2.6,0.4,3,NRC,-0.0060770558247779365,-0.10312019775767113,0.08352147753473588,False,0.4203952961245042,0.9151632482412293,False
power,epistemic,nonlinear,-2.6,0.4,3,decileZ(Comp),0.07625505086394056,-0.04081681300040402,0.18732117654560737,False,0.3872914881969026,0.9151632482412293,False
power,epistemic,nonlinear,-2.6,0.4,3,decileZ(NRC),0.08533369499794521,-0.026771202060956605,0.19512976090005804,False,0.13663955603647204,0.7899822898943326,False
power,epistemic,nonlinear,-2.6,0.4,3,logit-frac,0.048098140801457995,-0.022764890758834054,0.13508255235169708,False,0.1201794933136097,0.7899822898943326,False
power,epistemic,nonlinear,-2.6,0.4,4,Comp_prob,0.04318502990710733,-0.07296214144932368,0.1617755017385205,False,0.7467192241655654,0.9252771164213941,False
power,epistemic,nonlinear,-2.6,0.4,4,NRC,0.06408215535443769,-0.031004668508033264,0.1658901401620518,False,0.002269635015338153,0.07489795550615905,False
power,epistemic,nonlinear,-2.6,0.4,4,decileZ(Comp),0.04823532712642924,-0.05434284758458641,0.16184536832647112,False,0.7694933043135795,0.9252771164213941,False
power,epistemic,nonlinear,-2.6,0.4,4,decileZ(NRC),0.050798507474205785,-0.060871753849166946,0.1619087458812405,False,0.06791359077691944,0.8410038364992443,False
power,epistemic,nonlinear,-2.6,0.4,4,logit-frac,0.09002305170150775,-0.026168571321743335,0.19482099417855978,False,0.0016445262386014698,0.07489795550615905,False
power,epistemic,nonlinear,-2.6,0.4,5,Comp_prob,-0.0008508719579252289,-0.10621618532821515,0.10206928590048955,False,0.5115437107649259,0.8403772838626798,False
power,epistemic,nonlinear,-2.6,0.4,5,NRC,-0.06720566980999203,-0.19272954013873247,0.05027603346815633,False,0.959177901282137,0.9727722261329443,False
power,epistemic,nonlinear,-2.6,0.4,5,decileZ(Comp),0.037578698374509736,-0.06977213001860293,0.1397585265227814,False,0.44238838427261573,0.8403772838626798,False
power,epistemic,nonlinear,-2.6,0.4,5,decileZ(NRC),-0.00370406042134742,-0.10879990688970935,0.11912821681997235,False,0.4950951197208864,0.8403772838626798,False
power,epistemic,nonlinear,-2.6,0.4,5,logit-frac,-0.06535311029076218,-0.1770911325942082,0.041896247287029224,False,0.86628547134972,0.9221748565980891,False
power,epistemic,nonlinear,-2.6,0.4,6,Comp_prob,0.09654883997132929,-0.019201721999715086,0.20951856169733019,False,0.1383519752736219,0.5486600393366788,False
power,epistemic,nonlinear,-2.6,0.4,6,NRC,0.15324848427280205,0.024024594760088173,0.29790195010184267,True,0.00626344108969829,0.18952405782597298,False
power,epistemic,nonlinear,-2.6,0.4,6,decileZ(Comp),0.14874169373226567,0.029378626689412494,0.27020652485076274,True,0.07086606236098883,0.4063316806703729,False
power,epistemic,nonlinear,-2.6,0.4,6,decileZ(NRC),0.06952602145763388,-0.038725248819623706,0.18779827212030428,False,0.0286257385245743,0.35723046318859186,False
power,epistemic,nonlinear,-2.6,0.4,6,logit-frac,0.10923465223619458,0.008253972756069075,0.2249409142822009,True,0.006957364040065885,0.18952405782597298,False
power,epistemic,nonlinear,-2.6,0.4,7,Comp_prob,0.021244076738310573,-0.09793736745709855,0.13029249925503542,False,0.9530150653789469,0.9969208910346286,False
power,epistemic,nonlinear,-2.6,0.4,7,NRC,0.013534639243148967,-0.09943828618885737,0.13458327114534882,False,0.030320352933633388,0.5954457089327351,False
power,epistemic,nonlinear,-2.6,0.4,7,decileZ(Comp),-0.002310598305606088,-0.11635195560782513,0.10816676165871306,False,0.546196266403693,0.9969208910346286,False
power,epistemic,nonlinear,-2.6,0.4,7,decileZ(NRC),0.1326588543350955,0.014574161927416764,0.2547057936725803,True,0.042439911420794466,0.5954457089327351,False
power,epistemic,nonlinear,-2.6,0.4,7,logit-frac,0.10027072305127313,-0.0030930439555008674,0.20863343673739215,False,0.03791561427849183,0.5954457089327351,False
power,epistemic,nonlinear,-2.6,0.4,8,Comp_prob,0.09274563714604557,-0.02318332538641147,0.19705569430221664,False,0.3543812182940893,0.8328981013439175,False
power,epistemic,nonlinear,-2.6,0.4,8,NRC,0.057687311119783084,-0.05485789578939464,0.20161398015323304,False,0.06276927735776124,0.8174542396908439,False
power,epistemic,nonlinear,-2.6,0.4,8,decileZ(Comp),0.08107604007007116,-0.030867341161900444,0.1864127376390151,False,0.6112079368478536,0.9768305888723076,False
power,epistemic,nonlinear,-2.6,0.4,8,decileZ(NRC),0.09434997967901572,-0.01625062986237505,0.21053131055225244,False,0.05159493932923385,0.8174542396908439,False
power,epistemic,nonlinear,-2.6,0.4,8,logit-frac,0.029954814321378823,-0.08635433942250298,0.1491165866158348,False,0.03542377899173588,0.8174542396908439,False
power,epistemic,nonlinear,-2.6,0.4,9,Comp_prob,0.03175666840318637,-0.08910213072444526,0.1462785743977222,False,0.8228110096745231,0.9820362016997396,False
power,epistemic,nonlinear,-2.6,0.4,9,NRC,0.005379140035811974,-0.12199453739742325,0.1447529148192998,False,0.22640444952974947,0.762948980273915,False
power,epistemic,nonlinear,-2.6,0.4,9,decileZ(Comp),-0.008997837836064601,-0.1321766167939885,0.11317651680044268,False,0.6266755741824708,0.9324919819807196,False
power,epistemic,nonlinear,-2.6,0.4,9,decileZ(NRC),0.026984696529263573,-0.09160717678819631,0.15151209252561496,False,0.20713557702164342,0.762948980273915,False
power,epistemic,nonlinear,-2.6,0.4,9,logit-frac,-0.023900818982895228,-0.12402291395134059,0.06664449088064829,False,0.3521139494072538,0.8013627814096121,False
power,epistemic,nonlinear,-2.6,0.4,10,Comp_prob,0.08733294167190825,-0.03600791473174354,0.20504532962322733,False,0.03700225228785902,0.740409134397924,False
power,epistemic,nonlinear,-2.6,0.4,10,NRC,-0.07126128678365934,-0.20400675335233098,0.06415482837873872,False,0.2890547135203966,0.9199397763587673,False
power,epistemic,nonlinear,-2.6,0.4,10,decileZ(Comp),0.02845669971233089,-0.08923170516658892,0.13178187044746006,False,0.07334717992101052,0.740409134397924,False
power,epistemic,nonlinear,-2.6,0.4,10,decileZ(NRC),0.049828435776235525,-0.06332736551295304,0.1688601126957555,False,0.17677698036582867,0.9121740364607897,False
power,epistemic,nonlinear,-2.6,0.4,10,logit-frac,-0.040804321750433435,-0.16022294807733,0.07418805954367369,False,0.34838775891723184,0.9199397763587673,False
power,epistemic,nonlinear,-2.6,0.4,11,Comp_prob,0.08581212086474996,-0.018675564039701737,0.19022718772479955,False,0.19553398524796428,0.9164547806041312,False
power,epistemic,nonlinear,-2.6,0.4,11,NRC,0.0563757200355067,-0.0720994583216065,0.1971649539676684,False,0.6284548007593534,0.9164547806041312,False
power,epistemic,nonlinear,-2.6,0.4,11,decileZ(Comp),0.05498428395775821,-0.05572635695438071,0.16793991076883127,False,0.3460568772156938,0.9164547806041312,False
power,epistemic,nonlinear,-2.6,0.4,11,decileZ(NRC),0.035734980857352834,-0.07144017949468062,0.15613764927493168,False,0.3763105583614845,0.9164547806041312,False
power,epistemic,nonlinear,-2.6,0.4,11,logit-frac,0.00852057113127169,-0.11861969653427457,0.1381381454289367,False,0.6087823420217915,0.9164547806041312,False
power,epistemic,nonlinear,-2.6,0.4,12,Comp_prob,0.004621003952000538,-0.10640519726376785,0.10981500684355995,False,0.9677504679626402,0.9990513796615796,False
power,epistemic,nonlinear,-2.6,0.4,12,NRC,0.02722209088453704,-0.052498160308994436,0.1196174778441003,False,0.45553369414670997,0.9204663315930006,False
power,epistemic,nonlinear,-2.6,0.4,12,decileZ(Comp),-0.0012680909148068342,-0.11425061503599825,0.11026371392927253,False,0.5412051911881348,0.9204663315930006,False
power,epistemic,nonlinear,-2.6,0.4,12,decileZ(NRC),0.04203317091423437,-0.06098289925241171,0.14849302363046712,False,0.4809705631136524,0.9204663315930006,False
power,epistemic,nonlinear,-2.6,0.4,12,logit-frac,-0.07690815597026131,-0.20062900681238796,0.024601114608083584,False,0.44025167912460883,0.9204663315930006,False
power,epistemic,nonlinear,-2.6,0.4,13,Comp_prob,0.06718822847213979,-0.039649504408688446,0.17029127546437134,False,0.0823745840789246,0.8421244284506308,False
power,epistemic,nonlinear,-2.6,0.4,13,NRC,0.030488716836051005,-0.08527884718103435,0.14487924083035908,False,0.13408898521093915,0.8421244284506308,False
power,epistemic,nonlinear,-2.6,0.4,13,decileZ(Comp),0.01889539965478455,-0.0835780069556987,0.11965123101000229,False,0.2666202483705483,0.9261545469713784,False
power,epistemic,nonlinear,-2.6,0.4,13,decileZ(NRC),0.09169098427042395,-0.01709558851601973,0.19292009964315365,False,0.08400528650927101,0.8421244284506308,False
power,epistemic,nonlinear,-2.6,0.4,13,logit-frac,0.05478753087849685,-0.06683296702334043,0.1793741328588658,False,0.12693897459128722,0.8421244284506308,False
power,epistemic,nonlinear,-2.6,0.4,14,Comp_prob,0.041128568718965954,-0.07071099660413767,0.15458590164688044,False,0.7555176947844756,0.9371434823387326,False
power,epistemic,nonlinear,-2.6,0.4,14,NRC,0.06133705019397744,-0.07079172686447514,0.18918718544499633,False,0.01018132619995369,0.3359837645984718,False
power,epistemic,nonlinear,-2.6,0.4,14,decileZ(Comp),0.011374049834884629,-0.09751166043079776,0.12412964381276054,False,0.655950231346339,0.9296020541494977,False
power,epistemic,nonlinear,-2.6,0.4,14,decileZ(NRC),0.10282987683071931,-0.012221571393070774,0.21680670569248686,False,0.030022017983914143,0.49536329673458335,False
power,epistemic,nonlinear,-2.6,0.4,14,logit-frac,0.09207354267784555,-0.015606708601447049,0.20631212192573747,False,0.009430105768534336,0.3359837645984718,False
power,epistemic,nonlinear,-2.6,0.4,15,Comp_prob,0.033601355835841194,-0.08302708051725917,0.1573859643242302,False,0.951517364524575,0.9842682707609028,False
power,epistemic,nonlinear,-2.6,0.4,15,NRC,0.0894426083330925,-0.03661489337649059,0.22056952975697303,False,0.001336021261619213,0.07094799481516889,False
power,epistemic,nonlinear,-2.6,0.4,15,decileZ(Comp),0.057954266488939345,-0.05081772000998558,0.1775249284333725,False,0.3612628262539124,0.8483904705487,False
power,epistemic,nonlinear,-2.6,0.4,15,decileZ(NRC),0.13779767175713553,0.01884309929655076,0.24942156080587685,True,0.025759836117894216,0.3400298367562037,False
power,epistemic,nonlinear,-2.6,0.4,15,logit-frac,0.09259646735482899,-0.006773203765120953,0.21245437688202604,False,0.0021499392368232997,0.07094799481516889,False
power,epistemic,nonlinear,-2.6,0.4,16,Comp_prob,0.11301343298315296,0.014612611026674384,0.21661425818603758,True,0.12858087744163926,0.8337601724313977,False
power,epistemic,nonlinear,-2.6,0.4,16,NRC,0.03712229629411156,-0.06403998113306858,0.13444888837940808,False,0.21955270932554483,0.8337601724313977,False
power,epistemic,nonlinear,-2.6,0.4,16,decileZ(Comp),0.10217465887430657,0.005709195472016298,0.2082589033231165,True,0.3108647811808767,0.8337601724313977,False
power,epistemic,nonlinear,-2.6,0.4,16,decileZ(NRC),0.11113458222525589,0.006021318106924586,0.2240290342259543,True,0.046617816919952454,0.8337601724313977,False
power,epistemic,nonlinear,-2.6,0.4,16,logit-frac,-0.001541833978209919,-0.10901986067344949,0.09815755981600782,False,0.16566350161192978,0.8337601724313977,False
power,epistemic,nonlinear,-2.6,0.4,17,Comp_prob,0.053481638471419235,-0.05622769669305868,0.16564953508402186,False,0.4793397439814563,0.9333841421287945,False
power,epistemic,nonlinear,-2.6,0.4,17,NRC,0.12146945712586708,0.017094781576954196,0.2698887873117687,True,0.1589569077234908,0.9333841421287945,False
power,epistemic,nonlinear,-2.6,0.4,17,decileZ(Comp),0.07979055599538493,-0.030433416222378794,0.19046142226070537,False,0.20116480661468328,0.9333841421287945,False
power,epistemic,nonlinear,-2.6,0.4,17,decileZ(NRC),0.07521952573761802,-0.03625290653965564,0.19413022458770882,False,0.1732893032433045,0.9333841421287945,False
power,epistemic,nonlinear,-2.6,0.4,17,logit-frac,0.10932311452229293,0.020058048533640307,0.21373649326977628,True,0.0991428327441915,0.9333841421287945,False
power,epistemic,nonlinear,-2.6,0.4,18,Comp_prob,-0.005722473326379648,-0.12051543881378382,0.09774440163515566,False,0.954138450214259,0.9688175032944784,False
power,epistemic,nonlinear,-2.6,0.4,18,NRC,-0.005844246588397384,-0.12227738671171104,0.1000074795483306,False,0.5513569489145198,0.9473734381654825,False
power,epistemic,nonlinear,-2.6,0.4,18,decileZ(Comp),-0.01098669201576118,-0.11914576225611555,0.09252654783617983,False,0.6376019942219481,0.9473734381654825,False
power,epistemic,nonlinear,-2.6,0.4,18,decileZ(NRC),0.042014712941256936,-0.06832416641416668,0.14503664979317263,False,0.5783325337322494,0.9473734381654825,False
power,epistemic,nonlinear,-2.6,0.4,18,logit-frac,-0.008449279386935075,-0.11523012515646319,0.0834825336009499,False,0.6739770451871627,0.9473734381654825,False
power,epistemic,nonlinear,-2.6,0.4,19,Comp_prob,-0.008444054139461588,-0.12836701345788062,0.10053440408033662,False,0.578647512930094,0.8157807345963192,False
power,epistemic,nonlinear,-2.6,0.4,19,NRC,-0.08407304689056054,-0.21285767245466863,0.007692124030892079,False,0.21548467717500464,0.6602862551873351,False
power,epistemic,nonlinear,-2.6,0.4,19,decileZ(Comp),0.01545558987044911,-0.10098924543305035,0.12640172296739016,False,0.842741413517749,0.9758058472310779,False
power,epistemic,nonlinear,-2.6,0.4,19,decileZ(NRC),-0.023400026598266836,-0.13671594012806793,0.08788310850509438,False,0.3256561554131273,0.7571358372611696,False
power,epistemic,nonlinear,-2.6,0.4,19,logit-frac,-0.039751581157603855,-0.1668337577754124,0.07889220775770386,False,0.5809347655458637,0.8157807345963192,False
power,epistemic,nonlinear,-2.6,0.4,20,Comp_prob,-0.05905515190018675,-0.17741929656192512,0.05276838556851489,False,0.2625269801771326,0.8592346447624882,False
power,epistemic,nonlinear,-2.6,0.4,20,NRC,0.012157524430256385,-0.09174063189916394,0.12066137064412263,False,0.746101651869866,0.9839532703758844,False
power,epistemic,nonlinear,-2.6,0.4,20,decileZ(Comp),-0.08609745662545432,-0.198005841093671,0.02330645946564193,False,0.06118575151455475,0.6858555341028628,False
power,epistemic,nonlinear,-2.6,0.4,20,decileZ(NRC),0.0673955947022595,-0.05063206206586214,0.18403675651589416,False,0.29420108134070966,0.882603244022129,False
power,epistemic,nonlinear,-2.6,0.4,20,logit-frac,-0.007332369626511651,-0.11877158497564924,0.10104578754583898,False,0.7345584676746619,0.9839532703758844,False
power,epistemic,nonlinear,-2.6,0.4,21,Comp_prob,-0.04325152862160314,-0.15122851261984585,0.0698255170203485,False,0.7605256478391773,0.9542065553578918,False
power,epistemic,nonlinear,-2.6,0.4,21,NRC,0.05449508775404554,-0.06868266856859291,0.1724421230919596,False,0.047841360797675696,0.554224416242862,False
power,epistemic,nonlinear,-2.6,0.4,21,decileZ(Comp),-0.08765998988518918,-0.2010280762337779,0.02079031527820911,False,0.11506678381964547,0.63286731100805,False
power,epistemic,nonlinear,-2.6,0.4,21,decileZ(NRC),0.09782914733330902,-0.02272079876393831,0.21839145677597208,False,0.0454408828582014,0.554224416242862,False
power,epistemic,nonlinear,-2.6,0.4,21,logit-frac,0.06503366273425534,-0.040364352020777414,0.17341751804353223,False,0.05475543145321742,0.554224416242862,False
power,epistemic,nonlinear,-2.6,0.4,22,Comp_prob,-0.04162016422575829,-0.13802835517181364,0.07400683861637816,False,0.48844049219756225,0.8727035476171889,False
power,epistemic,nonlinear,-2.6,0.4,22,NRC,-0.035639550485140004,-0.13664144199427797,0.05825942103830974,False,0.4988368799713404,0.8727035476171889,False
power,epistemic,nonlinear,-2.6,0.4,22,decileZ(Comp),-0.040805746228670316,-0.15386490311691703,0.07614603445403433,False,0.2598002770603033,0.8727035476171889,False
power,epistemic,nonlinear,-2.6,0.4,22,decileZ(NRC),-0.02712973493158581,-0.14207400185829286,0.08782734401991882,False,0.6101201411883177,0.8847493659682764,False
power,epistemic,nonlinear,-2.6,0.4,22,logit-frac,0.01274322249822869,-0.09446059912275777,0.1160159158169256,False,0.5214170228399277,0.8727035476171889,False
power,epistemic,nonlinear,-2.6,0.4,23,Comp_prob,0.006190081990658278,-0.1043979212610924,0.11801326888549754,False,0.9859971080035378,0.9931166104283151,False
power,epistemic,nonlinear,-2.6,0.4,23,NRC,0.03047989447719984,-0.0875197135979551,0.16000166886448267,False,0.45032728190695914,0.9896349865570733,False
power,epistemic,nonlinear,-2.6,0.4,23,decileZ(Comp),0.003259562720556445,-0.10523311921960074,0.11669887758597934,False,0.845316761082462,0.9931166104283151,False
power,epistemic,nonlinear,-2.6,0.4,23,decileZ(NRC),0.07699478031556878,-0.023119718646519825,0.18386503292676262,False,0.2364475937994751,0.9896349865570733,False
power,epistemic,nonlinear,-2.6,0.4,23,logit-frac,-0.02739677442009235,-0.13511981970889783,0.07745136685423606,False,0.40050005339276296,0.9896349865570733,False
power,epistemic,nonlinear,-2.6,0.4,24,Comp_prob,0.1001485326694935,-0.010277760044982799,0.22410012752809969,False,0.3125136758412339,0.6250273516824678,False
power,epistemic,nonlinear,-2.6,0.4,24,NRC,0.06704519031999176,-0.03284626773256023,0.17403690546501147,False,0.003598727188106068,0.11875799720750024,False
power,epistemic,nonlinear,-2.6,0.4,24,decileZ(Comp),0.08775604522771718,-0.02897997161836887,0.20460397337526157,False,0.451187912353482,0.7503411241054023,False
power,epistemic,nonlinear,-2.6,0.4,24,decileZ(NRC),0.06077828174297515,-0.05535264030130304,0.177708743913349,False,0.0656642526253153,0.35158405747468746,False
power,epistemic,nonlinear,-2.6,0.4,24,logit-frac,0.07510974534086019,-0.02337491032294133,0.17801788945552013,False,0.00034601744277229507,0.022837151222971475,False
power,epistemic,nonlinear,-2.6,0.6,0,Comp_prob,0.12492913370849022,0.016154267501657136,0.2344530533625489,True,0.20477858727488574,0.8988939841641375,False
power,epistemic,nonlinear,-2.6,0.6,0,NRC,0.0588298914984519,-0.07475317398806137,0.19083679437329498,False,0.00011452555066620357,0.0025195621146564787,False
power,epistemic,nonlinear,-2.6,0.6,0,decileZ(Comp),0.06330597030921668,-0.054466982850564394,0.17275872477954307,False,0.6272310927414875,0.9810222013125822,False
power,epistemic,nonlinear,-2.6,0.6,0,decileZ(NRC),0.20283438677286966,0.08094275043367212,0.31674442219422144,True,2.076048262914744e-05,0.0006850959267618655,True
power,epistemic,nonlinear,-2.6,0.6,0,logit-frac,0.08710056237577214,-0.02721286422707364,0.209402438644574,False,1.8101129640845807e-05,0.0006850959267618655,False
power,epistemic,nonlinear,-2.6,0.6,1,Comp_prob,0.0525619295728134,-0.051586245238801606,0.1700273957355657,False,0.8846251849438304,0.9730877034382134,False
power,epistemic,nonlinear,-2.6,0.6,1,NRC,0.007749244357986403,-0.11766472762555324,0.12403577016960741,False,0.12339281784759419,0.8602990270077434,False
power,epistemic,nonlinear,-2.6,0.6,1,decileZ(Comp),0.05857697516408661,-0.04036585311787503,0.16679273672563444,False,0.8651140523645057,0.9730877034382134,False
power,epistemic,nonlinear,-2.6,0.6,1,decileZ(NRC),-0.001254097435424391,-0.10719588706661327,0.10387410745254609,False,0.30486163897151086,0.8602990270077434,False
power,epistemic,nonlinear,-2.6,0.6,1,logit-frac,-0.028349758368121133,-0.15265340503076386,0.09515551727786126,False,0.14100954837082538,0.8602990270077434,False
power,epistemic,nonlinear,-2.6,0.6,2,Comp_prob,0.004667382760997727,-0.1027443539962273,0.11589483858924965,False,0.67771678157846,0.9406917711842706,False
power,epistemic,nonlinear,-2.6,0.6,2,NRC,0.03506649085358367,-0.06082377301463991,0.14248316553069912,False,0.04260925935777527,0.6487149749240834,False
power,epistemic,nonlinear,-2.6,0.6,2,decileZ(Comp),-0.01940233650891908,-0.12757121095050833,0.09218230116567877,False,0.7485000744853203,0.9406917711842706,False
power,epistemic,nonlinear,-2.6,0.6,2,decileZ(NRC),0.09117924887775589,-0.01047122137343438,0.20416061468489177,False,0.0491450738578851,0.6487149749240834,False
power,epistemic,nonlinear,-2.6,0.6,2,logit-frac,0.014495508217192471,-0.09016446671080226,0.12821291451478206,False,0.03693843354600744,0.6487149749240834,False
power,epistemic,nonlinear,-2.6,0.6,3,Comp_prob,0.1265755537887485,0.01900275951988072,0.23518304695466052,True,0.17862645570024593,0.6209306451857417,False
power,epistemic,nonlinear,-2.6,0.6,3,NRC,0.035427153737381104,-0.06128081427540083,0.12565301293470874,False,0.17958688776762977,0.6209306451857417,False
power,epistemic,nonlinear,-2.6,0.6,3,decileZ(Comp),0.08172218327664578,-0.031927751196067194,0.19432090383467635,False,0.4889324047291087,0.9405271038653501,False
power,epistemic,nonlinear,-2.6,0.6,3,decileZ(NRC),0.1378951145418389,0.028292591284513953,0.24603322555611776,True,0.03773442278426275,0.4951128927303984,False
power,epistemic,nonlinear,-2.6,0.6,3,logit-frac,0.06753470410879077,-0.002908774113555287,0.16505592946362785,False,0.04743188389201459,0.4951128927303984,False
power,epistemic,nonlinear,-2.6,0.6,4,Comp_prob,0.04648140222842236,-0.06470543814363228,0.15162133593720314,False,0.864744343293185,0.9995207895205785,False
power,epistemic,nonlinear,-2.6,0.6,4,NRC,0.035773902006046875,-0.06180433185813723,0.1405208620534478,False,0.040570901030580274,0.7811085162907568,False
power,epistemic,nonlinear,-2.6,0.6,4,decileZ(Comp),0.04278334368487917,-0.0629591824106769,0.1515987909427746,False,0.4350695729992091,0.9995207895205785,False
power,epistemic,nonlinear,-2.6,0.6,4,decileZ(NRC),0.032918077720160026,-0.06913936711087779,0.13519708270895262,False,0.11226238368448105,0.8326992317963176,False
power,epistemic,nonlinear,-2.6,0.6,4,logit-frac,0.04837314820423916,-0.05379041533971739,0.149567263403982,False,0.0301626245790282,0.7811085162907568,False
power,epistemic,nonlinear,-2.6,0.6,5,Comp_prob,0.02114021370640359,-0.08455470985367149,0.13231108365211963,False,0.6247883959733489,0.9027956289370035,False
power,epistemic,nonlinear,-2.6,0.6,5,NRC,-0.04929655833152979,-0.15272839930198845,0.06384344973347654,False,0.6292211959257903,0.9027956289370035,False
power,epistemic,nonlinear,-2.6,0.6,5,decileZ(Comp),0.062031822792169344,-0.04250217302080385,0.17027921987479983,False,0.507520104423378,0.8795811171463297,False
power,epistemic,nonlinear,-2.6,0.6,5,decileZ(NRC),0.0068058311059640796,-0.09397731504498792,0.12303581707645023,False,0.9651068653831986,0.9778330373291835,False
power,epistemic,nonlinear,-2.6,0.6,5,logit-frac,-0.05813374376647399,-0.17400983340508222,0.055188179282947156,False,0.7965710345492136,0.9360717859407173,False
power,epistemic,nonlinear,-2.6,0.6,6,Comp_prob,0.09884619971779234,-0.020550878516763155,0.21389890603198072,False,0.0774907090426451,0.5114386796814576,False
power,epistemic,nonlinear,-2.6,0.6,6,NRC,0.0919112740494507,-0.0354547436196077,0.2397774484937986,False,0.053752832134431786,0.4614592807063336,False
power,epistemic,nonlinear,-2.6,0.6,6,decileZ(Comp),0.14582222875258266,0.028784449203010976,0.26565907489304985,True,0.022244637215137482,0.36703651404976845,False
power,epistemic,nonlinear,-2.6,0.6,6,decileZ(NRC),0.02841029831945385,-0.08547314889990214,0.14508305885894082,False,0.17286814393326777,0.7071089142415894,False
power,epistemic,nonlinear,-2.6,0.6,6,logit-frac,0.05433865341202144,-0.048242247757553335,0.17468496164658912,False,0.0549210764362117,0.4614592807063336,False
power,epistemic,nonlinear,-2.6,0.6,7,Comp_prob,0.011287683522562873,-0.10206563058362735,0.11915455354843545,False,0.8632658038458332,0.9546129213513048,False
power,epistemic,nonlinear,-2.6,0.6,7,NRC,0.08895175299496468,-0.008763416674240562,0.21303546966112097,False,0.007495884953305665,0.3986907397910336,False
power,epistemic,nonlinear,-2.6,0.6,7,decileZ(Comp),0.011642209805706107,-0.10048666326386728,0.11762213013532234,False,0.8383304571851011,0.9546129213513048,False
power,epistemic,nonlinear,-2.6,0.6,7,decileZ(NRC),0.1282899007029144,0.019284130325158782,0.24116917805676252,True,0.023451641892983644,0.3986907397910336,False
power,epistemic,nonlinear,-2.6,0.6,7,logit-frac,0.01762453882268933,-0.09295133109721818,0.12285009771051963,False,0.020483219631828132,0.3986907397910336,False
power,epistemic,nonlinear,-2.6,0.6,8,Comp_prob,0.06428042360619866,-0.04586004025346142,0.17160360286769744,False,0.7444654216121869,0.9830925949047552,False
power,epistemic,nonlinear,-2.6,0.6,8,NRC,0.06933879255465425,-0.030122929553921072,0.20078408257776817,False,0.008752727899901154,0.1925600137978254,False
power,epistemic,nonlinear,-2.6,0.6,8,decileZ(Comp),0.0034439555101481757,-0.10349845532365888,0.1210446973825657,False,0.7056844753992197,0.9830925949047552,False
power,epistemic,nonlinear,-2.6,0.6,8,decileZ(NRC),0.15276523229895764,0.05079276335076373,0.2653659095725317,True,0.0019437849433996603,0.12507759021709883,False
power,epistemic,nonlinear,-2.6,0.6,8,logit-frac,0.05626857038010631,-0.04835776153051197,0.1699080459756232,False,0.003790230006578752,0.12507759021709883,False
power,epistemic,nonlinear,-2.6,0.6,9,Comp_prob,-0.008412584290385685,-0.1333379972806264,0.1112579822639739,False,0.4980310469619622,0.961428455559831,False
power,epistemic,nonlinear,-2.6,0.6,9,NRC,-0.031569842426367914,-0.16575708254847135,0.08925172371294872,False,0.24059340928456385,0.961428455559831,False
power,epistemic,nonlinear,-2.6,0.6,9,decileZ(Comp),-0.0594586148623191,-0.187583197244958,0.06026411273772404,False,0.045295249621946,0.8986299312170584,False
power,epistemic,nonlinear,-2.6,0.6,9,decileZ(NRC),0.059474124102223955,-0.05505386786349112,0.1868053620128547,False,0.235152665750187,0.961428455559831,False
power,epistemic,nonlinear,-2.6,0.6,9,logit-frac,-0.021517059811108165,-0.12053328476546304,0.07342356584062533,False,0.2899975508413868,0.961428455559831,False
power,epistemic,nonlinear,-2.6,0.6,10,Comp_prob,0.11757396123087265,0.006296336961906172,0.23740427279260354,True,0.2153218499252615,0.7247896981210512,False
power,epistemic,nonlinear,-2.6,0.6,10,NRC,0.006379635138018027,-0.12237762949357336,0.1453265368791927,False,0.04605563247666489,0.5066119572433138,False
power,epistemic,nonlinear,-2.6,0.6,10,decileZ(Comp),0.031244371304002393,-0.08003163830501447,0.14419667403582068,False,0.36973089388846714,0.78230349707484,False
power,epistemic,nonlinear,-2.6,0.6,10,decileZ(NRC),0.10936835578133439,0.00035708950805539956,0.22840207009377964,True,0.014433003047234882,0.40001898524427193,False
power,epistemic,nonlinear,-2.6,0.6,10,logit-frac,-0.007195136565156799,-0.1131496340688685,0.12078328101138289,False,0.03999471816721261,0.5066119572433138,False
power,epistemic,nonlinear,-2.6,0.6,11,Comp_prob,0.07668658806796315,-0.03386730798199011,0.18609809048607423,False,0.332827223395626,0.9454810993545919,False
power,epistemic,nonlinear,-2.6,0.6,11,NRC,0.06073758253159226,-0.07083761482054382,0.19730204320038233,False,0.06668915470840996,0.7685448944555542,False
power,epistemic,nonlinear,-2.6,0.6,11,decileZ(Comp),0.027677008153994556,-0.09272301808008165,0.14241414791484014,False,0.48226531786974947,0.9454810993545919,False
power,epistemic,nonlinear,-2.6,0.6,11,decileZ(NRC),0.07161662353164888,-0.041852865935485116,0.190817782958013,False,0.06826813515609795,0.7685448944555542,False
power,epistemic,nonlinear,-2.6,0.6,11,logit-frac,0.04952197678724676,-0.07540965313777974,0.17563763980430194,False,0.08151233729074059,0.7685448944555542,False
power,epistemic,nonlinear,-2.6,0.6,12,Comp_prob,0.0233975238233152,-0.09245669812775885,0.13734959656696258,False,0.5496408132665006,0.8360958313984508,False
power,epistemic,nonlinear,-2.6,0.6,12,NRC,0.053912159497963276,-0.03162840821075164,0.15435426716698392,False,0.025650848294831753,0.4906933556929224,False
power,epistemic,nonlinear,-2.6,0.6,12,decileZ(Comp),0.009616729353219361,-0.10460693822475332,0.12349970585530272,False,0.6679954956678522,0.8823064122650611,False
power,epistemic,nonlinear,-2.6,0.6,12,decileZ(NRC),0.11432706923840819,0.00030272614711319745,0.2289623865233633,True,0.029756035994149107,0.4906933556929224,False
power,epistemic,nonlinear,-2.6,0.6,12,logit-frac,-0.019584371711674653,-0.12314578470401531,0.07244310188216183,False,0.017364618887821176,0.4906933556929224,False
power,epistemic,nonlinear,-2.6,0.6,13,Comp_prob,0.08760251225774877,-0.025119150092308536,0.20001712578086864,False,0.17164572004581813,0.741493765166026,False
power,epistemic,nonlinear,-2.6,0.6,13,NRC,0.0027159214710008573,-0.11739550870863662,0.1024781842443346,False,0.0008478303088861393,0.018652266795495063,False
power,epistemic,nonlinear,-2.6,0.6,13,decileZ(Comp),0.024938690476489007,-0.08104238915387145,0.13033752514891725,False,0.3597811853694829,0.8480556512280668,False
power,epistemic,nonlinear,-2.6,0.6,13,decileZ(NRC),0.1324517775648096,0.024625247005408323,0.24108452536903016,True,0.0006529461825580257,0.018652266795495063,True
power,epistemic,nonlinear,-2.6,0.6,13,logit-frac,0.02576677423250229,-0.1079404629406018,0.15194727264795074,False,0.0002575260927518482,0.016996722121621982,False
power,epistemic,nonlinear,-2.6,0.6,14,Comp_prob,0.07922890701930524,-0.03476188614936515,0.1874978509805738,False,0.5001204686086883,0.8677544385310986,False
power,epistemic,nonlinear,-2.6,0.6,14,NRC,-0.006979232046867893,-0.14613150829942984,0.13269512429774358,False,0.02730007211518886,0.5686684475871152,False
power,epistemic,nonlinear,-2.6,0.6,14,decileZ(Comp),0.061606150105516115,-0.05436655185161176,0.17417122807006474,False,0.9661264447311564,0.9977952055192945,False
power,epistemic,nonlinear,-2.6,0.6,14,decileZ(NRC),0.07634032814394345,-0.03778700526260497,0.20032137654468585,False,0.03240150022060233,0.5686684475871152,False
power,epistemic,nonlinear,-2.6,0.6,14,logit-frac,0.02412078501665803,-0.08889856345415151,0.13560906256680447,False,0.023432901507731807,0.5686684475871152,False
power,epistemic,nonlinear,-2.6,0.6,15,Comp_prob,0.11515528775996915,-0.0011964101600424697,0.23073129236313897,False,0.22529014512306966,0.906536941074374,False
power,epistemic,nonlinear,-2.6,0.6,15,NRC,0.08948423635970085,-0.026683529102990326,0.2070048238970916,False,0.0007568933968460647,0.04529743476093155,False
power,epistemic,nonlinear,-2.6,0.6,15,decileZ(Comp),0.13296317186314174,0.018941973574306093,0.25045640136353187,True,0.04430984872744088,0.4177785737158711,False
power,epistemic,nonlinear,-2.6,0.6,15,decileZ(NRC),0.10981680534400966,-0.005386652404427906,0.2161647086471735,False,0.012084176734120225,0.1993889161129837,False
power,epistemic,nonlinear,-2.6,0.6,15,logit-frac,0.08419386245313731,-0.012688337261224175,0.19760984834998832,False,0.001372649538210047,0.04529743476093155,False
power,epistemic,nonlinear,-2.6,0.6,16,Comp_prob,0.12300777726081209,0.027930084424525548,0.23024765278782483,True,0.12580697270063448,0.5751498928863668,False
power,epistemic,nonlinear,-2.6,0.6,16,NRC,0.08402295805270227,-0.015122200007500385,0.19820535468275943,False,0.009814188523344402,0.21591214751357687,False
power,epistemic,nonlinear,-2.6,0.6,16,decileZ(Comp),0.09390792178448307,0.0013427022985544284,0.20226606102733857,True,0.2299395811620607,0.590618590498523,False
power,epistemic,nonlinear,-2.6,0.6,16,decileZ(NRC),0.1824715817182198,0.07874017268556169,0.28314368277507024,True,0.0010216042190256888,0.06742587845569546,False
power,epistemic,nonlinear,-2.6,0.6,16,logit-frac,0.011917973414712738,-0.09456464749999935,0.11810607040898873,False,0.005972854721829434,0.19710420582037133,False
power,epistemic,nonlinear,-2.6,0.6,17,Comp_prob,0.05497212482043079,-0.05740280834112649,0.1752072484321608,False,0.45619269604210055,0.8698364895397013,False
power,epistemic,nonlinear,-2.6,0.6,17,NRC,0.08919439590521605,-0.020517501263013473,0.2515016343378636,False,0.05201252936231641,0.8698364895397013,False
power,epistemic,nonlinear,-2.6,0.6,17,decileZ(Comp),0.07718179813730218,-0.039058058981279065,0.20067917581783834,False,0.13681573422894247,0.8698364895397013,False
power,epistemic,nonlinear,-2.6,0.6,17,decileZ(NRC),0.0628788845606765,-0.047482452443683314,0.18557810861760365,False,0.1037531485803966,0.8698364895397013,False
power,epistemic,nonlinear,-2.6,0.6,17,logit-frac,0.0859821780144002,-0.012465034054836864,0.19565206539413504,False,0.037158840841852885,0.8698364895397013,False
power,epistemic,nonlinear,-2.6,0.6,18,Comp_prob,0.04487455144664161,-0.05274431838401619,0.1539920843842373,False,0.48834214171982326,0.9604149042887814,False
power,epistemic,nonlinear,-2.6,0.6,18,NRC,-0.03830638679051676,-0.15514100683466842,0.09087158627091847,False,0.3710723802590702,0.8746706106106654,False
power,epistemic,nonlinear,-2.6,0.6,18,decileZ(Comp),0.03861804543135693,-0.06053804547100519,0.14664865407627722,False,0.9358028512639938,0.9732943868168725,False
power,epistemic,nonlinear,-2.6,0.6,18,decileZ(NRC),0.04112704570579714,-0.06939753758818344,0.1586045995864627,False,0.3398787226763693,0.8746706106106654,False
power,epistemic,nonlinear,-2.6,0.6,18,logit-frac,-0.01618597275557916,-0.12442896228733064,0.08662284628724705,False,0.367953524116748,0.8746706106106654,False
power,epistemic,nonlinear,-2.6,0.6,19,Comp_prob,0.05056945553102286,-0.060777614850743594,0.1605369786784247,False,0.9707490111363118,0.9707490111363117,False
power,epistemic,nonlinear,-2.6,0.6,19,NRC,-0.06794233442746059,-0.18867981473959294,0.02231774694942101,False,0.8204263662077897,0.9177650876222733,False
power,epistemic,nonlinear,-2.6,0.6,19,decileZ(Comp),0.05636179292781497,-0.05555140390035875,0.17319182230396177,False,0.6121971843186776,0.9177650876222733,False
power,epistemic,nonlinear,-2.6,0.6,19,decileZ(NRC),0.02278763638583113,-0.08487191799641693,0.1336036227058958,False,0.7765589551575736,0.9177650876222733,False
power,epistemic,nonlinear,-2.6,0.6,19,logit-frac,-0.031297882763436306,-0.15018255124416424,0.08072809197227077,False,0.4119107700995719,0.9177650876222733,False
power,epistemic,nonlinear,-2.6,0.6,20,Comp_prob,-0.05676772011630861,-0.17015649876440175,0.05205126249114017,False,0.2675658490826095,0.784320322239808,False
power,epistemic,nonlinear,-2.6,0.6,20,NRC,0.07518472996119292,-0.028927543759062604,0.17839759867345514,False,0.04226012906509084,0.40537479433525475,False
power,epistemic,nonlinear,-2.6,0.6,20,decileZ(Comp),-0.0858993928469421,-0.19754086641906132,0.029757193652760583,False,0.07512589166611662,0.550923205551522,False
power,epistemic,nonlinear,-2.6,0.6,20,decileZ(NRC),0.12505519225468165,0.01960063719442002,0.2375653336322731,True,0.03494183675374745,0.40537479433525475,False
power,epistemic,nonlinear,-2.6,0.6,20,logit-frac,0.042317186006590256,-0.0845462863831738,0.1457701195541231,False,0.027982793594655508,0.40537479433525475,False
power,epistemic,nonlinear,-2.6,0.6,21,Comp_prob,-0.013352115554197594,-0.11729901381202548,0.09547047369364337,False,0.6734784469389348,0.9974009716158387,False
power,epistemic,nonlinear,-2.6,0.6,21,NRC,0.09940480910529594,-0.02661983808855057,0.23735865340092147,False,0.0018680953190313677,0.06164714552803514,False
power,epistemic,nonlinear,-2.6,0.6,21,decileZ(Comp),-0.08072790560186136,-0.1901669211838776,0.027741589005106378,False,0.4540169839775632,0.9364100294537241,False
power,epistemic,nonlinear,-2.6,0.6,21,decileZ(NRC),0.13539558336675278,0.015600388555145013,0.25600537804228046,True,0.0018058959880591467,0.06164714552803514,False
power,epistemic,nonlinear,-2.6,0.6,21,logit-frac,0.13298586126282352,0.023232945458443698,0.2548928348197907,True,0.005194677897735414,0.11428291375017911,False
power,epistemic,nonlinear,-2.6,0.6,22,Comp_prob,-0.03834031763678665,-0.14038322465390315,0.07413992029803053,False,0.588221812164402,0.9248284031216125,False
power,epistemic,nonlinear,-2.6,0.6,22,NRC,-0.032767823062183815,-0.13742794479736017,0.06963523785108003,False,0.528373559625638,0.9248284031216125,False
power,epistemic,nonlinear,-2.6,0.6,22,decileZ(Comp),-0.05832500814412555,-0.17020337320992227,0.062077706081655054,False,0.18806690799837777,0.9248284031216125,False
power,epistemic,nonlinear,-2.6,0.6,22,decileZ(NRC),0.03836396335775945,-0.07763868596249975,0.15806926891274492,False,0.8608625623325205,0.9390466520565023,False
power,epistemic,nonlinear,-2.6,0.6,22,logit-frac,-0.02426548882052339,-0.13842323326988398,0.0907218061946206,False,0.5432860845008725,0.9248284031216125,False
power,epistemic,nonlinear,-2.6,0.6,23,Comp_prob,0.07648274152986348,-0.03453036657936684,0.1843747049745717,False,0.28505196682058087,0.6754329795368241,False
power,epistemic,nonlinear,-2.6,0.6,23,NRC,-0.004973564695074108,-0.12183211934429468,0.11817330740981842,False,0.10318359232029714,0.620759387601181,False
power,epistemic,nonlinear,-2.6,0.6,23,decileZ(Comp),0.07250382317186209,-0.037685359005954745,0.18001213210001038,False,0.1593192792250101,0.620759387601181,False
power,epistemic,nonlinear,-2.6,0.6,23,decileZ(NRC),0.06458555234624144,-0.04188278418958693,0.17767036083733337,False,0.11092298386069827,0.620759387601181,False
power,epistemic,nonlinear,-2.6,0.6,23,logit-frac,-0.017413287090923744,-0.1178197548209386,0.08561186187618407,False,0.09428997421553643,0.620759387601181,False
power,epistemic,nonlinear,-2.6,0.6,24,Comp_prob,0.08422444752457554,-0.02378271000351635,0.2018324507541599,False,0.36514956144563204,0.9037926213563262,False
power,epistemic,nonlinear,-2.6,0.6,24,NRC,0.06258096201102865,-0.0370935553730637,0.16944218000046843,False,0.0022677991552918445,0.07483737212463087,False
power,epistemic,nonlinear,-2.6,0.6,24,decileZ(Comp),0.08410159331238722,-0.02407906756075776,0.19632502616511735,False,0.7368898534996443,0.9820392847695097,False
power,epistemic,nonlinear,-2.6,0.6,24,decileZ(NRC),0.05377329622421542,-0.05714056285953688,0.1631887797080025,False,0.050640121618943136,0.6684496053700494,False
power,epistemic,nonlinear,-2.6,0.6,24,logit-frac,0.07182583926944258,-0.04064486357922591,0.18658804893048422,False,0.0004211952833066083,0.027798888698236147,False
power,epistemic,nonlinear,-2.6,0.8,0,Comp_prob,0.1841039588574404,0.07730225813624297,0.29788862532549587,True,0.029112788819651753,0.24018050776212696,False
power,epistemic,nonlinear,-2.6,0.8,0,NRC,0.13077489350045485,0.01033274354018848,0.25909824525448183,True,7.46042284838035e-05,0.001641293026643677,True
power,epistemic,nonlinear,-2.6,0.8,0,decileZ(Comp),0.09721077778881745,-0.006036806516552581,0.20849652642024202,False,0.22818054749489403,0.8495687055101366,False
power,epistemic,nonlinear,-2.6,0.8,0,decileZ(NRC),0.27022981889664754,0.15744403528585496,0.38540158134274527,True,1.2100874029327668e-06,7.986576859356261e-05,True
power,epistemic,nonlinear,-2.6,0.8,0,logit-frac,0.14892919460998869,0.029438030009106043,0.2790186270192424,True,8.089664134144807e-06,0.0002669589164267786,True
power,epistemic,nonlinear,-2.6,0.8,1,Comp_prob,0.0855786057669929,-0.028790793501811508,0.19586227701571557,False,0.453828068546303,0.907656137092606,False
power,epistemic,nonlinear,-2.6,0.8,1,NRC,0.0220457050722163,-0.11266841128747179,0.14035896682373866,False,0.04943368021172226,0.7517703555147938,False
power,epistemic,nonlinear,-2.6,0.8,1,decileZ(Comp),0.08304913167552087,-0.024450735106046135,0.19665782100300216,False,0.5118461511392822,0.9383846104220174,False
power,epistemic,nonlinear,-2.6,0.8,1,decileZ(NRC),0.03740693559655357,-0.07052685638063133,0.14141434894935068,False,0.10723371281510752,0.7517703555147938,False
power,epistemic,nonlinear,-2.6,0.8,1,logit-frac,0.0001133129958430874,-0.12495880906432213,0.13098818649466565,False,0.04197547696210645,0.7517703555147938,False
power,epistemic,nonlinear,-2.6,0.8,2,Comp_prob,0.03908086179207013,-0.07444261430333059,0.14115040589420155,False,0.7312248637362349,0.992633898820878,False
power,epistemic,nonlinear,-2.6,0.8,2,NRC,0.04812175900324492,-0.06128399024618805,0.1693245166775133,False,0.012923935182567061,0.2843265740164754,False
power,epistemic,nonlinear,-2.6,0.8,2,decileZ(Comp),0.020747690149853705,-0.08679006644751237,0.12310556641456562,False,0.893416415446987,0.992633898820878,False
power,epistemic,nonlinear,-2.6,0.8,2,decileZ(NRC),0.14805673407152178,0.047625047269973624,0.252353451458385,True,0.009893723158270607,0.2843265740164754,False
power,epistemic,nonlinear,-2.6,0.8,2,logit-frac,0.06626640174805459,-0.05830263746593172,0.20354958657256106,False,0.007258762985741123,0.2843265740164754,False
power,epistemic,nonlinear,-2.6,0.8,3,Comp_prob,0.18481302611862696,0.06668754056319963,0.29905501137072305,True,0.09526056074264044,0.7858996261267837,False
power,epistemic,nonlinear,-2.6,0.8,3,NRC,-0.08580146074006044,-0.21433105554781326,0.049516518950074105,False,0.10750141000255897,0.7883436733520992,False
power,epistemic,nonlinear,-2.6,0.8,3,decileZ(Comp),0.1422123542652765,0.022668660298469392,0.26367325008533093,True,0.13910412537118408,0.8803385044657308,False
power,epistemic,nonlinear,-2.6,0.8,3,decileZ(NRC),0.05806641507800471,-0.058760308271887066,0.17271008361061788,False,0.0526058070535212,0.7375311520549557,False
power,epistemic,nonlinear,-2.6,0.8,3,logit-frac,-0.025192000478085723,-0.12601420082654755,0.06236477069518181,False,0.027858934608513335,0.7375311520549557,False
power,epistemic,nonlinear,-2.6,0.8,4,Comp_prob,0.1057461648621713,-0.015166758331937535,0.22247243406445094,False,0.519437376793492,0.9452336070148752,False
power,epistemic,nonlinear,-2.6,0.8,4,NRC,0.023897288408681314,-0.08768751913024453,0.13384391547010244,False,0.0022867739223597357,0.07546353943787128,False
power,epistemic,nonlinear,-2.6,0.8,4,decileZ(Comp),0.10671970975522062,0.0012229042686784266,0.22538403111123487,True,0.10999158320230269,0.8832968032589271,False
power,epistemic,nonlinear,-2.6,0.8,4,decileZ(NRC),0.07340309820489246,-0.03222535665005911,0.18077680089003953,False,0.019073789252947237,0.3147175226736294,False
power,epistemic,nonlinear,-2.6,0.8,4,logit-frac,0.055159776357240606,-0.06806427906782352,0.17622690132565405,False,0.0009821538841087417,0.06482215635117695,False
power,epistemic,nonlinear,-2.6,0.8,5,Comp_prob,0.014781615312040442,-0.09033522893296682,0.12215400235307779,False,0.42654398271782445,0.8411752909555709,False
power,epistemic,nonlinear,-2.6,0.8,5,NRC,0.002372467308716626,-0.1465843631389895,0.12434278863634804,False,0.015127236584139241,0.2887841830195129,False
power,epistemic,nonlinear,-2.6,0.8,5,decileZ(Comp),0.01620761269188058,-0.09015801495122071,0.1268319784103976,False,0.8169630470970566,0.9726231600470098,False
power,epistemic,nonlinear,-2.6,0.8,5,decileZ(NRC),0.11288494750529383,0.00855077039835375,0.21947994514639815,True,0.08131111596877644,0.6477570810314974,False
power,epistemic,nonlinear,-2.6,0.8,5,logit-frac,-0.0013960434765354645,-0.12414809453238554,0.11712389226470189,False,0.019673497102726267,0.2887841830195129,False
power,epistemic,nonlinear,-2.6,0.8,6,Comp_prob,0.1267075570167879,0.011389086955969921,0.23820117695880821,True,0.09433141016556601,0.6921864911164302,False
power,epistemic,nonlinear,-2.6,0.8,6,NRC,0.05710193364314763,-0.07312569857473339,0.18946126241185599,False,0.01286702409755065,0.3474020102226587,False
power,epistemic,nonlinear,-2.6,0.8,6,decileZ(Comp),0.12949865803179977,0.005564265409634535,0.24671739393381684,True,0.09806022775656205,0.6921864911164302,False
power,epistemic,nonlinear,-2.6,0.8,6,decileZ(NRC),0.1095190078397952,-0.0013270988990875406,0.21954133000492496,False,0.029649827349542565,0.48922215126745233,False
power,epistemic,nonlinear,-2.6,0.8,6,logit-frac,0.048203762570120996,-0.06783784693397243,0.15746798313961316,False,0.006680610001444369,0.3474020102226587,False
power,epistemic,nonlinear,-2.6,0.8,7,Comp_prob,0.01875611790732554,-0.09020738416754553,0.12019342679307972,False,0.6587831916586947,0.8575531510164857,False
power,epistemic,nonlinear,-2.6,0.8,7,NRC,0.09241928740507367,-0.001515480305836714,0.18939639926806479,False,4.308338026805612e-05,0.0026958319930212504,False
power,epistemic,nonlinear,-2.6,0.8,7,decileZ(Comp),-0.03355352404536679,-0.14584623646812603,0.07436966770842841,False,0.6561766868344678,0.8575531510164857,False
power,epistemic,nonlinear,-2.6,0.8,7,decileZ(NRC),0.20425903680568802,0.10696904006617462,0.31508351475993285,True,8.169187857640153e-05,0.0026958319930212504,True
power,epistemic,nonlinear,-2.6,0.8,7,logit-frac,0.10663224258638787,0.009242519174350443,0.2272428804926512,True,0.0003824787559498933,0.008414532630897652,True
power,epistemic,nonlinear,-2.6,0.8,8,Comp_prob,0.09720704022349179,-0.009310584834099554,0.20623966796121948,False,0.49813043779865285,0.9080583232410078,False
power,epistemic,nonlinear,-2.6,0.8,8,NRC,0.05296599791954718,-0.04129750013039282,0.17592050860912148,False,0.001467256483289682,0.032279642632373005,False
power,epistemic,nonlinear,-2.6,0.8,8,decileZ(Comp),0.04031279279075464,-0.06710924288659767,0.14420383547935406,False,0.9257134684515638,0.9798880372919886,False
power,epistemic,nonlinear,-2.6,0.8,8,decileZ(NRC),0.16671919291309584,0.05717004619708534,0.28006519813385516,True,0.00032416423708142686,0.021394839647374174,True
power,epistemic,nonlinear,-2.6,0.8,8,logit-frac,0.0762991005850947,-0.03245583993687938,0.19794913373162856,False,0.000698150460089295,0.023038965182946736,False
power,epistemic,nonlinear,-2.6,0.8,9,Comp_prob,0.05983932761695871,-0.06404613444321845,0.18161508184553232,False,0.8600639508386778,0.9796442860474758,False
power,epistemic,nonlinear,-2.6,0.8,9,NRC,0.05738942819308515,-0.05811513670547997,0.193592751900247,False,0.0007490808584962612,0.03255954622444177,False
power,epistemic,nonlinear,-2.6,0.8,9,decileZ(Comp),0.004400171898353117,-0.1266261940521265,0.12814627495580938,False,0.8828933431529637,0.9796442860474758,False
power,epistemic,nonlinear,-2.6,0.8,9,decileZ(NRC),0.13199036112349816,0.016236691776394304,0.25747467264283547,True,0.0021543260146651526,0.04739517232263336,True
power,epistemic,nonlinear,-2.6,0.8,9,logit-frac,0.012821393511262246,-0.09911849731881325,0.10538855967718752,False,0.000986652915892175,0.03255954622444177,False
power,epistemic,nonlinear,-2.6,0.8,10,Comp_prob,0.09791532543396946,-0.0173569992151093,0.21139710127284353,False,0.15848495659041384,0.6038151774353834,False
power,epistemic,nonlinear,-2.6,0.8,10,NRC,-0.014210356783716072,-0.14051166773040197,0.11403047302088723,False,0.10518396335771697,0.5785024813152176,False
power,epistemic,nonlinear,-2.6,0.8,10,decileZ(Comp),0.0010028237551255263,-0.11774695585839814,0.10713356954854536,False,0.3673941321907319,0.7821939588576873,False
power,epistemic,nonlinear,-2.6,0.8,10,decileZ(NRC),0.11912496104641991,0.011741323306400955,0.22987520357550836,True,0.029567029011026792,0.5354539946693885,False
power,epistemic,nonlinear,-2.6,0.8,10,logit-frac,-0.0392817165934809,-0.15439688323142048,0.08728604632220036,False,0.13865136121889352,0.5785024813152176,False
power,epistemic,nonlinear,-2.6,0.8,11,Comp_prob,0.12521925675515055,0.017676697813732815,0.24042284206371034,True,0.11924323526336411,0.8495021173614907,False
power,epistemic,nonlinear,-2.6,0.8,11,NRC,0.14769730102842155,0.026792695742294235,0.2986230307232935,True,0.000718165830302329,0.01579964826665124,True
power,epistemic,nonlinear,-2.6,0.8,11,decileZ(Comp),0.04185974980297346,-0.0664371988549334,0.1575071065350629,False,0.31522427273358933,0.8495021173614907,False
power,epistemic,nonlinear,-2.6,0.8,11,decileZ(NRC),0.1903881034596363,0.07983166926217906,0.3139019267411307,True,8.666092080916358e-05,0.005719620773404796,True
power,epistemic,nonlinear,-2.6,0.8,11,logit-frac,0.15769901155201763,0.02648382463914847,0.3015981500052929,True,0.00036451005562672205,0.012028831835681828,True
power,epistemic,nonlinear,-2.6,0.8,12,Comp_prob,0.02223958615989897,-0.09290860329336602,0.13413380660710109,False,0.7934343824468704,0.9801319378105652,False
power,epistemic,nonlinear,-2.6,0.8,12,NRC,0.08949222314142571,0.012966799355038727,0.18438601567276022,True,0.003751626070001391,0.0825357735400306,False
power,epistemic,nonlinear,-2.6,0.8,12,decileZ(Comp),0.0033979607253745645,-0.11356967652915119,0.11462039961096496,False,0.8443354798137073,0.9801319378105652,False
power,epistemic,nonlinear,-2.6,0.8,12,decileZ(NRC),0.13933298377831763,0.03227127521565504,0.25393938275226524,True,0.00983587618799689,0.13209729045000668,False
power,epistemic,nonlinear,-2.6,0.8,12,logit-frac,0.05314618231524954,-0.02882713849764799,0.1394598576333967,False,0.0017679370880159361,0.058341923904525896,False
power,epistemic,nonlinear,-2.6,0.8,13,Comp_prob,0.06362604905378914,-0.04363538509816594,0.17415323679256967,False,0.36514956144563204,0.7583497590494465,False
power,epistemic,nonlinear,-2.6,0.8,13,NRC,-0.0026243183953882196,-0.11729179891530794,0.10901989762288498,False,0.0018566623268605007,0.04946839296942176,False
power,epistemic,nonlinear,-2.6,0.8,13,decileZ(Comp),-0.0004878333466976333,-0.1081991817867019,0.10909149918048719,False,0.5698916021880199,0.9888953056855301,False
power,epistemic,nonlinear,-2.6,0.8,13,decileZ(NRC),0.13072396670519337,0.024652923690795078,0.23983839960960968,True,0.00087566797351813,0.04946839296942176,True
power,epistemic,nonlinear,-2.6,0.8,13,logit-frac,0.007822688534460349,-0.12014409656427648,0.12769108223185394,False,0.002248563316791898,0.04946839296942176,False
power,epistemic,nonlinear,-2.6,0.8,14,Comp_prob,0.1251597815932098,0.018214433734582036,0.24300499238564108,True,0.2135283805903737,0.6127336138680289,False
power,epistemic,nonlinear,-2.6,0.8,14,NRC,0.0491763781625394,-0.08552119852551826,0.15994011263578187,False,0.0012340299109843732,0.027148658041656212,False
power,epistemic,nonlinear,-2.6,0.8,14,decileZ(Comp),0.03401943939040851,-0.0797691192547066,0.14079897036504532,False,0.7573050826840868,0.9018555593191472,False
power,epistemic,nonlinear,-2.6,0.8,14,decileZ(NRC),0.2168725002457681,0.10028500892240136,0.3298888283098958,True,0.00022282681998181153,0.014706570118799561,True
power,epistemic,nonlinear,-2.6,0.8,14,logit-frac,0.10190668053093264,-0.004790868159747761,0.21755653538143002,False,0.0005347306999931988,0.01764611309977556,False
power,epistemic,nonlinear,-2.6,0.8,15,Comp_prob,0.13347669561750877,0.023824201444921173,0.2474921992841681,True,0.11069057337813099,0.5931210985546274,False
power,epistemic,nonlinear,-2.6,0.8,15,NRC,0.10272713953851528,-0.01528585297790021,0.2279877734179768,False,0.0001996860478992108,0.013179279161347913,False
power,epistemic,nonlinear,-2.6,0.8,15,decileZ(Comp),0.13904040018886896,0.031039141215002872,0.2553041376945001,True,0.038299419307966376,0.4214063183579886,False
power,epistemic,nonlinear,-2.6,0.8,15,decileZ(NRC),0.14725496003316982,0.03379830700432838,0.24822374610446327,True,0.0017911931966269573,0.039406250325793056,True
power,epistemic,nonlinear,-2.6,0.8,15,logit-frac,0.1106245879649105,0.012366295300564194,0.23662160347474268,True,0.00046488566107767503,0.015341226815563276,True
power,epistemic,nonlinear,-2.6,0.8,16,Comp_prob,0.1434638934029574,0.03718954888766108,0.2583322596116681,True,0.0653055979971925,0.7183615779691176,False
power,epistemic,nonlinear,-2.6,0.8,16,NRC,0.008455142850729961,-0.1054665424758084,0.10573072929000311,False,0.013674347111701077,0.2330858570304164,False
power,epistemic,nonlinear,-2.6,0.8,16,decileZ(Comp),0.0841253108137486,-0.018003915910615394,0.1975715769311669,False,0.552571831855077,0.9260868169968379,False
power,epistemic,nonlinear,-2.6,0.8,16,decileZ(NRC),0.2107647389116823,0.09606566793128268,0.31573714155107246,True,0.00016114457695602788,0.01063554207909784,True
power,epistemic,nonlinear,-2.6,0.8,16,logit-frac,-0.0442796291120021,-0.1651603079380616,0.057942696347889316,False,0.014126415577600995,0.2330858570304164,False
power,epistemic,nonlinear,-2.6,0.8,17,Comp_prob,0.10333497293607996,-0.00834037966379433,0.21358602356739156,False,0.12407314737864245,0.672923656008484,False
power,epistemic,nonlinear,-2.6,0.8,17,NRC,0.09939622224623888,-0.021527169950371086,0.2506056828927963,False,0.03885837372973867,0.5129305332325504,False
power,epistemic,nonlinear,-2.6,0.8,17,decileZ(Comp),0.09689877714303177,-0.01020589261483677,0.20710771836741887,False,0.03129676382504005,0.5129305332325504,False
power,epistemic,nonlinear,-2.6,0.8,17,decileZ(NRC),0.11767196337811404,0.006651430856876509,0.23380721120829803,True,0.0850758923100845,0.672923656008484,False
power,epistemic,nonlinear,-2.6,0.8,17,logit-frac,0.07543443862267331,-0.03312936657961204,0.19693388220933927,False,0.02103293730265937,0.4627246206585062,False
power,epistemic,nonlinear,-2.6,0.8,18,Comp_prob,0.011067289648556888,-0.09574698151824766,0.1231549142852425,False,0.7927095618162836,0.8934538155605091,False
power,epistemic,nonlinear,-2.6,0.8,18,NRC,-0.062241606622421,-0.19950688667584685,0.05434355162059765,False,0.03549933463791041,0.507714444236117,False
power,epistemic,nonlinear,-2.6,0.8,18,decileZ(Comp),0.00011495880789980789,-0.10282877301194315,0.1110153037337191,False,0.6660578389442309,0.8812800565117652,False
power,epistemic,nonlinear,-2.6,0.8,18,decileZ(NRC),0.05814234150637984,-0.04976225489218708,0.16638201381424833,False,0.062347517817340575,0.5526559076683867,False
power,epistemic,nonlinear,-2.6,0.8,18,logit-frac,-0.024412013751606242,-0.14190797468919117,0.08044191724487075,False,0.04332838233565497,0.507714444236117,False
power,epistemic,nonlinear,-2.6,0.8,19,Comp_prob,0.061489700027677056,-0.059946272839755774,0.16382383069357048,False,0.4138056427521508,0.9190363665258499,False
power,epistemic,nonlinear,-2.6,0.8,19,NRC,-0.044687392805062974,-0.16268113754374147,0.061769801524535276,False,0.07161316981879062,0.6994460846011772,False
power,epistemic,nonlinear,-2.6,0.8,19,decileZ(Comp),0.05404649647993959,-0.06698318528572828,0.159644769502334,False,0.4807038050840372,0.9190363665258499,False
power,epistemic,nonlinear,-2.6,0.8,19,decileZ(NRC),0.0611411171009265,-0.042893295114622663,0.17873816869091286,False,0.11841601884366147,0.7270958880335987,False
power,epistemic,nonlinear,-2.6,0.8,19,logit-frac,-0.02102034360384689,-0.14265545159392,0.0875883071794659,False,0.017959841369347387,0.5926747651884637,False
power,epistemic,nonlinear,-2.6,0.8,20,Comp_prob,-0.0029030038196945643,-0.10939889941228727,0.09611842310673854,False,0.6412992527712672,0.9555283045787217,False
power,epistemic,nonlinear,-2.6,0.8,20,NRC,0.08849854683519696,-0.01543880794433957,0.19809213298100728,False,0.0008101131768563363,0.031637617941455386,False
power,epistemic,nonlinear,-2.6,0.8,20,decileZ(Comp),-0.0467136280581576,-0.148962011877235,0.061016327461236745,False,0.13305295048013624,0.8489302107432704,False
power,epistemic,nonlinear,-2.6,0.8,20,decileZ(NRC),0.14923079724432983,0.043880002508289224,0.254761163690278,True,0.0009587156951956177,0.031637617941455386,True
power,epistemic,nonlinear,-2.6,0.8,20,logit-frac,0.07349732745103658,-0.021557506654508608,0.1786834889281397,False,0.0014619128912478302,0.03216208360745226,False
power,epistemic,nonlinear,-2.6,0.8,21,Comp_prob,0.024395801315591117,-0.08970577343034822,0.1343879057717983,False,0.6075867729399469,0.9465138205546185,False
power,epistemic,nonlinear,-2.6,0.8,21,NRC,0.11638478648059472,0.0007495638740469419,0.2489642559973659,True,8.435386955000121e-05,0.00556735539030008,True
power,epistemic,nonlinear,-2.6,0.8,21,decileZ(Comp),-0.05232389534645825,-0.16801876065018392,0.05563204612413194,False,0.6247883959733489,0.9465138205546185,False
power,epistemic,nonlinear,-2.6,0.8,21,decileZ(NRC),0.1818663272194882,0.0663624490047715,0.30444771524375985,True,0.00037687414338630963,0.008291231154498811,True
power,epistemic,nonlinear,-2.6,0.8,21,logit-frac,0.08459733559395333,-0.014618362837757365,0.20850551604792103,False,0.00021991906775429459,0.007257329235891721,False
power,epistemic,nonlinear,-2.6,0.8,22,Comp_prob,0.006758618732273342,-0.09311955027907347,0.11833136493672627,False,0.7702120683728788,0.9703888956771219,False
power,epistemic,nonlinear,-2.6,0.8,22,NRC,-0.018425285308595062,-0.13247722452228083,0.09167919564992963,False,0.34087388151333253,0.8521476539294084,False
power,epistemic,nonlinear,-2.6,0.8,22,decileZ(Comp),-0.03796100519202379,-0.14712824907233438,0.07649920287673172,False,0.669821196356372,0.9703888956771219,False
power,epistemic,nonlinear,-2.6,0.8,22,decileZ(NRC),0.09600940231365387,-0.01814745854972856,0.21353170854993533,False,0.09213122749074146,0.8355974006643128,False
power,epistemic,nonlinear,-2.6,0.8,22,logit-frac,-0.02655605475935284,-0.14667079982844097,0.084352600221084,False,0.3890345079861133,0.8521476539294084,False
power,epistemic,nonlinear,-2.6,0.8,23,Comp_prob,0.07615884566563298,-0.03042608865499612,0.18912505170688745,False,0.1506341117905689,0.9038046707434134,False
power,epistemic,nonlinear,-2.6,0.8,23,NRC,0.07837061617944423,-0.03507724691652149,0.20802731717117884,False,0.0011611594650815433,0.031549027961685974,False
power,epistemic,nonlinear,-2.6,0.8,23,decileZ(Comp),0.06312477095938372,-0.04098162495377226,0.17725672345450658,False,0.3801900497689754,0.9234175037519206,False
power,epistemic,nonlinear,-2.6,0.8,23,decileZ(NRC),0.16571466357411418,0.05734194701708285,0.27515685860921163,True,0.0007088252162978887,0.031549027961685974,True
power,epistemic,nonlinear,-2.6,0.8,23,logit-frac,0.03520435067542455,-0.06474874516805865,0.13791596439865075,False,0.0014340467255311807,0.031549027961685974,False
power,epistemic,nonlinear,-2.6,0.8,24,Comp_prob,0.08581080348489599,-0.025170135567165023,0.20785143113057994,False,0.5611993880697537,0.8818847526810414,False
power,epistemic,nonlinear,-2.6,0.8,24,NRC,0.07898771488489839,-0.012890842481815774,0.17418665263077943,False,3.2671770108332274e-05,0.001078168413574965,False
power,epistemic,nonlinear,-2.6,0.8,24,decileZ(Comp),0.04836109856611605,-0.058953873785779556,0.16662957427428662,False,0.7991182716569826,0.9518916981497342,False
power,epistemic,nonlinear,-2.6,0.8,24,decileZ(NRC),0.1345445019185642,0.032145049871598184,0.24144964588850676,True,0.0021517785067814927,0.04733912714919284,True
power,epistemic,nonlinear,-2.6,0.8,24,logit-frac,0.11171012862082709,0.0048203818045251595,0.22182262950057346,True,4.041975362287473e-06,0.0002667703739109732,True
power,epistemic,nonlinear,-2.6,1.0,0,Comp_prob,0.16710651936652562,0.0618403179866712,0.2719509236683842,True,0.0482739349099069,0.6082114295849459,False
power,epistemic,nonlinear,-2.6,1.0,0,NRC,0.1440643977605312,0.02233432134565078,0.27061105909797295,True,1.8872993231248513e-06,4.1520585108746734e-05,True
power,epistemic,nonlinear,-2.6,1.0,0,decileZ(Comp),0.036163692992750754,-0.07308491836376366,0.13797901186100817,False,0.43599212332860837,0.9591826713229384,False
power,epistemic,nonlinear,-2.6,1.0,0,decileZ(NRC),0.3270982856018658,0.21217076657179978,0.44806591974910365,True,3.3703278948168826e-09,2.2244164105791426e-07,True
power,epistemic,nonlinear,-2.6,1.0,0,logit-frac,0.10887243067517105,0.009031281672693023,0.21932689218832632,True,1.579232625371274e-06,4.1520585108746734e-05,True
power,epistemic,nonlinear,-2.6,1.0,1,Comp_prob,0.12675366355530318,0.014903541854539418,0.2330078518704744,True,0.06551172155956601,0.3603144685776131,False
power,epistemic,nonlinear,-2.6,1.0,1,NRC,0.06800394916902391,-0.05613711985718326,0.1820108218052646,False,0.0026727711295821267,0.08820144727621018,False
power,epistemic,nonlinear,-2.6,1.0,1,decileZ(Comp),0.08712086982230517,-0.018889236354575303,0.19044486235667368,False,0.3957796773904789,0.7928625358844192,False
power,epistemic,nonlinear,-2.6,1.0,1,decileZ(NRC),0.14833701081332734,0.033368036957759174,0.2539825687256038,True,0.0006306888244095353,0.04162546241102933,True
power,epistemic,nonlinear,-2.6,1.0,1,logit-frac,0.007509827726698631,-0.11546392685282446,0.15013173401455956,False,0.00549486231835508,0.12088697100381175,False
power,epistemic,nonlinear,-2.6,1.0,2,Comp_prob,0.06253521995693759,-0.04160537610825014,0.1713044954973144,False,0.18817207787006318,0.6126997212794086,False
power,epistemic,nonlinear,-2.6,1.0,2,NRC,0.04060739503954961,-0.04514363064684072,0.14098129473544152,False,0.004342556097708905,0.14330435122439386,False
power,epistemic,nonlinear,-2.6,1.0,2,decileZ(Comp),0.027507431322971336,-0.0783492223602585,0.13439794598468308,False,0.5753299254014047,0.8914278906132062,False
power,epistemic,nonlinear,-2.6,1.0,2,decileZ(NRC),0.12536445776883293,0.029322099913690475,0.2306023633615384,True,0.009319083553267072,0.20501983817187555,False
power,epistemic,nonlinear,-2.6,1.0,2,logit-frac,0.014280918904605377,-0.09237336107813685,0.11432753738482639,False,0.00322963770560093,0.14330435122439386,False
power,epistemic,nonlinear,-2.6,1.0,3,Comp_prob,0.2162163236022611,0.10729330298274896,0.3311468818243607,True,0.015614810265817266,0.2061154955087879,False
power,epistemic,nonlinear,-2.6,1.0,3,NRC,0.009989269824015592,-0.09334920400421876,0.10206661737252182,False,0.00510557489674461,0.09291294479639906,False
power,epistemic,nonlinear,-2.6,1.0,3,decileZ(Comp),0.16032427829464468,0.0509169183006954,0.2688760992486886,True,0.035577539685866064,0.3354453741810229,False
power,epistemic,nonlinear,-2.6,1.0,3,decileZ(NRC),0.16314109785457065,0.04755260797515563,0.2727432164576585,True,0.0003724752663028006,0.013501374408951845,True
power,epistemic,nonlinear,-2.6,1.0,3,logit-frac,0.04270792463757547,-0.02974857202849684,0.12791505868217354,False,0.0004091325578470256,0.013501374408951845,False
power,epistemic,nonlinear,-2.6,1.0,4,Comp_prob,0.10907857379585961,-0.006981220904118872,0.21974661968253598,False,0.2191762984301493,0.8063027757170602,False
power,epistemic,nonlinear,-2.6,1.0,4,NRC,0.024487644970808922,-0.0639618864756982,0.11583919153414811,False,0.0002179055664473151,0.007190883692761398,False
power,epistemic,nonlinear,-2.6,1.0,4,decileZ(Comp),0.06513565056796233,-0.04382001601332572,0.1762721578933764,False,0.20906352356852653,0.8063027757170602,False
power,epistemic,nonlinear,-2.6,1.0,4,decileZ(NRC),0.13118132804993254,0.02460593841069574,0.23669925512561563,True,0.00021666300500018754,0.007190883692761398,True
power,epistemic,nonlinear,-2.6,1.0,4,logit-frac,0.058466843070800675,-0.05366563091770875,0.16172383015222289,False,0.00036814218749242676,0.008099128124833389,False
power,epistemic,nonlinear,-2.6,1.0,5,Comp_prob,0.06734372841501732,-0.02903888843305298,0.17425378069964576,False,0.38172328652522824,0.9105758846705787,False
power,epistemic,nonlinear,-2.6,1.0,5,NRC,0.087691316106504,-0.012089279051433467,0.19518351272140994,False,5.626428594878827e-06,0.0001856721436310013,False
power,epistemic,nonlinear,-2.6,1.0,5,decileZ(Comp),0.04150339527277022,-0.05504081094817617,0.14349023957705903,False,0.9355535997901046,0.9556782117963469,False
power,epistemic,nonlinear,-2.6,1.0,5,decileZ(NRC),0.21198326386526023,0.11118607793857815,0.32081135155481416,True,0.00027576331067388185,0.004550094626119051,True
power,epistemic,nonlinear,-2.6,1.0,5,logit-frac,0.0983300201874468,-0.015880659257006977,0.2258839449004922,False,2.8056500846601752e-06,0.00018517290558757156,False
power,epistemic,nonlinear,-2.6,1.0,6,Comp_prob,0.13954586114166032,0.026296149238209797,0.24962419118758403,True,0.25630465801921454,0.691700893823935,False
power,epistemic,nonlinear,-2.6,1.0,6,NRC,0.07946729020613791,-0.04671391723039175,0.21198483390186634,False,0.00027978973567663383,0.009233061277328916,False
power,epistemic,nonlinear,-2.6,1.0,6,decileZ(Comp),0.13392534910380774,0.021928527023117338,0.2549540847314402,True,0.3168125665221466,0.7267169796557865,False
power,epistemic,nonlinear,-2.6,1.0,6,decileZ(NRC),0.11437083808036179,-0.005343611247827958,0.23443381620440915,False,0.0025100417017379704,0.055220917438235345,False
power,epistemic,nonlinear,-2.6,1.0,6,logit-frac,0.0458365003299588,-0.06023944838664005,0.146023016576893,False,0.00011605865023017312,0.007659870915191426,False
power,epistemic,nonlinear,-2.6,1.0,7,Comp_prob,0.02296255948438184,-0.08631828393973517,0.12648141379648228,False,0.7231071225554524,0.8305799346876379,False
power,epistemic,nonlinear,-2.6,1.0,7,NRC,0.07990745463902948,-0.011932562306808668,0.18388518595042333,False,0.0005669132576314042,0.01870813750183634,False
power,epistemic,nonlinear,-2.6,1.0,7,decileZ(Comp),-0.010141138043661995,-0.1291608761198705,0.09912612009626734,False,0.757662716404605,0.8334289880450656,False
power,epistemic,nonlinear,-2.6,1.0,7,decileZ(NRC),0.17510865946563905,0.06343987917762671,0.2912274802349753,True,0.003371211788769373,0.0741666593529262,False
power,epistemic,nonlinear,-2.6,1.0,7,logit-frac,0.10855843056396021,0.004369357369341728,0.20844274924575915,True,0.0005428828858596263,0.01870813750183634,True
power,epistemic,nonlinear,-2.6,1.0,8,Comp_prob,0.15153199390668629,0.038111384542873245,0.26653784794039703,True,0.1957504788594684,0.8613021069816609,False
power,epistemic,nonlinear,-2.6,1.0,8,NRC,0.10417020579274913,-0.016123038081188767,0.24898689622306533,False,8.675878133497331e-05,0.0019086931893694129,False
power,epistemic,nonlinear,-2.6,1.0,8,decileZ(Comp),0.05670650460090666,-0.052676578972525444,0.17556089924354223,False,0.607038947747682,0.957787928719125,False
power,epistemic,nonlinear,-2.6,1.0,8,decileZ(NRC),0.2693826070191847,0.1573585689985407,0.38197478057326656,True,2.8561610380214094e-06,0.000188506628509413,True
power,epistemic,nonlinear,-2.6,1.0,8,logit-frac,0.03166055864686692,-0.09750436835875718,0.15113659835735033,False,7.033887788289241e-05,0.0019086931893694129,False
power,epistemic,nonlinear,-2.6,1.0,9,Comp_prob,0.07023388068983252,-0.045764336284500995,0.18357228004736995,False,0.8593253862907577,0.9896197078475545,False
power,epistemic,nonlinear,-2.6,1.0,9,NRC,0.03526879828004053,-0.08225945760031093,0.17024344153939402,False,0.0016544818100463505,0.03639859982101971,False
power,epistemic,nonlinear,-2.6,1.0,9,decileZ(Comp),-0.0061863685117856705,-0.1348635576039895,0.1065482521218869,False,0.6135172812854568,0.9896197078475545,False
power,epistemic,nonlinear,-2.6,1.0,9,decileZ(NRC),0.16399384520122232,0.0487777797113661,0.2789995185371388,True,0.0002528839337793374,0.01669033962943627,True
power,epistemic,nonlinear,-2.6,1.0,9,logit-frac,0.053987727828665934,-0.03609574821949955,0.1491603581522869,False,0.0005440857402267074,0.017954829427481344,False
power,epistemic,nonlinear,-2.6,1.0,10,Comp_prob,0.2053268421689847,0.0823800662338233,0.31586495043868307,True,0.002083996629930827,0.027508755515086913,True
power,epistemic,nonlinear,-2.6,1.0,10,NRC,0.04857812016205601,-0.08349237888826712,0.18342997981334971,False,8.107127854098169e-06,0.00024336738408300038,False
power,epistemic,nonlinear,-2.6,1.0,10,decileZ(Comp),0.08450292268807578,-0.034383270582137554,0.19772250831637933,False,0.011462511369104676,0.12608762506015145,False
power,epistemic,nonlinear,-2.6,1.0,10,decileZ(NRC),0.21884611313273203,0.10281648637695398,0.3417608836029765,True,1.115149918487609e-06,7.35998946201822e-05,True
power,epistemic,nonlinear,-2.6,1.0,10,logit-frac,0.04998942485668161,-0.04705701485499422,0.180898427513569,False,1.1062153821954562e-05,0.00024336738408300038,False
power,epistemic,nonlinear,-2.6,1.0,11,Comp_prob,0.11771039691947541,0.0050093532373693345,0.22968337893335608,True,0.2559109957359269,0.8394751630725006,False
power,epistemic,nonlinear,-2.6,1.0,11,NRC,0.08775835022921151,-0.028564873997766055,0.2265732602736683,False,0.10986403448255165,0.7314262960443544,False
power,epistemic,nonlinear,-2.6,1.0,11,decileZ(Comp),0.06251946545307994,-0.05508922362316748,0.17247790425319562,False,0.4255420624915317,0.8561057596746231,False
power,epistemic,nonlinear,-2.6,1.0,11,decileZ(NRC),0.12226408549841594,-0.0011143352498226866,0.24695946466486823,False,0.014464695940276296,0.47733496602911774,False
power,epistemic,nonlinear,-2.6,1.0,11,logit-frac,0.024581302447312877,-0.0979210411734126,0.1561552135564334,False,0.08083378226563118,0.7314262960443544,False
power,epistemic,nonlinear,-2.6,1.0,12,Comp_prob,0.10836839610088615,-0.007489298100499543,0.2224173353961417,False,0.24372521569269134,0.8001633045132395,False
power,epistemic,nonlinear,-2.6,1.0,12,NRC,0.06062952730905287,-0.02847955648034529,0.16601315811422285,False,0.001042932109840953,0.03441675962475145,False
power,epistemic,nonlinear,-2.6,1.0,12,decileZ(Comp),0.0901965338904512,-0.024891710273089496,0.20010174976727108,False,0.6213534039260536,0.8387176761651466,False
power,epistemic,nonlinear,-2.6,1.0,12,decileZ(NRC),0.112107574785749,0.0012732762493000138,0.22677713220320816,True,0.007354317469694282,0.1617949843332742,False
power,epistemic,nonlinear,-2.6,1.0,12,logit-frac,-0.023330083765337045,-0.14136753723604648,0.08250533850661233,False,0.0004901804417501045,0.0323519091555069,False
power,epistemic,nonlinear,-2.6,1.0,13,Comp_prob,0.1497025038319076,0.03389767808183066,0.2602380246609184,True,0.0065019154740056035,0.09889584023404448,False
power,epistemic,nonlinear,-2.6,1.0,13,NRC,-0.014265856174380453,-0.14769322102927712,0.09914704843850239,False,8.329927336514778e-05,0.001832584014033251,False
power,epistemic,nonlinear,-2.6,1.0,13,decileZ(Comp),0.07420337242355518,-0.042401196932538236,0.18249028616195367,False,0.05877690440764258,0.33316755877638354,False
power,epistemic,nonlinear,-2.6,1.0,13,decileZ(NRC),0.16768477537799087,0.05133662199640882,0.27974359787871855,True,7.707204838855573e-05,0.001832584014033251,True
power,epistemic,nonlinear,-2.6,1.0,13,logit-frac,-0.00044785141470175897,-0.11709730872840465,0.10615537577359757,False,7.875785730887101e-05,0.001832584014033251,False
power,epistemic,nonlinear,-2.6,1.0,14,Comp_prob,0.16324762328804698,0.06039070370338715,0.28106813215119625,True,0.05059595942828121,0.667866664453312,False
power,epistemic,nonlinear,-2.6,1.0,14,NRC,0.06385058415435092,-0.05926413332935453,0.1862823061808651,False,0.010019307939109748,0.16531858099531085,False
power,epistemic,nonlinear,-2.6,1.0,14,decileZ(Comp),0.0879158277797989,-0.021982891747841883,0.20668699539224986,False,0.310042490411067,0.947011355164089,False
power,epistemic,nonlinear,-2.6,1.0,14,decileZ(NRC),0.17610611445585167,0.05280567292161031,0.29793590193741776,True,0.000517937300733865,0.03418386184843509,True
power,epistemic,nonlinear,-2.6,1.0,14,logit-frac,0.10483983907792692,-0.005836543573658739,0.22383689016573993,False,0.006177480608992266,0.13590457339782985,False
power,epistemic,nonlinear,-2.6,1.0,15,Comp_prob,0.01545329777030731,-0.09853599311142383,0.1261165325159395,False,0.5395465763229321,0.9756800815309458,False
power,epistemic,nonlinear,-2.6,1.0,15,NRC,0.1055917686504709,-0.022211312277510376,0.2352859899179941,False,1.1401161144099698e-05,0.0007524766355105801,False
power,epistemic,nonlinear,-2.6,1.0,15,decileZ(Comp),0.0018657218052718326,-0.11039036962896318,0.11514877677299325,False,0.828424562041258,0.9756800815309458,False
power,epistemic,nonlinear,-2.6,1.0,15,decileZ(NRC),0.16998653322579751,0.0681303724848877,0.27693175399091696,True,0.001330052530113214,0.02926115566249071,True
power,epistemic,nonlinear,-2.6,1.0,15,logit-frac,0.11428122616746755,0.014338357170691918,0.25645027256233033,True,6.597263312775626e-05,0.002177096893215957,True
power,epistemic,nonlinear,-2.6,1.0,16,Comp_prob,0.10896226093248366,-0.004630652546078687,0.22144787058200296,False,0.620025936331412,0.9450337655413149,False
power,epistemic,nonlinear,-2.6,1.0,16,NRC,0.0026689721761604447,-0.10510169429638157,0.11505439159681678,False,0.6443412037781693,0.9450337655413149,False
power,epistemic,nonlinear,-2.6,1.0,16,decileZ(Comp),0.0885983778702028,-0.01423440375863825,0.1931755682094311,False,0.9394176924137876,0.963563954425552,False
power,epistemic,nonlinear,-2.6,1.0,16,decileZ(NRC),0.08182678439178122,-0.04129837999379646,0.18683635487738579,False,0.05491244468819627,0.759758678275311,False
power,epistemic,nonlinear,-2.6,1.0,16,logit-frac,-0.059751454463799036,-0.17934044656843443,0.041105107561687705,False,0.5012609538042794,0.9450337655413149,False
power,epistemic,nonlinear,-2.6,1.0,17,Comp_prob,0.09890624934699166,-0.010921872420056645,0.20400590429203616,False,0.18796178150523335,0.43399952704604494,False
power,epistemic,nonlinear,-2.6,1.0,17,NRC,0.1301346454219308,0.0122279577389984,0.28504647239554415,True,3.961838422033716e-05,0.0013074066792711262,True
power,epistemic,nonlinear,-2.6,1.0,17,decileZ(Comp),0.08084970578542369,-0.02866110186424232,0.1916254258953735,False,0.06053839722298635,0.2298775236763766,False
power,epistemic,nonlinear,-2.6,1.0,17,decileZ(NRC),0.15501169653986616,0.03922266309267677,0.27170399150742286,True,0.0007298647790432726,0.016057025138951995,True
power,epistemic,nonlinear,-2.6,1.0,17,logit-frac,0.06321242402446547,-0.06600734830118986,0.18819974282888297,False,1.7402090732351185e-05,0.0011485379883351783,False
power,epistemic,nonlinear,-2.6,1.0,18,Comp_prob,-0.001995484618430723,-0.10936770656314286,0.11555041294387633,False,0.9482729404545538,0.9829105348849918,False
power,epistemic,nonlinear,-2.6,1.0,18,NRC,-0.02142111130734602,-0.10477874739992929,0.06219369507058424,False,0.14203521535777275,0.7818487426885024,False
power,epistemic,nonlinear,-2.6,1.0,18,decileZ(Comp),-0.011589800274751767,-0.1149987549572464,0.09875835579875662,False,0.7135003815334959,0.9829105348849918,False
power,epistemic,nonlinear,-2.6,1.0,18,decileZ(NRC),0.07259603650641702,-0.03216832744606793,0.18150591049467796,False,0.16699515602777726,0.7818487426885024,False
power,epistemic,nonlinear,-2.6,1.0,18,logit-frac,-0.014603086798180764,-0.10261572593840056,0.06428786737258174,False,0.1776928960655687,0.7818487426885024,False
power,epistemic,nonlinear,-2.6,1.0,19,Comp_prob,0.07567839861029502,-0.0348170855091905,0.18118047094236586,False,0.5726610166770405,0.892646611617354,False
power,epistemic,nonlinear,-2.6,1.0,19,NRC,-0.047055829924432066,-0.16117170499349193,0.048205379349848206,False,0.0756035040223473,0.4160673163580162,False
power,epistemic,nonlinear,-2.6,1.0,19,decileZ(Comp),0.06945092382113631,-0.04181292924044751,0.180095052825834,False,0.7481437967295563,0.9315868834379251,False
power,epistemic,nonlinear,-2.6,1.0,19,decileZ(NRC),0.06197330130675246,-0.049473556066492785,0.1689614141261745,False,0.0712086736194087,0.4160673163580162,False
power,epistemic,nonlinear,-2.6,1.0,19,logit-frac,0.013914094162496523,-0.10616944340516365,0.11878993518044,False,0.016779483122561147,0.4160673163580162,False
power,epistemic,nonlinear,-2.6,1.0,20,Comp_prob,0.06914378627471571,-0.037786599741274074,0.17533954783094036,False,0.6130771094196514,0.8796323743847173,False
power,epistemic,nonlinear,-2.6,1.0,20,NRC,0.05943275267873603,-0.05799029365106321,0.17428647774743422,False,7.376241918642822e-05,0.002191662386688685,False
power,epistemic,nonlinear,-2.6,1.0,20,decileZ(Comp),0.006045921616661933,-0.09482026690965346,0.11333165751503792,False,0.4911986361813828,0.7832562146781964,False
power,epistemic,nonlinear,-2.6,1.0,20,decileZ(NRC),0.18780020102198208,0.07779052789880941,0.3103713505070893,True,4.969454083643685e-05,0.002191662386688685,True
power,epistemic,nonlinear,-2.6,1.0,20,logit-frac,0.0801044522349667,-0.03364888300236103,0.20583766150339738,False,9.962101757675841e-05,0.002191662386688685,False
power,epistemic,nonlinear,-2.6,1.0,21,Comp_prob,0.0649853635920561,-0.04674159832344464,0.17513121385728436,False,0.614838632598407,0.9205321425393357,False
power,epistemic,nonlinear,-2.6,1.0,21,NRC,0.09235878411735467,-0.028233746961120215,0.21773395116338903,False,6.949769035865258e-06,0.00015289491878903567,False
power,epistemic,nonlinear,-2.6,1.0,21,decileZ(Comp),-0.024861225002704688,-0.1282943534588075,0.08412353622083066,False,0.5784332039855773,0.9205321425393357,False
power,epistemic,nonlinear,-2.6,1.0,21,decileZ(NRC),0.21886695671625406,0.10065109355609721,0.3438765414948215,True,3.5153712835916783e-06,0.00011600725235852538,True
power,epistemic,nonlinear,-2.6,1.0,21,logit-frac,0.08096956403792693,-0.023145758953048965,0.19221947503823278,False,2.9679957204422066e-06,0.00011600725235852538,False
power,epistemic,nonlinear,-2.6,1.0,22,Comp_prob,0.03864039097246091,-0.06749034585431984,0.1547807680180528,False,0.31514877041677347,0.8951074601613483,False
power,epistemic,nonlinear,-2.6,1.0,22,NRC,0.04469132771931053,-0.06263358179040443,0.1497441397868899,False,0.06712251735934302,0.8282168131027928,False
power,epistemic,nonlinear,-2.6,1.0,22,decileZ(Comp),-0.005427909185466727,-0.1170688440752515,0.11124974312083846,False,0.519437376793492,0.9024279811616481,False
power,epistemic,nonlinear,-2.6,1.0,22,decileZ(NRC),0.12449913298177064,0.00806043967364476,0.23373491031596766,True,0.029661638603808053,0.8282168131027928,False
power,epistemic,nonlinear,-2.6,1.0,22,logit-frac,0.06315316260178123,-0.05479153941972327,0.17970702102918257,False,0.0957521188281901,0.8282168131027928,False
power,epistemic,nonlinear,-2.6,1.0,23,Comp_prob,0.10402250496539228,-0.008124220482332795,0.21793154664554523,False,0.13390471157112946,0.6798239202841957,False
power,epistemic,nonlinear,-2.6,1.0,23,NRC,0.1095841845207301,-0.0038828633701408085,0.23354045466418036,False,2.921142617697553e-05,0.0008146906366244973,False
power,epistemic,nonlinear,-2.6,1.0,23,decileZ(Comp),0.05358053122021139,-0.054481435035183996,0.16644660695647476,False,0.36052152813934935,0.9588175238069038,False
power,epistemic,nonlinear,-2.6,1.0,23,decileZ(NRC),0.22620130282251727,0.11027564610109662,0.3398202219947669,True,1.703346063677133e-05,0.0008146906366244973,True
power,epistemic,nonlinear,-2.6,1.0,23,logit-frac,0.08580067661055703,-0.019137816540100723,0.18972488984285316,False,3.703139257384079e-05,0.0008146906366244973,False
power,epistemic,nonlinear,-2.6,1.0,24,Comp_prob,0.15055474369041916,0.04600753072912635,0.2651197477904297,True,0.14325451652576376,0.6303198727133607,False
power,epistemic,nonlinear,-2.6,1.0,24,NRC,0.060835553226212875,-0.050277925503635565,0.16896727580603824,False,1.615340450208631e-07,5.3306234856884826e-06,False
power,epistemic,nonlinear,-2.6,1.0,24,decileZ(Comp),0.09990631522275087,-0.005507150928677158,0.2151275381063121,False,0.5131578035136776,0.775404900792327,False
power,epistemic,nonlinear,-2.6,1.0,24,decileZ(NRC),0.18760416062066795,0.07229306437122081,0.30018485212160817,True,5.108809360994894e-06,0.00011239380594188767,True
power,epistemic,nonlinear,-2.6,1.0,24,logit-frac,0.08351288595128138,-0.0331992730643902,0.2100515892792827,False,5.810443958186399e-08,3.834893012403023e-06,False
